BOR;AN;FI;FI_EJ;BIO_A1;BIO_A2;BIO_A3;BIO_A4;BIO_A5;BIO_A6;BIO_A7;BIO_A8;BIO_A9;BIO_A10;BIO_A11;BIO_A12;BIO_A13;BIO_A14;BIO_A15;BIO_A16;BIO_A17;BIO_A18;BIO_B1;BIO_B2;BIO_B3;BIO_B4;BIO_A19;BIO_A20;BIO_B19;BIO_B20;BIO_B21;BIO_C19;BIO_C20;BIO_A22;BIO_A23;BIO_A24;BIO_A25;BIO_A26;BIO_A27;BIO_A28;BIO_A29;BIO_A30;BIO_B22;BIO_B23;BIO_B24;BIO_B25;BIO_B26;BIO_B27;BIO_B28;BIO_B29;BIO_B30;BIO_C22;BIO_C23;BIO_C24;BIO_C25;BIO_C26;BIO_C27;BIO_C28;BIO_C29;BIO_C30;BIO_D22;BIO_D23;BIO_D25;BIO_E22;BIO_E23;BIO_E25
BIO;2013;010000024;010780054;1;1;0;1;1;0;0;1;0;0;1;1;1;1;0;0;0;0;0;912138;44673;40745;14596;354;8351;1;241;7164;349;;4;1;25;4;3;;3;2;;2;;6;2;;;3;2;;5.95;1;28.92;5.6;3;;4.43;2.4;;0;;;1;
BIO;2013;010000032;010780062;1;1;0;1;1;1;0;0;0;0;1;1;1;1;0;0;0;0;1;212757;7238;16366;;;;;;;;;;;;;;;;;;;;;;;;;;;;;;;;;;;;;;;;
BIO;2013;010005239;010008407;1;0;0;1;1;1;0;0;0;0;1;1;1;0;0;0;0;0;1;307323;0;0;;;;;;;;2;;1;4;1;;;;;;;;6;1;;;;;1.8;;1;8.51;1.86;;;;;0;;0;1;;1
BIO;2013;020000162;020000063;1;1;0;1;1;0;0;1;0;0;1;1;1;0;0;0;0;0;1;1175077;77644;689;21966;5302;87302;1;129;8689;408;2;1;2;27;10;2;1;6;4;1;0;0;2;3;2;0;0;1;2.5;1;1.15;28.6;10.53;3;0.25;5.79;4.5;0;0;0;1;0;0
BIO;2013;020000303;750814030;1;0;0;1;1;1;0;0;0;0;0;0;1;0;0;0;0;0;1;52539;1190;0;0;;0;;;;;0;;;;;;;;;;;;;;;;;;;;;;;;;;;;;;;;
BIO;2013;020000394;020000253;1;1;0;1;1;1;1;1;0;0;1;1;1;1;0;0;0;0;1;660012;261634;82382;;;;;;;;0;2;0;17;3;0;0;0;0;0;0;0;0;2;0;0;0;0;0;2.83;0;17.03;3.92;0;0;0;0;;0;0;;1;1
BIO;2013;020000519;020000261;1;1;0;1;1;1;1;1;0;0;1;1;1;1;0;0;1;0;1;1179798;43065;42819;;;;;;;;;4;1;14;3;;;;;;;;2;1;;;;;;4;1;15.6;3.5;;;;;;0;1;;1;1
BIO;2013;020000535;020000287;1;1;0;1;1;1;0;0;0;0;1;1;1;0;0;0;0;0;1;472619;4413;0;;;;;;;;1;;1;9;4;;;;;;;;6;;;;;;1.83;;0.8;13.92;4;;;;;0;;0;1;;0
BIO;2013;020001061;020004404;1;1;0;1;1;1;1;0;0;0;1;1;1;0;0;0;0;0;1;622772;117686;100259;;;;;;;;;2;1;12;2;;;;;;1;;4;3;;;;;;2.03;1;14.51;4.31;;;;;;0;1;;1;0
BIO;2013;020001087;020004495;1;1;0;1;1;1;1;0;0;0;1;1;1;1;0;0;0;0;1;3118834;119966;551222;;;;;;;;0;0;0;3;3;0;0;0;0;0;0;0;2;0;0;0;0;0;0;0;0;4.02;2.99;0;0;0;0;;;0;;;1
BIO;2013;030000061;030780092;1;1;0;1;1;0;1;1;0;0;1;1;1;1;0;0;0;0;0;629912;74105;45384;;;;;;;;2;2;1;11;5;;;;;;;;18;6;;;;;2;2;1;24.26;8.03;;;;;0;;1;1;1;
BIO;2013;030000079;030780100;1;1;0;1;1;1;1;1;0;0;1;1;1;0;0;0;0;0;1;782539;81344;56956;231;3;2016;9;235;;;2;2;1;18;10;0;;;;;;;16;2;;;;;2;2;1;30.9;11.7;;;;;0;0;1;1;1;1
BIO;2013;030000087;030780118;1;1;0;1;1;1;1;1;0;0;1;1;1;0;0;0;0;0;1;807017;108606;0;0;;0;;;;;;;1;23;6;;;;;;;0;2;1;;;;;;;1;24.97;6.5;;;;;;;;;;1
BIO;2013;040000135;050002948;1;1;0;1;1;0;0;0;0;0;1;1;1;1;0;0;0;0;1;185242;22400;17041;;;;;;;;5;0;1;8;3;0;0;0;0;0;0;0;4;0;0;0;0;0;1.2;0;0.05;9.28;1.48;0;0;0;0;;;;;;
BIO;2013;040000911;040788879;1;1;0;1;1;0;0;1;0;0;1;1;1;1;0;0;0;0;1;7698409;1736120;120857;;;;;;;;3;;;11;2;;;;;;;;3;1;;;;;2.48;;;12.4;2.75;;;;;;;1;1;;
BIO;2013;050000231;050000116;1;1;0;1;1;1;0;0;0;0;1;1;1;0;0;0;0;0;1;246499;8668;0;;;;;;;;2;1;1;9;4;;;;;;;;9;1;;;;;1.33;1;1;14.5;4.37;;;;;0;0;0;1;1;1
BIO;2013;050000348;050002948;1;1;0;1;1;0;0;0;0;0;1;1;1;1;0;0;0;0;1;619612;15740;16707;0;;0;;;;;6;0;2;12;6;0;0;0;0;0;0;0;8;1;0;0;0;0;3.6;0;0.13;17.84;5.95;0;0;0;0;;;;;;
BIO;2013;060000478;060780897;1;1;0;1;1;0;0;1;0;0;1;1;1;0;0;0;0;0;1;741627;41289;28954;;;;;;;;3;0;0;14;0;0;1;0;0;0;0;0;7;0;0;0;0;0;3;0;0;19.4;0;0;0.1;0;0;0;0;1;1;0;0
BIO;2013;060000510;060780954;1;1;0;1;1;1;1;0;0;0;1;1;1;0;0;0;0;0;1;604453;22034;0;;;;;;;;2;1;1;19;6;;;;;2;;;10;;;;;;2.92;0.17;1;26.84;6;;;;;0;0;1;1;1;0
BIO;2013;060000528;060780962;1;1;0;1;1;1;0;0;0;0;1;0;0;0;0;0;0;0;;22024;6597;;3173;;6517;;;5276;;;;1;1;1;2;1;9;3;;1;;2;1;2;;1;;;1.42;1;5.61;1.4;3.59;1;9.63;3.1;0;0;0;0;0;0
BIO;2013;060000544;060780988;1;1;0;1;1;0;0;0;0;0;1;1;1;1;0;0;0;0;0;1066214;0;206;0;;0;;;;;2;2;1;22;8;;;;;;;;6;;;;;;2;2;0.25;27.08;7.99;;;;;;;;1;1;0
BIO;2013;060001450;060785011;1;1;0;1;1;1;1;1;1;0;1;1;1;1;1;1;0;0;0;677769;836108;55666;;;;;;;;3;1;0;58;5;;0;0;0;0;0;0;9;1;;0;0;0;3.18;1;0;36.5;5.84;;0;0;0;0;0;1;1;1;0
BIO;2013;060780343;060000171;;;;;;;;;;;;;;;;;;;1;3306;0;;;;;;;;;1;;;;;;;;;;;;;;;;;;0.5;;;;;;;;;;;;;;
BIO;2013;060780392;060000205;;;;;;;;;;;;;;;;;;;1;5940;0;;0;;0;;;;;1;;;;;;;;;;;;;;;;;;0.5;;;;;;;;;;;;;;
BIO;2013;060780517;060000239;;;;;;;;;;;;;;;;;;;;47000;17000;;;;5200;;;;;4;;;;;3;;;;;;;;;;;;;4;;;;;3;;;;;;;;;
BIO;2013;060785003;060785011;1;0;;1;1;1;1;1;1;0;1;1;1;1;1;1;0;0;0;420775;1306453;167642;10491;;21371;;681;905;;23;;;;;9;0;19;19;3;;;;;3;0;3;5;17.42;;;;;5.9;0;21.56;20.96;0;0;;1;1;
BIO;2013;060789195;060785011;1;1;0;1;1;1;1;1;1;0;1;1;1;1;1;1;0;0;1;448932;1033821;533951;3490;0;4785;0;78;640;0;37;;7;78;37;1;;13;10;3;;2;23;13;3;;5;4;28.75;;5.21;82.73;41.19;2.67;;15.94;13.48;0;0;0;1;1;0
BIO;2013;070000013;070002878;1;1;0;1;1;1;1;0;0;0;1;;1;0;0;0;0;0;1;153838;101530;28698;;;;;;;;3;;1;6;3;;;;;;;;8;1;;;;;2.5;;1;11.4;2.51;;;;;0;;0;1;;1
BIO;2013;070000179;070780358;1;1;0;1;1;0;0;0;0;0;1;1;1;1;0;0;0;0;1;540909;0;3124;;;;;;;;4;0;1;10;3;0;0;0;0;0;0;0;9;2;0;0;0;0;3.35;0;1;15.18;3.65;0;0;0;0;0;0;1;1;0;0
BIO;2013;070000609;070005566;1;1;0;1;1;1;1;1;1;0;1;1;1;0;0;0;0;0;1;481959;55773;21046;;;;;;;;3;0;0;0;0;0;0;0;0;1;0;0;0;0;0;0;0;0;3.25;0;0;0;0;0;0;0;0;;;;;;
BIO;2013;080000425;080000615;1;1;0;1;1;0;1;1;0;1;1;1;1;1;0;0;1;0;1;1303582;518636;392685;1020;1;2764;3;188;457;1;;6;2;29;10;;;2;1;;;;11;5;1;;1;1;;5.38;2;38.1;13.32;0.29;;2.86;1.8;;0;0;;1;0
BIO;2013;090000175;090781774;1;1;0;1;1;1;1;1;0;0;1;1;1;1;0;0;0;0;1;343520;17642;3026;;;;;;;;;;;;;;;;;;;;;;;;;;4.94;0;1.5;25.05;1.98;;;;;0;;1;1;;0
BIO;2013;090000183;090781816;1;1;0;1;1;1;1;0;0;0;0;1;1;0;0;0;0;0;1;69841;8868;7498;;;;;;;;1;;;7;1;;;;;1;;;1;1;;;;;1.19;;;7.43;1.6;;;;;0;0;0;0;1;1
BIO;2013;100000090;100000017;1;0;0;1;1;0;1;1;1;0;1;1;1;1;1;1;1;0;1;928281;140227;10042;8222;4100;7145;0;264;7922;2313;3;8;2;39;6;3;;9;6;;;;6;;1;;1;;1.22;6.65;2;42.88;4.55;3.2;;7.4;4.57;0;0;0;1;1;1
BIO;2013;100000199;100006279;1;1;0;1;1;1;0;0;0;0;0;0;1;0;0;0;0;0;1;180466;92996;0;;;;;;;;1;;;5;3;;;;;1;;;0;1;;;;;1.6;;;5;1.6;;;;;0;;0;0;;1
BIO;2013;110000023;110780061;1;1;0;1;1;0;1;1;0;0;1;1;1;0;0;0;0;0;1;699065;74147;37621;;;;;;;;1;4;2;19;10;;;;;;1;;2;0;;;;;1;3.24;1.5;19.85;8.4;;;;;0;0;1;1;1;0
BIO;2013;110000056;110780137;1;1;0;1;1;0;0;0;0;0;1;1;1;0;0;0;0;0;1;983347;12755;9639;;;;;;;;1;2;1;14;6;;;;;;1;;8;;;;;;1;2.1;1;19;4.3;;;;;0;0;1;1;1;
BIO;2013;120000039;120780044;1;1;0;1;1;0;0;1;0;0;1;1;1;1;0;0;1;0;1;947717;6719;22;6228;56;5248;1;56;5984;339;;4;1;14;5;;1;4;2;;1;;7;;;;2;;;4.17;0.5;21.09;4.6;;0.5;4.18;3.1;;0;;;1;
BIO;2013;120000054;120780069;1;1;;1;1;1;;;;;1;1;1;1;;;;;1;179134;28310;2435;;;;;;;;2;0;0;15;6;0;0;0;0;0;0;0;0;0;0;0;0;0;2;0;0;13.72;6;0;0;0;0;0;;1;1;;0
BIO;2013;120000070;120780085;1;1;0;1;1;1;0;0;0;0;1;1;1;0;0;0;0;0;1;277452;274810;274810;;;;;;;;;2;1;12;2;;;;;;;;5;1;;;;;;2;1;16;2.8;;;;;0;0;0;0;1;1
BIO;2013;120004569;120004528;1;1;0;1;1;1;0;0;0;0;1;1;1;0;0;0;0;0;1;259121;102469;9214;;;;;;;;3;;1;6;;;;;;;;;6;;;;;;3;;1;11.62;;;;;;0;;0;1;;1
BIO;2013;120004668;120004619;1;1;0;1;1;1;0;0;0;0;1;1;1;1;0;0;0;0;1;213868;0;;;;;;;;;1;;;5;2;;;;;1;;;4;;;;;;1.54;;;6.89;0.87;;;;;0;;0;1;;1
BIO;2013;130000235;130780554;1;;0;;1;0;0;0;0;0;1;0;1;0;0;0;0;0;0;46598;12;12;;;;;;;;0;0;1;3;2;0;0;0;0;0;0;0;0;0;0;0;0;0;0;0;0.9;2.3;0.89;0;0;0;0;;0;0;;0;0
BIO;2013;130000409;130041916;1;1;0;1;1;1;1;1;0;0;1;1;;1;0;0;0;0;1;1643990;2541;1379784;6452;3861;6601;39;625;11485;6043;8;;3;41;15;3;;5;6;;;0;14;0;2;;0;0;7.4;;3;51.2;12.56;4.13;;4.93;3.87;0;;0;1;;0
BIO;2013;130000433;130781131;1;1;0;1;1;0;0;0;0;0;1;0;1;0;0;0;0;0;0;69408;;;;;;;;;;;;1;2;2;;;;;;;;;;;;;;;;0.05;2.05;0.8;;;;;0;0;0;0;0;0
BIO;2013;130000565;130781446;1;1;0;1;1;0;0;0;0;0;1;1;1;1;0;0;0;0;1;515793;55718;44602;;;;;;;;4;;1;12;5;;;;;;;;3;2;;;;;3.7;;1;14.1;5.73;;;;;;0;1;1;0;0
BIO;2013;130001225;130782634;1;0;0;1;1;1;0;1;0;0;1;1;1;0;0;0;0;0;1;134554;14950;0;;;;;;;;4;0;1;10;8;0;0;0;0;0;0;0;7;1;0;0;0;0;3.91;0;0.9;14.45;7.54;0;0;0;0;;;;;;
BIO;2013;130001647;130784127;0;0;0;1;0;0;0;0;0;0;0;0;0;0;1;1;0;0;0;139174;111326;99538;8075;105;9444;;335;2993;;6;2;4;39;4;10;2;13;13;1;;;1;2;;;3;3;6.4;2;4;37.24;5.6;10.52;2;16.08;14.91;0;0;;0;0;0
BIO;2013;130002215;130785512;1;1;0;1;1;1;1;1;1;;1;1;1;1;0;0;;0;1;341785;42129;21909;0;;0;;;;;;;;9;3;;;;;3;;1;1;;;;;;1.8;;0.5;9.86;3;;;;;0;0;1;1;0;0
BIO;2013;130002827;130789274;1;1;0;1;1;0;1;0;0;0;1;1;1;0;0;0;0;0;1;388855;33585;20304;;;;;;;;1;3;;17;4;;;;;;;;7;;;;;;1;2.5;;21.36;3.16;;;;;;;1;;1;
BIO;2013;130002835;130789316;1;1;0;1;1;1;1;1;0;0;1;1;1;1;0;0;0;0;1;3528296;67060;0;;;;;;;;;7;1;14;10;;;;;;2;0;8;3;;;;;;8.6;1;20.57;12.5;;;;;0;1;0;0;0;0
BIO;2013;130037922;130037823;1;1;0;1;1;0;0;0;0;0;1;0;1;0;0;0;0;0;1;7232690;5040210;;;;;;;;;1;2;1;10;4;;;;;;;;;1;;;;;1;2;1;10;4.66;;;;;;;1;1;1;
BIO;2013;130780521;130786049;1;0;0;1;1;0;0;0;0;0;0;0;0;0;0;1;0;0;1;2540427;54333;50633;8704;2228;13685;58;285;226;;1;0;3;50;37;8;1;8;4;0;0;;15;5;1;;5;2;1;0;3;61.41;35.06;4.09;1;11.9;5.34;0;0;0;1;1;0
BIO;2013;130781479;130000599;1;1;0;1;1;1;0;1;0;0;1;1;1;0;0;0;0;0;1;406384;88396;64512;;;;;;;;1;;4;12;2;;;;;1;2;1;4;3;;;;;1.9;1.8;4.5;14.6;3.5;;;;;0;0;1;1;1;0
BIO;2013;130782147;130000979;1;1;0;1;1;0;0;0;0;0;1;1;0;0;0;0;0;0;1;256128;;;;;;;;;;2;1;;13;4;;;;;;;;1;1;;;;;2;1;;13.5;4.5;;;;;0;0;1;1;1;
BIO;2013;130783236;130786049;1;0;0;1;1;0;1;1;0;0;0;0;0;0;0;0;1;1;1;2689575;57771;44585;;;;;;;;13;8;1;67;24;0;;;;5;3;1;6;5;0;;;;17.03;9.43;2;63.74;29;0;;;;0;0;0;1;1;0
BIO;2013;130783293;130786049;1;1;1;1;1;0;0;0;0;1;1;1;1;1;1;1;0;0;1;5812973;271890;218825;12918;3423;28016;114;876;2349;;17;3;;170;149;10;;16;9;4;2;;19;14;1;;5;4;18.1;2.65;;181.47;114.37;7.67;;20.22;11.87;0;0;0;1;1;0
BIO;2013;130783665;130043722;1;0;0;1;1;1;0;1;0;0;1;0;1;0;0;0;0;0;1;2013;1371;0;;;;;;;;;1;;2;1;;;;;;;;2;;;;;;;1;;3.3;1;;;;;0;0;0;0;;0
BIO;2013;130784051;130037823;1;1;0;1;1;0;0;0;0;0;1;1;1;0;0;0;0;0;1;642189;11550;68;;;;;;;;;1;;13;3;;;;;;3;;3;0;;;;;;3.29;;15.27;3;;;;;;;1;;1;0
BIO;2013;130784234;130786049;1;0;0;1;1;0;0;0;0;0;0;0;0;0;0;0;0;0;1;161002;3809;1917;;;;;;;;2;2;0;5;11;0;0;0;0;1;2;0;2;3;0;0;0;0;1.47;0.87;0;6.42;7.1;0;0;0;0;0;0;0;1;1;0
BIO;2013;130785389;130002173;;;;;;;;;;;;;;;;;;;1;0;0;;0;;0;;;;;;;;;;;;;;;;;;;;;;;;;;;;;;;;;;;;;
BIO;2013;130785652;130014228;1;1;0;1;1;0;1;1;0;0;1;1;1;0;1;1;1;1;0;1378355;0;0;4942;23;17157;0;875;0;0;4;;1;36;20;;;5;4;6;;1;4;;4;;1;;8.31;;1.5;37.97;16.01;1.4;;5.56;3.59;0;0;1;1;1;0
BIO;2013;130786742;750821092;1;1;0;1;1;1;1;1;0;0;1;1;1;1;0;0;0;0;1;370513;59677;0;1423;0;2786;0;51;354;0;1;4;2;30;9;2;0;2;0;0;0;0;1;0;0;0;1;0;2.05;3.33;0.63;29.05;4.16;1.58;0.62;2.93;3.17;1;0;1;1;1;0
BIO;2013;130804297;130786049;0;0;0;0;0;0;0;0;0;0;0;0;0;0;1;1;0;0;1;25890;1216;1163;;;;;;;;;;;28;32;;;;;;;;4;6;;;;;;;;32.29;31.29;;;;;0;0;0;1;1;1
BIO;2013;140000027;140000035;1;1;0;1;1;1;1;1;0;0;1;1;1;1;0;0;0;0;1;499739;48254;31025;;;;;;;;0;4;0;24;9;0;0;0;0;1;0;1;6;0;0;0;0;0;0.3;3.85;0.08;27.92;6.51;0;0;0;0;;;1;1;1;1
BIO;2013;140000209;140000100;1;1;0;1;1;0;0;0;0;0;1;1;1;0;1;1;1;1;1;3461647;13890;62399;6932;63;16404;2911;689;2076;0;29;7;4;91;30;9;2;13;8;4;;;35;9;4;;4;1;19.31;3.36;2.28;108.06;33.31;6.95;0.46;13.62;7.9;0;0;0;1;1;1
BIO;2013;140000233;140000118;1;1;0;1;1;1;0;0;0;0;1;1;1;0;0;0;0;0;1;347755;3;3;0;0;0;0;0;0;0;3;;;10;2;;;;;;;1;2;1;;;;;2.66;;0.1;11.7;3.08;;;;;0;;1;1;;0
BIO;2013;140000456;140000316;1;1;0;1;1;0;0;0;0;0;;0;1;0;0;0;0;0;0;54582;137;;;;;;;;;1;;;4;2;;;;;2;;;;;;;;;1.57;;;4.17;2.1;;;;;;0;0;;1;0
BIO;2013;140000555;140000639;1;0;0;1;1;0;0;0;0;0;0;0;0;0;1;1;0;0;1;207518;630;0;;49;11234;0;1244;0;0;;3;3;10;;4;2;7;3;;1;1;1;1;;0;0;1;;3.86;3.86;10.19;1;4;2;7.23;3.82;0;0;0;0;0;0
BIO;2013;140004383;140000100;0;0;0;0;0;0;1;1;1;0;1;0;1;1;1;1;0;0;0;158557;2344;24584;;;;;;;;14;;3;21;12;;;;;1;;;7;3;;;;;9.2;;2.06;25.49;14.18;;;;;0;0;0;0;0;0
BIO;2013;140024886;140000092;1;0;0;1;1;1;0;0;0;0;1;1;1;1;0;0;1;0;1;438447;152603;45699;;;;;;;;2;;;;;;1;11;4;2;;;;;;;9;3;3.3;;;;;;1;17.14;6.16;0;;;1;;
BIO;2013;150000040;150780096;1;1;0;1;1;1;0;1;0;0;1;1;1;0;0;0;0;0;1;661380;42112;9227;;;;;;;;;2;;22;4;;;;;2;;1;;1;;;;;0.9;2.71;0.9;20.88;4.71;;;;;0;0;1;1;1;0
BIO;2013;160000253;160000451;1;1;0;1;1;1;1;1;1;0;1;1;1;1;0;0;0;0;0;973619;104935;57916;2636;1648;6102;19;149;895;0;2;7;1;31;11;2;0;1;1;;;;4;4;;0;1;;2;7;0.07;33.97;12.95;2;0;2;1;0;0;1;1;1;0
BIO;2013;160000303;160006037;;;;;;;;;;;;;;;;;;;;;;;;;;;;;;1;;;5;1;;;;;;;;3;;;;;;1;;;7.26;0.7;;;;;0;;1;1;;0
BIO;2013;170000038;170780050;1;1;0;1;1;1;0;0;0;1;1;1;1;1;0;0;0;0;1;158574;19265;14933;;;;;;;;2;;1;7;1;;;;;;;;3;1;;;;;1.62;;0.3;8.69;1.29;;;;;0;0;0;1;1;1
BIO;2013;170000087;170023279;1;1;0;1;1;0;1;1;0;0;1;1;1;1;0;0;0;0;1;1742304;204104;45304;5693;3172;10667;79;697;5884;;2;3;2;29;10;;1;5;5;;2;;13;0;;;;1;1.16;5.1;1.75;38.18;9.18;;0.25;5;5;0;0;;1;1;
BIO;2013;170000152;170780225;1;1;0;1;1;1;0;0;0;0;1;1;1;1;0;0;0;0;1;820932;6600;0;;;;;;;;3;;1;16;5;;;;;1;;0;3;0;;;;;2.95;;0.75;18.55;5;;;;;0;;0;1;;0
BIO;2013;180000010;180000028;1;1;0;1;1;0;0;1;0;0;1;1;1;1;0;0;0;0;1;1459170;114260;62380;5676;3319;5195;20;59;0;0;1;3;2;24;6;2;;5;2;;;;6;0;;;;;1;3;1.5;27.78;6;2;;5;1;0;0;1;1;1;0
BIO;2013;180000200;180000051;1;1;0;1;1;1;0;0;0;0;1;1;1;1;0;0;0;0;1;287437;33498;;;;;;;;;2;;1;12;6;;;;;;;;;;;;;;2;;0.6;11.53;4.16;;;;;0;0;;1;1;
BIO;2013;190000018;190000042;1;0;0;1;1;1;1;1;0;0;1;1;1;1;0;0;0;0;1;1718744;4222;0;0;;0;;;;;2;2;1;17;6;;;;;;;;7;1;;;;;1.05;2;1;23.48;6.4;;;;;0;0;;1;1;
BIO;2013;190000026;190000059;1;1;0;1;1;1;1;1;0;0;1;1;1;0;0;0;0;0;1;1034296;63749;0;;;;;;;;3;;1;11;4;1;;2;2;;;;5;1;;;;;2.8;;1;16.37;5.29;0.9;;2;1.62;;;1;;;
BIO;2013;210987558;210780581;1;1;1;1;1;0;1;1;0;1;1;1;1;1;1;1;1;1;1;3481637;202382;;6348;2849;19066;231;232;1082;42;67;;8;171;43;7;1;12;6;;;;;;;;;;37.03;;7;147.94;35.09;3.8;1;10.1;5.97;0;;1;1;;
BIO;2013;210987632;210780607;1;1;;;1;1;;;;;1;;1;;;;;;0;55254;536;;;;;;;;;;1;;3;;;;;;;1;;1;1;;;;;;1.4;;3.22;0.2;;;;;0;0;0;0;0;0
BIO;2013;210987657;210780714;1;1;0;1;1;1;1;0;0;0;1;1;1;1;0;0;0;0;1;288137;23227;0;;;;;;;;2;;1;16;6;;;;;;;;3;;;;;;2;;1;15.62;4.17;;;;;0;0;1;1;1;0
BIO;2013;210987665;210010070;0;1;0;1;1;1;0;0;0;0;1;1;1;0;0;0;0;0;1;35169;6581;5837;;;;;;;;1;;;;;;;;;;;;;;;;;;1;;;;;;;;;0;;;1;;
BIO;2013;210987699;210780706;1;1;0;1;1;1;1;0;0;0;1;1;1;1;0;0;0;0;1;6350800;3419700;;;;;;;;;3;0;1;14;6;;;;;1;0;0;2;1;;;;;3.51;0;1;14.88;6.34;;;;;0;0;1;1;0;0
BIO;2013;210987731;210780417;1;0;0;1;1;1;0;0;0;0;1;1;1;0;1;1;0;0;1;223887;3119;;3354;153;5994;3;741;3977;2638;;1;1;12;1;1;;5;2;;1;1;1;1;6;1;3;1;;1.5;1.5;12.08;1.5;3.14;0.25;6.91;2.25;0;0;0;0;0;0
BIO;2013;220000012;220000020;1;1;0;1;1;0;1;1;1;0;1;1;1;1;0;0;0;0;1;1743143;4253;11308;;;;;;;;5;;4;27;14;;;;;2;;0;27;2;;;;;6.4;;5;51.44;16.97;;;;;;;0;1;;0
BIO;2013;220000095;220000046;1;1;0;1;1;1;1;0;0;0;1;1;1;1;0;0;0;0;1;573727;40572;16297;;;;;;;;1;;;15;3;;;;;1;2;;1;;;;;;1.8;1.4;;17.33;3.18;;;;;0;0;;1;1;
BIO;2013;220000343;220000079;1;1;0;1;1;1;0;0;0;0;1;1;1;1;0;0;0;0;1;479215;7087;1335;;;;;;;;1;1;1;10;3;;;;;;;;3;;;;;;1;1;1;12.5;2.8;;;;;0;0;;0;0;
BIO;2013;220000368;220000103;1;1;0;1;1;1;0;0;0;0;1;1;1;0;0;0;0;0;1;284716;;;;;;;;;;2;1;;7;2;;;;;;;;13;2;;;;;1.7;0.85;0.29;17.09;3.53;;;;;0;0;1;1;1;0
BIO;2013;220000541;220000152;1;1;0;1;1;1;0;0;0;0;1;1;1;1;0;0;0;0;1;233973;142223;79280;0;;0;;;;;2;;;6;1;;;;;;;1;9;;;;;;2;;0.6;11.36;1;;;;;0;;1;1;;0
BIO;2013;230000820;230780041;1;1;0;1;1;0;1;1;0;0;1;1;1;1;0;0;0;0;1;707059;205918;205165;1500;;2414;;29;2211;;2;1;;18;2;2;;2;1;1;;;4;1;;;;;2.8;1;;20.51;2.68;1.25;;2;1;0;0;;1;1;
BIO;2013;240000372;240000059;1;1;0;1;1;1;1;1;0;0;1;1;1;0;0;0;0;0;1;329906;13307;0;;;;;;;;1;2;1;7;3;;;;;;;;7;2;;;;;0.9;1.7;0.5;12.4;4.2;;;;;0;0;1;1;1;0
BIO;2013;240000489;240000117;1;1;0;1;1;0;1;1;0;0;1;1;1;1;0;0;0;0;1;1241111;;;3952;2561;5243;29;179;0;0;4;0;3;24;13;1;0;2;2;0;0;0;0;0;0;0;0;0;4;0;1.65;23.91;13;1;0;1.5;2;0;0;1;1;0;
BIO;2013;250000023;250000015;1;1;0;1;1;0;1;1;0;0;1;1;1;1;1;1;1;1;0;1292597;22461;7028;5944;5944;53;53;;6;6;;;2;17;14;1;;1;;10;5;;27;10;;;;1;4.1;3.56;2;38.35;20.51;0.1;;1;0.41;0;0;;1;1;
BIO;2013;250000700;250000452;1;1;0;1;1;1;0;0;0;0;1;1;1;1;0;0;0;0;0;260093;16525;61;;;;;;;;;2;;13;;;;;;;1;1;;3;;;;;;2.23;1;9.08;2;;;;;;0;0;;1;0
BIO;2013;250006954;250000015;1;1;0;1;1;0;1;1;0;0;1;1;1;1;1;1;1;1;1;1617414;36514;18062;6507;;21466;;819;1354;;10;21;2;41;17;7;1;12;8;;4;0;47;20;1;0;9;3;5.09;12.91;2;73.72;28.93;5.77;0.58;19.99;10.75;0;0;;1;1;
BIO;2013;260000013;260000021;1;1;0;1;1;0;0;1;0;0;1;1;1;1;1;1;0;0;1;1135789;101736;61564;5982;3595;6701;47;175;3360;930;1;4;1;21;6;3;;7;;2;2;1;25;8;1;1;3;3;2.6;5.2;1.8;39.64;11.5;3.5;0.8;7.89;2.33;0;0;1;0;1;0
BIO;2013;260000120;260016910;1;1;0;1;1;1;1;1;0;0;1;1;1;1;0;0;0;0;1;1072616;74825;46811;;;;;;;;4;;;;;;;;;;;;;;;;;;4;;;;;;;;;0;;;1;;
BIO;2013;260000138;260000047;1;1;0;1;1;1;0;1;0;0;1;1;1;0;0;0;0;0;1;736725;99844;16562;;;;;;;;;3;1;8;4;;;;;;;;13;2;;;;;;2.9;1;17.18;5.19;;;;;;0;0;;1;0
BIO;2013;270000359;270023724;1;1;0;1;1;1;0;1;0;0;1;1;1;1;0;0;0;0;1;698111;103027;19287;11234;3867;29835;36;132;;;;4;;24;13;2;;2;2;1;;;10;2;;;1;;0.6;4;;31.83;13.17;2;;2.8;1.83;0;0;1;1;1;0
BIO;2013;270000367;270000086;1;0;0;1;1;1;0;0;0;0;1;1;1;1;0;0;0;0;0;134719;112553;112553;;;;;;;;2;;;11;;;;;;;;;2;2;;;;;1.45;;;11.9;1.54;;;;;0;0;1;1;1;0
BIO;2013;270000458;270023724;1;1;0;1;1;1;0;1;0;0;1;1;1;1;0;0;0;0;1;87857;33212;253;0;0;0;0;0;0;0;;2;;;;;1;9;4;;;;;;;;5;1;;2;;;;;1;14.02;4.34;0;0;;0;0;
BIO;2013;270000912;750814030;;;;;;;;;;;;;;;;;;;1;229206;3447;2475;;;;;;;;;1;;6;;;;;;;;;;;;;;;;1;;6;;;;;;;0;0;;0;0
BIO;2013;280000084;280000183;1;1;0;1;1;1;1;1;0;0;1;1;1;1;0;0;1;1;1;655313;58571;15303;60;4;11;;;;;3;2;1;20;6;;;1;;;;1;7;2;;;;1;1.5;2;1.91;25;7.29;0.42;;1.33;0.5;0;0;1;1;1;1
BIO;2013;280504267;280000134;1;1;0;1;1;0;0;1;0;0;1;1;1;1;0;0;1;0;1;925648;40306;23469;695;8;6988;2;47;1166;0;6;;1;22;5;1;;4;2;1;;;12;2;1;1;2;2;6.1;;0.98;30.78;6.17;1.39;0.7;5.23;2.14;0;;1;1;;1
BIO;2013;290000025;290020700;1;1;0;1;1;0;1;1;1;0;1;1;1;1;1;1;1;0;1;1328706;45847;29729;0;0;0;0;0;0;0;1;5;2;34;9;0;0;0;0;;;;11;9;0;0;0;0;1;4.42;1.16;43.57;15.73;0;0;0;0;0;0;0;1;1;0
BIO;2013;290000033;290021542;1;1;0;1;1;1;1;1;0;0;1;1;1;1;0;0;0;0;1;674286;91950;91950;;;;;;;;2;2;1;28;6;;;;;;;0;5;1;;;;;2;2;0.75;33.13;6.11;;;;;;;;;;
BIO;2013;290000140;290000447;;;;;;;;;;;;;;;;;;;;67372;0;;0;0;3800;0;77;53539;42000;1;;;;;5;0;11;7;;;;;;;0;1;2;1;;;;;;;;;;;;;;
BIO;2013;290000173;290000041;1;1;0;1;1;1;0;0;0;0;1;1;0;0;0;0;0;0;1;217381;;0;;;;;;;;1;0;;7;;;;;;0;0;1;1;;;;;;1;0;0.5;8.12;;;;;;0;0;;0;0;
BIO;2013;290000181;290000074;1;1;0;1;1;0;0;0;0;0;0;0;0;0;0;0;0;0;0;;0;0;0;0;0;0;;0;0;1;;;4;;;;;;;;;;;;;;;0.07;;;1.23;;;;;;0;;0;0;;1
BIO;2013;290000728;750821092;1;1;0;1;1;1;0;1;0;0;1;1;1;0;0;0;0;0;1;391464;104536;120;;;;;;;;1;3;1;20;5;;;;;;;;2;;;;;;1;3;1;21.6;4;;;;;0;0;1;1;1;0
BIO;2013;290000934;290000306;1;1;0;1;1;0;0;0;0;;1;1;1;1;0;0;0;0;1;;;;;;;;;;;;;1;9;4;;;;;;;;5;;;;;;;;1;12.42;3.24;;;;;0;0;1;1;1;0
BIO;2013;290004324;290000017;1;1;1;1;1;1;1;1;1;0;1;1;1;1;1;1;1;1;1;2733526;194889;;9651;3139;15573;30;647;8337;509;11;26;4;53;10;;0;;1;2;1;2;23;9;;1;;;9.3;21.3;4.9;70.45;16.56;;0.1;;1;0;0;1;1;1;1
BIO;2013;2A0000022;2A0000014;1;1;0;1;1;1;0;0;0;0;1;1;1;1;0;0;1;0;1;1074407;;59923;1826;9;4786;8;360;840;3;4;0;1;29;14;1;;3;6;0;1;0;1;0;1;;0;0;3.7;0.45;1;30.6;13.5;1.65;;3;6;;;;;;
BIO;2013;2A0000287;2A0000386;0;1;0;0;0;0;0;0;0;0;0;0;0;0;0;0;0;0;0;494337;260973;;;;;;;;;2;0;0;2;3;0;0;0;0;1;0;0;0;0;0;0;0;0;1.06;0;0;1.71;2.52;0;0;0;0;;;;;;
BIO;2013;2B0000012;2B0000020;1;1;1;1;1;1;0;1;1;1;1;1;1;0;0;0;0;0;0;1316277;;;0;;0;;;;;1;0;1;25;10;0;0;0;0;0;0;0;4;0;0;0;0;0;1;0;0.81;26.13;7.47;0;0;0;0;0;;0;1;;1
BIO;2013;2B0000038;2B0004246;;;;;;;;;;;;;;;;;;;0;963160;;;0;;0;;;;;1;;;;;;;;;;;;;;;;;;1;;;;;;;;;;;;1;;
BIO;2013;300000023;300780046;1;1;0;1;1;1;0;1;0;0;1;1;1;0;0;0;0;0;1;514336;67731;52117;;;;;;;;3;0;2;19;6;0;;;;0;0;0;4;4;0;;;;3;0;0.51;21.16;8.28;0;;;;0;0;1;1;1;
BIO;2013;300000031;300780053;1;1;0;1;1;1;0;0;0;0;1;1;1;1;0;0;0;0;1;251468;90059;4789;;;;;;;;;2;1;7;2;;;;;3;;0;8;3;;;;;0.55;2.42;1;13.33;3.73;;;;;0;;1;1;;0
BIO;2013;300000478;300781010;1;0;0;0;0;0;0;0;0;0;0;0;0;0;0;0;0;0;0;713;;;;;;;;;;;;;;1;;;;;;;;;;;;;;;;;;1;;;;;;;;;;
BIO;2013;300782117;300780038;1;1;0;1;1;1;1;1;0;1;1;1;1;1;1;1;1;1;1;2746517;38858;;7601;3455;18422;271;605;7981;1452;14;8;4;61;29;3;;7;6;22;5;;18;9;5;;1;2;36;13;4.33;73.6;35.89;8;;8.38;7.52;0;0;0;1;1;0
BIO;2013;310000310;310780671;1;1;0;1;1;1;0;0;0;0;1;1;1;0;0;0;0;0;1;524722;46938;470501;;;;;;;;2;;1;15;3;;;;;5;;;;2;;;;;3.76;;1;14.05;3.53;;;;;0;;1;1;;
BIO;2013;310016977;310781406;;;;;;;;;;;;;;;;;1;;0;14526;;;;;;;;;;1;;;7;4;;;;;2;;1;4;5;;;;;2.35;;0.48;9.65;3.47;;;;;0;;0;0;;0
BIO;2013;310781067;310788898;1;1;0;1;1;1;0;0;0;0;1;1;1;0;0;0;0;0;1;107098;54633;13543;;;;;;;;;;1;8;;;;;3;2;3;;4;;;;;3;1.4;1.9;1;10.9;;;;;4.5;0;0;0;0;0;1
BIO;2013;310781505;310000492;;;;;;;;;;;;;;;;;;;;;;;;;11578;0;115;127056;1187;;;;;;;;;;;;;;;;;;;;;;;;;;;;;;;;;
BIO;2013;310782347;310789136;1;1;0;1;1;0;0;0;0;0;0;0;0;0;1;1;0;0;0;191945;1445;1445;4037;51;6986;2;463;1360;28;1;;3;14;8;5;;7;3;7;;;3;2;1;;3;;3.13;;2.95;17;8.87;5.41;;9.71;3;0;0;0;0;0;0
BIO;2013;310783048;310781406;1;1;0;1;1;1;0;0;0;0;1;1;1;1;1;1;1;1;1;4061263;121318;;5578;;13993;;481;2998;;68;5;9;189;41;9;1;15;10;13;;1;33;18;3;;;;68.99;4.37;8.6;213.6;51.78;7.98;1;13.83;9.5;1;1;1;1;1;1
BIO;2013;310783055;310781406;1;0;0;1;1;0;1;1;1;0;0;0;0;0;0;0;0;0;1;2679024;103446;;10594;155;23188;12;1205;3440;320;28;;2;64;15;16;1;16;9;3;;;8;6;3;;3;3;29.99;;2.4;76.72;19.01;17;1;18.08;11.42;1;1;1;1;1;1
BIO;2013;320000086;320780117;1;0;0;1;1;1;1;1;0;0;1;1;1;0;0;0;0;0;1;540220;36730;20673;;;;;;;;2;2;1;9;6;0;0;0;0;0;0;0;13;1;0;0;0;0;2;2;1;19.86;5.71;0;0;0;0;1;;1;1;1;
BIO;2013;330000555;330781204;1;1;0;1;1;1;0;0;0;0;1;1;1;1;0;0;0;0;1;468637;13187;3230;;;;;;;;2;;1;9;3;;;;;;;;4;;;;;;2.16;;0.1;11.93;3;;;;;0;;0;1;;1
BIO;2013;330000589;330027509;1;1;0;1;1;1;0;0;0;0;1;1;1;0;0;0;0;0;1;517570;57015;;0;;0;;;;;2;2;0;8;5;0;0;0;0;1;1;0;4;2;0;0;0;0;1.78;1.67;0;11.6;5.85;0;0;0;0;;;;;;
BIO;2013;330000605;330781253;1;1;0;1;1;1;0;1;0;0;1;1;1;1;0;0;0;0;1;1531230;2576;;4468;2500;5492;75;73;;;8;;1;32;11;1;;4;2;0;;1;4;1;4;1;;2;8;;1.03;33.35;12.17;3.15;0.3;4;2.52;;;;;;
BIO;2013;330000662;330781329;1;1;0;1;1;1;0;0;0;0;0;0;0;0;1;1;0;0;0;20373;0;0;4041;33;7543;7;1142;;;2;1;1;6;1;6;4;24;11;1;0;;3;;3;;3;1;2.88;1;1;8.22;0.38;8.3;4;23.58;10.48;0;0;0;0;0;0
BIO;2013;330781303;750821092;1;1;0;1;1;1;1;1;0;0;1;1;1;1;1;0;0;0;1;16214729;1322977;52605;0;0;0;0;0;0;0;3;5;1;24;4;0;0;0;0;;1;0;3;0;0;0;0;0;2.97;3.58;1;23.61;4;0;0;0;0;0;0;1;1;1;0
BIO;2013;330781352;330781196;1;0;0;1;1;0;0;0;0;0;0;0;1;0;0;0;0;0;1;1592396;2006;;0;0;0;0;0;0;0;2;1;1;18;8;;;;;2;;;3;1;;;;;2.7;1;1;20.43;8.5;;;;;0;0;1;1;1;0
BIO;2013;330781360;330781196;1;1;0;1;1;0;1;1;1;1;1;1;1;1;1;0;1;1;1;4208415;189152;;1578;36;18134;0;524;1843;0;42;9;5;133;63;11;1;15;2;21;5;;43;5;1;;2;2;36.9;10.4;5;167.02;67.01;8.03;1;16.28;3.4;0;0;1;1;0;0
BIO;2013;330783648;330781196;1;0;0;1;1;0;0;0;0;0;1;0;1;0;0;1;0;0;1;3864254;24697;;8516;12;23299;1;683;5623;0;26;;2;53;21;8;1;17;8;14;;1;16;2;4;;1;2;26.9;;2.92;66.16;21.3;6.8;0.08;17.32;9.84;0;0;1;1;1;0
BIO;2013;340000033;340780055;1;1;0;1;1;0;0;1;0;0;1;1;1;1;0;0;0;0;1;721970;144828;0;6101;4543;6438;36;310;2438;2249;4;1;2;21;16;1;1;3;3;;;;5;3;2;;1;1;3.8;1;2;25.33;14.43;2.4;1;3.97;3.8;0;0;0;1;1;1
BIO;2013;340000207;340780493;1;0;0;1;1;0;0;1;0;0;0;0;0;0;0;0;0;0;0;413475;9351;0;3752;0;7728;9;838;219;;2;0;1;8;2;3;1;10;1;0;0;0;6;0;4;1;3;1;1.56;0;0.72;11.14;1.9;4.48;0.51;11.92;2.33;0;0;0;0;0;0
BIO;2013;340000223;340011295;1;1;0;1;1;0;0;0;0;0;1;1;1;1;0;0;0;0;1;650480;61667;;4516;3975;1717;6;14;;;4;;1;15;7;1;;;;;;;4;;;;;;3.3;;0.8;17.76;4.59;1;0.2;1.14;1.39;0;;1;1;;0
BIO;2013;340015965;340000074;1;1;0;1;1;1;1;1;0;0;1;1;1;1;;;1;;1;37307;28373;15977;;;;;;;;1;1;7;13;2;;;;;;;;;;;;;;1;1;7;13;2;;;;;;;;1;;
BIO;2013;340782036;340780477;;;;;;;;;1;;;1;;1;;;;;0;1488922;25089;20588;;;;;;;;34;;;77;31;;;;;4;;;21;9;;;;;33.7;;;90.76;34.7;;;;;1;;1;1;;1
BIO;2013;340782085;340780477;;;;;;;;;;;;;;;;;;;0;;;;11845;3020;32016;78;;1093;16;;;;;;12;;12;4;;;;;;3;;8;1;;;;;;11.07;;15.42;4.8;;;;;;
BIO;2013;340785161;340780477;1;1;;;;;;;;;1;;;1;;;;;;3242935;82080;61943;;;;;;;;17;10;;44;8;;;;;3;2;;22;11;;;;;19.48;8.38;;57.61;14.41;;;;;;;;;;
BIO;2013;340796663;340780477;;;;;;;;;;;;;;;1;1;;;;470103;52631;38054;;;;;;;;32;3;;63;37;;;;;3;;;16;3;;;;;31.4;2.17;;72.9;38.33;;;;;;;;;;
BIO;2013;350000147;350000022;1;1;0;1;1;1;1;0;0;0;1;1;1;1;0;0;0;0;1;594156;81620;933;;;;;;;;;2;1;18;5;;;;;;2;;9;2;;;;;;3.74;1;23.13;6.83;;;;;;0;1;;1;0
BIO;2013;350000154;350000030;1;1;0;1;1;1;0;0;0;0;1;1;1;1;0;0;0;0;1;254189;4336;0;;;;;;;;2;;;12;1;;;;;;;1;3;3;;;;;2;;0.6;14.43;2.27;;;;;0;;1;1;;0
BIO;2013;350000337;350000246;1;1;0;1;1;0;0;0;0;0;1;1;1;0;0;0;0;0;0;226074;208;208;;;;;;;;;1;;2;;;;;;;1;;3;1;;;;;;1.6;;4.2;0.87;;;;;;0;0;;0;0
BIO;2013;350000741;350005179;1;1;1;1;1;1;1;1;;;1;1;1;1;1;1;1;1;1;3155464;164595;;15265;;21018;;536;11744;;56;4;8;118;62;8;0;11;9;9;2;3;70;25;2;0;8;1;41.59;3.64;9.55;170.67;76.98;8.48;0;17.38;8.54;0;0;1;1;1;0
BIO;2013;350002812;350023503;1;0;0;1;1;0;0;0;0;0;0;0;1;0;1;0;0;0;1;194554;103340;255;;;;;;;;0;1;1;4;0;;;;;1;1;0;6;3;;;;;0.8;1.57;1;8.62;2.28;;;;;0;0;0;0;0;0
BIO;2013;350007084;350005179;1;0;0;1;1;0;0;0;0;0;0;0;0;0;0;0;0;0;1;290247;752;;;;;;;;;3;0;0;11;14;0;0;0;0;0;0;0;6;8;0;0;0;0;3.3;0;0;12.97;18.97;0;0;0;0;0;0;1;1;1;0
BIO;2013;370000861;370000481;1;1;0;1;1;1;1;1;0;0;1;1;1;1;1;1;1;1;1;2041254;587602;33239;19964;0;90122;0;258;242;0;28;8;4;72;32;;0;7;2;4;2;0;24;5;;0;1;6;20.52;3.75;2.1;87.8;33.15;;0;8.56;5.92;0;0;;1;1;
BIO;2013;370000879;370000564;1;1;0;1;1;1;0;0;0;0;1;1;1;1;0;0;;0;1;217499;8644;;;;;;;;;2;;1;2;0;;;;;;;;6;2;;;;;2;;0.3;7.1;2.15;;;;;0;;0;1;;1
BIO;2013;370004467;370000481;1;1;0;1;1;1;0;0;0;0;1;0;1;0;0;1;0;0;1;2447551;627302;68450;35527;0;99029;0;406;299;0;14;;1;31;13;6;1;5;6;4;;0;22;4;;0;4;2;10.95;;1.25;47.62;15.6;4.29;0.8;7.07;5.42;0;0;;1;0;
BIO;2013;380000034;380780049;1;1;0;1;1;1;0;0;0;0;1;0;0;1;0;0;0;0;1;935018;186121;178298;;;;;;;;;;2;19;6;0;;;;;;;4;1;;;;;;;1.5;20.87;6.18;;;;;0;;1;1;;
BIO;2013;380000067;380780080;1;1;1;1;1;1;1;1;0;1;1;1;1;1;1;1;1;1;1;3194967;561037;423547;45271;3041;172811;87;602;26489;73;64;;13;148;67;6;;12;3;10;;;78;46;8;;1;;46.11;;12.36;212.78;105.64;6.75;;12.74;;0;0;;1;1;
BIO;2013;380000174;380781435;1;1;0;1;1;1;0;1;0;0;1;1;1;1;0;0;0;0;0;727575;26759;0;;;;;;;;0;4;1;17;2;0;0;0;0;0;0;0;9;3;0;0;0;0;0;3.77;1;23.56;3.75;0;0;0;0;0;0;1;0;1;0
BIO;2013;380000406;380784751;1;1;0;1;1;1;0;0;0;0;1;1;1;1;0;0;0;0;1;423512;10456;47168;0;;0;;;;;0;1;1;12;4;0;0;0;0;2;1;0;6;2;0;0;0;0;1.15;1.53;0.9;15.32;4.65;0;0;0;0;0;0;1;1;1;0
BIO;2013;380780288;380795203;;;;;;;;;;;;;;;;;;;;;;;;;175;;175;;;;;;;;1;;;;;;;;;;;;;;;;;;1;;;;;;;;;
BIO;2013;380786442;380798025;1;1;0;1;1;1;1;1;0;0;1;1;1;1;0;0;1;0;1;485527;370260;7607;;;;;;;;4;2;;16;12;;;;;;;;2;3;;;;;4;2;;17;14.2;;;;;0;0;1;1;1;
BIO;2013;390000040;390780146;1;1;0;1;1;1;0;0;0;0;1;1;1;1;0;0;0;0;1;549744;15402;3395;;;;;;;;;3;1;18;5;;;;;;;;1;1;;;;;;3;0.9;18.75;5.7;;;;;;0;1;;1;0
BIO;2013;390000065;390780161;1;1;0;1;1;1;1;0;0;0;1;1;1;0;0;0;0;0;1;4420693;247606;178343;;;;;;;;2;;;6;1;;;;;;;;3;;;;;;1.91;;;8.22;1;;;;;;;;1;;1
BIO;2013;390000222;390780609;1;1;0;1;1;1;1;0;0;0;1;1;1;1;0;0;0;0;1;750239;55344;40569;;;;;;;;3;;1;23;4;;;;;1;;;1;3;;;;;3.2;;1;23.15;6.02;;;;;0;;0;1;;0
BIO;2013;400000105;400780193;1;0;0;1;1;0;1;1;0;0;1;1;1;1;0;0;0;0;1;613333;27635;1498;2272;1485;5602;22;164;1501;0;1;2;;20;8;;;;1;;1;;4;1;2;;3;;1;2.48;;23.78;8.46;1.2;;2.3;1;0;0;1;1;1;0
BIO;2013;400000139;400011177;1;1;0;1;1;0;1;0;0;0;1;1;1;0;0;0;0;0;1;909536;31095;22375;160;186;5565;12;122;2100;0;4;;1;20;11;;0;2;0;1;;0;1;1;;0;1;0;4.6;;0.97;20.94;10.84;;0;2.8;0;0;;1;1;;0
BIO;2013;400780359;400000204;;;;;;;;;;;;;;;;;;;;;;;418;;3468;;;;;;;;;;;;;;;;;;;3;;;;;;;;;3;;;;;;;;;
BIO;2013;400782769;400001764;1;1;0;1;1;1;1;1;0;0;1;1;1;0;0;0;0;0;1;76363;103013;;;;;;;;;;2;;9;4;;;;;;1;;;4;;;;;;2.5;;9;6;;;;;;0;;;1;1
BIO;2013;410000020;410000087;1;1;0;1;1;0;0;1;0;0;1;1;1;0;0;0;0;0;1;566314;56604;236;4478;2080;6107;22;186;3901;1365;1;2;1;22;7;2;0;3;1;0;1;0;4;0;0;0;1;1;1;2.61;0.44;25.09;6.51;2.01;0.11;4.32;1.7;0;0;1;1;1;0
BIO;2013;420000010;420780033;;1;0;1;1;0;1;1;0;0;1;1;1;1;0;0;0;0;1;1176196;183271;4982;6601;5087;5914;31;342;1341;;1;4;1;26;8;2;;3;3;0;2;0;11;2;2;0;1;0;1;4;1.26;32.89;9.57;3.1;0.08;4.71;2.71;0;0;0;1;1;0
BIO;2013;420000226;420013831;1;1;0;1;1;1;0;0;0;0;1;1;1;1;0;0;0;0;1;333210;88584;61;;;;;;;;0;2;0;1;0;;;;;0;1;1;13;7;;;;;;2.75;0.54;13.26;5.46;;;;;0;0;1;0;1;0
BIO;2013;420000234;420780652;1;1;0;1;1;1;0;0;0;0;1;1;1;1;0;0;0;0;1;571437;48382;40556;0;;0;;;;;2;;1;16;3;;;;;3;;;3;;;;;;3.8;;1;18.15;3;;;;;0;;;1;;
BIO;2013;420011413;420011405;1;0;0;1;1;1;0;1;0;0;1;1;1;0;0;0;1;1;1;;;;;;12064;0;193;;;2;;;11;10;16;;;;2;4;;;;;;;;3;3;;11;10;16;;;;0;0;1;1;1;0
BIO;2013;420785354;420784878;1;1;0;1;1;1;1;1;0;1;1;1;1;1;1;1;1;1;1;3417341;635730;;46289;0;109052;135;579;1938;0;3;6;;112;43;6;;12;3;4;1;;54;6;1;;3;2;24.92;4.6;;147.74;44.98;4.88;;13.61;5.14;0;0;0;1;1;0
BIO;2013;430000117;430000018;1;1;0;1;1;0;1;1;0;0;1;1;1;0;0;0;0;0;1;811852;104862;58220;;;;;;;;2;2;1;16;5;0;0;0;0;0;0;0;18;1;0;0;0;0;2;2;0.81;29.77;4.7;0;0;0;0;0;0;0;1;1;0
BIO;2013;440000016;440000057;1;1;0;1;1;0;1;1;0;0;1;1;1;0;0;0;1;0;1;777924;124303;47704;7614;5966;5258;;230;5029;;;4;1;22;5;3;;3;3;;;;18;6;;;1;2;;4;1;36.5;10.2;3;;3.8;4;0;0;1;0;1;0
BIO;2013;440000271;440000289;1;1;0;1;1;0;1;1;1;0;1;1;1;1;1;1;1;0;1;5449973;64402;64339;3957;;13231;;;1568;;63;5;2;78;26;14;0;18;9;6;2;0;65;7;;0;17;2;48.38;5.9;2.09;129.54;26.03;10.74;0;31.61;10.83;;;;;;
BIO;2013;440001113;490017258;1;1;0;1;1;0;0;1;0;0;0;0;0;0;0;1;0;0;0;150520;2322;2317;;;;;;;;1;2;2;10;1;;;;;1;1;1;7;2;;;;;1.44;1.7;2.51;11.2;1.19;;;;;0;0;0;0;0;0
BIO;2013;440017598;440000289;1;0;0;1;1;0;0;0;0;1;1;0;0;0;0;0;0;0;0;1536288;26236;26236;47;;4242;;;7196;;8;1;0;11;1;5;0;7;4;0;0;0;15;1;0;0;0;0;3.5;0.7;0;22.5;1.76;3.85;0;6.72;3.5;0;0;;1;1;
BIO;2013;450000047;450000096;1;1;0;1;1;1;0;0;0;0;1;1;1;1;0;0;0;0;1;246609;134436;0;40300;;195415;;;;;0;;1;5;1;0;;;;1;;;;;;;;;0.6;;1;5;1;;;;;0;;;1;;
BIO;2013;450000062;450000104;1;0;0;1;1;1;0;0;0;0;1;1;1;0;0;0;0;0;1;465813;8567;7861;0;0;0;0;0;0;0;;5;;17;2;;;;;;;;3;2;;;;;;3.06;;17.11;3.83;;;;;;0;1;;1;0
BIO;2013;450000070;450000112;1;1;0;1;1;1;0;0;0;0;1;1;1;1;;0;0;0;1;5368529;825160;234294;;;;;;;;1;;;10;2;;;;;1;;1;1;1;;;;;1.4;;0.24;10.49;2.76;;;;;0;;1;1;;0
BIO;2013;450000294;450000591;1;1;0;1;1;1;1;1;0;0;1;1;1;0;0;0;0;0;1;4807636;;;;;1105;;;;;1;2;1;22;19;5;;;;;1;;;;;;;;0.5;2;1;22;8.5;3.5;;;;0;0;1;1;1;0
BIO;2013;450002613;450000088;1;1;0;1;1;0;1;1;0;0;1;1;1;1;1;1;1;1;1;2634013;355102;330621;41979;2851;109511;86;512;7692;2839;15;4;;79;;6;1;8;;;;;1;;4;;1;;14.15;4;3.62;79.5;27.3;6.98;0.55;8.15;6.82;0;0;1;1;1;0
BIO;2013;450018312;450018296;1;1;0;1;1;1;1;1;0;1;1;1;0;0;0;0;0;0;1;427203;;;;;;;;;;1;2;1;22;19;;;;;;;1;;;;;;;0.5;2;1;22;8.5;;;;;0;0;1;1;1;0
BIO;2013;460000102;460780208;1;0;0;1;1;0;0;0;0;0;0;0;0;0;0;0;0;0;0;;;;;;698;;;;;;;;4;;;;;;1;;;1;;;;;;0.5;;;3.72;;;;;;0;0;0;0;0;1
BIO;2013;460000110;460780216;1;1;0;1;1;0;0;1;0;0;1;1;1;1;0;0;0;0;1;508896;14901;45911;;;;;;;;4;0;0;16;6;0;0;0;0;1;0;0;9;0;0;0;0;0;4.28;0;0;23.61;5.67;0;0;0;0;0;0;0;1;0;0
BIO;2013;470000423;470000316;1;1;0;1;1;0;1;;0;0;1;1;1;0;0;0;0;0;1;791687;35484;35484;1660;953;3341;25;0;272;208;4;;;24;4;;;2;1;1;;;6;6;1;;;1;4.79;;;27.25;8.27;0.5;;1.24;0.52;0;;1;1;;0
BIO;2013;470000431;470000324;1;1;0;1;1;1;0;0;0;0;1;1;1;0;0;0;1;0;1;9541495;432579;218258;0;;0;;;;;3;;1;15;5;;;;;;;;4;;;;;;3;;1;18.2;5.04;;;;;1;;1;0;0;0
BIO;2013;470000480;470001660;1;1;0;1;1;1;1;0;0;0;1;1;1;1;0;0;0;0;1;333410;95748;237662;;;;;;;;2;0;0;11;4;0;0;0;0;0;0;0;7;1;0;0;0;0;1.7;0;0;15.67;4.52;0;0;0;0;0;0;1;1;1;1
BIO;2013;480000017;480780097;1;1;;1;1;1;;;;;1;1;1;1;;;;;1;497776;106356;20;;;;;;;;3;;1;6;3;;;;;;;;7;;;;;;3;;1;12.3;3;;;;;0;;1;1;;0
BIO;2013;490000049;490000031;1;1;0;1;1;1;1;1;1;0;1;1;1;1;1;1;1;1;1;2925560;166601;154700;6481;2570;21078;268;521;897;273;24;27;5;120;47;7;1;13;5;3;6;2;39;13;2;0;3;2;26;30.7;6.98;149.47;49.65;7.7;0.5;14.67;4.97;0;0;0;0;0;0
BIO;2013;490000155;490017258;1;1;0;0;0;;0;0;0;0;0;0;0;0;1;1;0;0;0;83626;;28077;2886;73;4100;3;526;2264;2;2;0;1;11;0;1;0;5;2;1;0;2;5;0;2;0;2;1;1.64;0;1.48;10.35;0;1.69;0;5.51;1.92;0;0;0;0;0;0
BIO;2013;490000635;490000676;1;0;0;1;1;1;0;1;0;0;1;1;1;0;0;0;0;0;1;1301318;178337;38042;;;;;;;;2;3;1;25;6;;;;;1;;;11;3;;;;;2.8;2.36;1;32.76;8.7;;;;;0;0;0;1;1;
BIO;2013;490001765;490528452;1;0;0;1;1;1;0;1;0;0;1;1;1;0;0;0;0;0;1;317710;13434;0;0;;0;;;;;5;;2;7;1;;;;;1;;;10;4;;;;;3.11;;1.1;14.7;4.06;;;;;0;;0;1;;1
BIO;2013;500000021;500000054;1;1;0;1;1;1;;0;0;0;1;1;1;0;0;0;0;0;1;;;;;;;;;;;1;4;1;24;;;;;;;1;0;14;;;;;;1;4.8;1;33.17;;;;;;0;0;1;1;1;
BIO;2013;500000146;500000500;;;;;;;;;;;;;;;;;;;;;;;;;3091;;90;;;;;;;;1;;;;;;;;;2;;;;;;;;;1.5;;;;;;;;;
BIO;2013;500000187;500000013;1;0;0;1;1;1;1;1;0;0;1;1;1;1;0;0;0;0;1;994605;41686;25536;3641;2129;4659;21;387;313;0;5;;1;40;11;1;;5;3;;;;12;4;;;2;;5;;1;35.2;13.19;1;;7.15;3.32;;;;;;
BIO;2013;500000427;500000096;1;0;0;1;1;1;0;0;0;0;1;1;0;0;0;0;1;0;1;80423;33251;11741;;;;;;;;1;0;0;3;0;0;0;0;0;0;0;0;2;0;0;0;0;0;1;0;0;4.91;0;0;0;0;0;0;0;0;0;0;1
BIO;2013;500000450;500000112;1;;;;1;1;1;1;;;1;;1;;;;;;1;906736;334198;334198;;;;;;;;3;;1;23;6;;;;;1;;0;4;3;;;;;3.8;;1;25.76;9.69;;;;;0;0;0;1;0;0
BIO;2013;500002357;500002233;1;;;1;1;1;1;;;;1;1;1;1;;;1;1;1;52718;;;1595;;11197;;273;;;;;;;;;;;;;1;;3;2;4;;;;;0.75;;2;1;0.2;;;;;0;0;;;1
BIO;2013;510000169;510000037;1;1;0;1;1;1;0;0;0;0;1;1;1;1;0;0;0;0;1;584569;140435;45245;0;0;0;0;0;0;0;1;;;14;9;0;;;;0;;;5;3;0;;;;1;;;16.05;9.76;0;;;;0;0;0;1;1;0
BIO;2013;510000235;510000060;1;1;0;1;1;1;0;0;0;0;1;1;1;1;0;0;0;0;1;7424427;539097;452544;;;;;;;;;3;2;7;2;;;;;;;0;9;1;;;;;;2.6;2;12.79;2.8;;;;;;0;1;;1;
BIO;2013;510000250;510000078;1;1;0;1;1;1;0;0;0;0;1;1;1;1;0;0;0;0;1;166343;2920;0;0;0;0;0;0;0;0;1;0;1;8;1;;;;;0;0;0;3;2;;;;;1;0;1;10.05;2.35;;;;;0;0;1;0;0;0
BIO;2013;510000516;510000136;1;0;0;1;1;0;0;1;0;0;0;0;0;0;1;1;0;0;0;224916;7811;7811;3078;30;5108;3;346;1633;289;4;0;1;6;1;2;0;5;1;0;0;1;1;1;2;0;1;0;4;0;1.2;6.9;1.7;2.4;0;5.8;1;0;0;0;0;0;0
BIO;2013;510002447;510000029;1;1;0;1;1;0;1;1;1;0;1;1;1;1;1;1;1;1;1;2683532;228868;;41543;3180;;131;477;;12496;63;0;8;90;65;6;0;9;11;7;0;1;50;23;1;1;4;4;44.23;0;8.5;119.79;81;4.4;0.5;11.6;13.65;0;0;0;1;0;1
BIO;2013;520000027;520780032;;;;;;;;;;;;;;;;;;;1;;;;;;;;;;;2;1;1;15;2;;;;;;;;5;1;;;;;2;1;1;18.44;2.6;;;;;0;0;;1;1;
BIO;2013;520000043;520780057;1;1;0;1;1;1;0;1;0;0;1;1;1;0;0;0;0;0;1;140372;50030;21307;;;;;;;;;1;;8;;;;;;;1;;2;2;;;;;;1.7;;9.65;1.5;;;;;;;;;1;1
BIO;2013;520000068;520780073;1;1;0;1;1;1;1;1;0;0;1;1;1;1;0;0;1;0;1;509194;11063;11063;;;;;;;;1;4;1;14;3;;;;;;1;;8;1;;;;;0.9;2.4;1;20.25;3.25;;;;;0;;;1;1;
BIO;2013;530000173;530000074;1;0;0;1;1;1;0;0;0;0;1;0;1;0;0;0;0;0;1;7688569;328026;155148;;;;;;;;1;;1;6;2;;;;;;;0;5;1;;;;;1;;0.79;10.81;2.66;;;;;0;;1;1;;0
BIO;2013;530000264;530000371;1;1;0;1;1;0;0;1;0;0;1;1;1;1;0;0;0;0;0;224188;0;0;;;;;;;;1;2;;19;7;;;;;1;;;15;2;;;;;1.78;2;;31.56;7.01;;;;;;;0;1;;0
BIO;2013;540000015;540023264;1;1;0;1;1;0;0;0;0;0;1;1;1;0;0;;0;0;0;264901;2145;0;5490;12;2525;1;;275;0;4;;1;10;3;;;13;3;1;;;3;;;;4;2;10.57;;1;12.08;3.12;;;11.8;9.32;0;0;1;1;0;0
BIO;2013;540000163;540020112;1;0;0;1;1;0;0;0;0;0;1;0;1;0;0;0;0;0;0;59861;0;0;;;;;;;;;1;;2;0;;;;;;0;;1;1;;;;;;1;;2.8;0.3;;;;;0;0;0;0;0;0
BIO;2013;540001070;540000767;1;1;0;1;1;1;0;0;0;0;1;1;0;0;0;0;0;0;1;463146;6944;0;;;;;;;;2;;;9;4;;;;;1;;1;8;1;;;;;1.83;;0.43;16.07;5.03;;;;;0;0;1;1;1;0
BIO;2013;540001138;540002078;1;1;0;1;1;0;0;0;0;0;1;0;0;0;0;0;0;0;0;915897;;18049;1933;;9621;;346;10364;6;14;;;48;13;5;;11;4;1;;;29;4;4;1;;1;8.35;;;68.69;14.62;3.69;0.46;10.59;3.08;0;0;1;1;1;0
BIO;2013;540001286;540003019;;;;;;;;;;;;;;;;;;;;;;;2730;112;5056;10;381;758;34;;;;;;4;1;11;3;;;;;;1;;2;2;;;;;;4.22;1;11.54;4.13;;;;;;
BIO;2013;540002698;540002078;1;0;0;1;1;1;1;1;1;0;1;1;1;1;1;1;0;0;0;3127545;;230130;1802;133;11396;87;139;760;;51;;;103;49;5;;13;5;12;;;77;11;3;;2;1;34.66;;;158.11;49.52;3.65;;11.15;3.98;0;0;1;1;1;1
BIO;2013;550000012;550000020;1;1;0;1;1;1;1;1;0;0;1;1;1;0;0;0;0;0;1;870099;10628;;;;;;;;;3;;1;18;5;;;;;1;;;3;;;;;;3.45;;0.1;20.19;4.19;;;;;0;;0;1;;0
BIO;2013;550000434;550003354;1;1;0;1;1;1;1;1;0;0;1;1;1;0;0;0;0;0;1;476867;144633;19863;;;;;;;;3;;;17;2;;;;;;;;;3;;;;;3;;;16.5;3.99;;;;;0;;0;1;;1
BIO;2013;560000127;560023210;1;1;0;1;1;0;1;1;0;0;1;1;1;1;0;0;0;0;1;;;;7695;3346;12276;95;353;783;14;6;0;2;34;17;4;2;3;5;0;0;0;18;7;1;0;4;1;6;0;1.6;49.06;21.92;4.2;0.4;6.24;4.72;0;0;0;1;1;0
BIO;2013;560000135;560005746;1;1;0;1;1;0;0;1;0;0;1;1;1;1;0;0;1;0;1;1096023;81458;81285;;;;;;;;2;4;2;26;8;;;;;;;;17;;;;;;2;3.58;2;39.54;8.72;;;;;0;0;;1;1;
BIO;2013;560000143;560014748;1;1;0;1;1;1;0;0;0;0;1;1;1;1;0;0;0;0;1;655466;10512;2319;;;;;;;;;2;;18;5;;;;;1;1;1;1;1;;;;;0.27;2.78;0.5;18.33;5.15;;;;;0;0;1;1;1;
BIO;2013;570000059;570025254;1;1;0;1;1;1;1;1;0;0;1;1;1;1;0;0;0;0;0;393766;;;;;;;;;;2;;;15;2;;;;;0;;;0;1;;;;;2;;;14.42;1.5;;;;;0;;0;0;;0
BIO;2013;570000091;750050759;1;0;0;1;1;1;0;1;0;0;1;1;1;0;0;0;0;0;1;280000;;;;;;;;;;;2;1;5;2;;;;;;;;3;2;;;;;;2;1;7.4;2;;;;;;0;1;;1;0
BIO;2013;570000117;570015099;1;0;0;1;1;1;1;1;0;0;1;1;1;0;0;0;0;0;1;76212;11903;952;;;;;;;;2;;1;16;;;;;;1;;;3;;;;;;2.8;;1;17.75;;;;;;0;;1;1;;0
BIO;2013;570000216;570010173;1;1;0;1;1;1;0;1;0;0;1;1;1;1;0;0;0;0;1;478462;;;;;;;;;;2;;;9;1;;;;;;;;4;1;;;;;2.46;0.21;;13.37;1.79;;;;;;;1;1;;
BIO;2013;570000349;570005165;1;1;0;1;1;1;1;0;0;0;1;1;1;0;0;0;0;0;1;1877742;15908;6300;4674;;10684;2549;411;1384;;4;;;44;6;;;3;4;2;;2;14;8;2;2;;7;5.4;;1.27;53.77;12.77;1.2;0.38;3;6.05;0;;0;1;;0
BIO;2013;570000596;750821092;1;1;0;1;1;1;0;1;0;0;1;1;1;1;0;0;0;0;1;322516;35637;282;0;0;0;0;0;0;0;3;2;1;17;6;;;;;;2;;4;;;;;;2.2;1.7;1;16.28;5.53;;;;;0;0;1;1;1;0
BIO;2013;570000901;570000158;1;1;0;1;1;0;0;0;0;0;1;1;1;1;0;0;0;0;1;;;;;;;;;;;;2;1;12;4;;;;;;;;1;1;;;;;;2;0.9;12.45;4.02;;;;;;0;1;;1;0
BIO;2013;570026252;570023630;1;1;0;1;1;1;0;1;0;0;1;1;1;0;0;0;0;0;1;737075;1691;;;;;;;;;;3;1;14;3;;;;;;;;1;;;;;;;3;1;14.5;3;;;;;;0;0;;1;1
BIO;2013;570026682;570005165;1;0;0;1;1;0;0;1;0;0;1;1;1;1;1;1;0;0;1;2506453;130692;111338;786;;11481;193;;3672;;9;;1;41;8;;;2;6;2;;2;20;6;4;1;1;1;9.7;;2.17;56.81;11.48;1.9;0.5;2.86;6.99;0;;0;1;;0
BIO;2013;580780138;580000024;;;;;;;;;;;;;;;;;;;;1260344;;;;;;;;;;2;;;;;;;;;;;;;;;;;;0.1;;;;;;;;;0;;;1;;
BIO;2013;580972685;580780096;1;0;0;1;1;1;0;0;0;0;1;1;0;0;0;0;0;0;0;148101;0;105;0;0;0;0;0;0;0;;2;;7;1;;;;;;;;3;;;;;;;2.03;;8.91;1;;;;;;0;;;1;
BIO;2013;580972693;580780039;1;0;0;1;1;0;1;1;0;0;1;1;1;0;0;0;0;0;1;778400;168000;35123;;;;;;;;1;3;1;22;5;;;;;;1;0;9;0;;;;;1;3.35;1;27.86;4.99;;;;;0;0;1;1;1;0
BIO;2013;590000121;590780227;1;1;0;1;1;1;0;0;0;0;1;1;0;0;0;0;0;0;1;613453;3022;23576;;;;;;;;2;;1;11;2;;;;;;;;8;2;;;;;2;;0.17;17.47;3.52;;;;;0;0;1;1;1;0
BIO;2013;590000188;590780334;1;0;0;1;1;1;0;0;0;0;0;0;1;0;1;0;0;0;0;187498;98121;11;2834;11;7173;1;551;19;0;2;;1;10;;4;;10;1;1;;0;0;;2;;0;1;2.81;;1;9.33;;4.63;;10;1.49;;;;;;
BIO;2013;590000337;590781415;1;;0;1;1;1;1;1;0;0;1;1;1;1;1;1;1;1;1;820200;24100;143500;;;;;;;;1;5;1;26;9;0;;;;0;0;;11;3;3;;;;1;5;0.35;35.18;11.61;0.2;;;;0;0;;1;1;
BIO;2013;590000428;590781605;1;1;0;1;1;1;1;0;0;0;1;1;1;1;0;0;0;0;1;563204;10900;8021;;;;;;;;3;;1;10;4;;;;;2;;;11;2;;;;;3.76;;1;18.5;5.3;;;;;0;;0;1;;0
BIO;2013;590000469;590781662;1;;;1;1;1;0;;0;0;1;1;0;0;0;0;0;0;0;173786;5101;;;;;;;;;1;0;0;5;2;0;0;0;0;0;0;0;1;1;0;0;0;0;1;0;0;10.73;6.09;0;0;0;0;;;;;;
BIO;2013;590000535;590781803;1;1;0;1;1;1;0;0;0;;1;1;1;0;0;0;0;0;1;881881;39642;50873;;;;;;;;5;;;21;4;;;;;;;;7;;;;;;4.66;;;25.37;3.51;;;;;;;0;1;;0
BIO;2013;590000618;590782215;1;1;0;1;1;0;1;1;0;0;1;1;1;1;1;1;0;0;0;3342667;15627;242673;5865;2379;11006;24;137;1092;1;;15;3;46;27;4;0;6;3;;3;0;30;2;3;0;0;2;;16.49;3;68.49;25.82;4.58;0;6.41;3.8;0;0;1;0;0;0
BIO;2013;590000758;590782637;1;1;0;1;1;1;0;0;0;0;1;1;1;1;0;0;0;0;1;965849;103479;225618;;;;;;;;3;;1;19;3;;;;;3;;;8;2;;;;;4.74;;1;24.8;4;;;;;0;;1;1;;0
BIO;2013;590000782;590782660;1;1;0;0;0;0;0;0;0;0;0;0;0;0;0;0;0;0;0;2101;;22;;;;;;;;;;;1;;;;;;;1;;;1;;;;;;0.8;;0.59;0.1;;;;;;0;0;;0;0
BIO;2013;590001004;590783239;1;1;0;1;1;1;1;1;0;0;1;1;1;0;0;0;0;0;1;1620992;206277;86114;;;;;;;;3;1;;;;;;;;1;;;;;;;;;3.96;1.47;;;;;;;;0;0;;1;1;
BIO;2013;590001418;590034740;1;1;0;0;0;0;0;0;0;0;0;0;0;0;0;0;0;0;0;26659;0;0;;;;;;;;0;0;0;2;0;0;0;0;0;0;0;0;0;0;0;0;0;0;0;0;0;1.73;0;0;0;0;0;0;0;0;0;0;0
BIO;2013;590001749;590788956;1;1;0;1;1;1;1;0;0;0;1;1;1;0;0;0;0;0;1;33366;12628;10537;;;;;;;;;2;;5;1;;;;;;;;2;3;;;;;;2;;6;2.5;;;;;;0;0;;1;1
BIO;2013;590780284;590051801;1;1;0;1;1;1;1;1;1;1;1;1;1;1;0;0;0;0;0;1866324;91371;;;;;;;;;4;;1;25;7;;;;;3;;;11;7;;;;;6.55;;1;34.67;11.02;;;;;;;;;;
BIO;2013;590796975;590780193;1;1;0;1;1;1;1;1;1;0;1;1;1;1;1;1;1;1;0;8064680;662253;;70279;7;300801;3;30189;37614;0;93;2;9;284;131;15;0;24;13;20;1;10;137;52;5;1;17;5;77.02;1.8;18.42;395.19;173.72;11.16;1.87;35.34;17.19;;;;;;
BIO;2013;590797353;590051801;1;1;0;1;1;1;1;1;1;1;1;1;1;1;1;0;0;0;0;359442;400;344;8310;1737;7649;20;56;3840;;1;;1;2;2;3;1;3;1;1;;;;2;1;;2;2;1.55;;1;1.96;2.45;3.91;1;5.28;1.19;0;;0;1;;1
BIO;2013;590801106;590782421;1;1;0;1;1;1;1;1;0;0;1;1;1;1;0;0;0;0;1;2256103;54030;25251;3007;834;6990;0;82;0;0;5;;2;31;6;3;;2;1;2;;;9;4;1;;2;1;6.4;;2;36.95;8.45;3.8;;3.7;1.86;;;0;;;0
BIO;2013;590804696;590781902;1;1;0;1;1;1;1;1;0;0;1;1;1;1;0;0;0;0;1;907967;273745;325;2512;;1766;34;5;;;4;;1;27;16;0;;;;1;;;5;;;;;;4.5;;0.83;30.35;13.08;;;;;0;;1;1;;0
BIO;2013;590813507;590000485;1;1;0;1;1;1;1;1;0;0;1;1;1;0;0;0;1;0;1;248840;29600;;;;;;;;;;1;;5;2;;;;;;;;1;4;;;;;;1;;6;6;;;;;;;1;;1;
BIO;2013;600000012;600100028;1;1;0;1;1;1;0;0;0;0;1;1;1;0;0;0;0;0;0;281757;4986;183144;;;;;;;;3;;;12;3;;;;;;;;2;1;;;;;3;;;13.37;3.97;;;;;0;;0;1;;0
BIO;2013;600000053;600101984;1;0;0;1;1;1;0;1;0;0;1;1;1;0;0;0;0;0;1;452187;189213;150427;;;;;;;;4;0;1;15;9;0;0;0;0;;0;0;2;3;;0;0;0;3.24;0;1;16.2;10.84;;0;0;0;0;;0;1;;0
BIO;2013;600000194;600100713;1;1;0;1;1;1;0;0;0;0;1;1;1;;0;0;1;0;1;1053984;756521;101103;183;;4290;;158;1565;;5;;2;31;6;2;;2;2;5;;;10;2;1;;3;1;5;;2;40.02;9.67;2.2;;4.57;2.8;0;0;1;1;1;
BIO;2013;600000285;600100721;1;1;0;1;1;1;0;0;0;0;1;1;0;0;0;0;0;0;1;;;;;;;;;;;5;0;0;7;4;0;0;0;0;0;0;0;0;1;0;0;0;0;2.26;0;0;6.08;1.27;0;0;0;0;;;;;;
BIO;2013;600000467;600101984;1;0;0;1;1;0;0;1;0;0;1;1;1;1;0;0;0;0;1;1073441;54569;42802;2306;728;5286;9;33;1;;4;0;0;27;8;1;0;2;2;0;0;0;5;8;1;0;0;0;3.74;0;0;30.5;12.11;1.6;0;2;1.28;0;;0;1;;0
BIO;2013;600113476;600100721;1;1;0;1;1;1;1;1;0;1;1;1;1;1;0;0;0;0;1;20822250;5939521;;;;;;;;;4;0;0;31;11;0;0;2;2;0;0;0;13;3;2;0;0;2;2.82;0;0.67;38.95;11.58;0.72;0;2.06;2.24;0;;1;1;;0
BIO;2013;610000051;610780082;1;0;0;1;1;0;0;0;0;0;1;1;1;0;0;0;0;0;1;626098;12904;0;;;;;;;;4;;1;16;5;;;;;1;;0;6;1;;;;;4.2;;1;22.37;6.64;;;;;0;0;0;1;1;0
BIO;2013;610000119;610780165;1;1;;1;1;1;;1;;;1;1;1;;;;1;;1;443937;82193;1619;;;2744;;;;;3;0;1;10;6;0;0;0;0;1;0;0;9;0;0;0;0;0;3.17;0;1;16.92;4.94;0;0;0;0;;0;1;;1;
BIO;2013;620000026;620003814;1;1;0;1;1;1;0;1;0;0;1;1;1;0;0;0;1;0;1;423336;15584;24;;;;;;;;1;1;;9;3;;;;;;1;;4;;;;;;1;1.5;;10.8;3;;;;;0;0;0;1;1;1
BIO;2013;620000034;620100057;1;1;1;1;1;1;1;1;0;0;1;1;1;1;0;0;0;0;1;1676760;173159;32539;;;;;;;;;5;2;30;8;;;;;;1;;4;1;;;;;;5.8;2;33.65;8.5;;;;;;0;1;;1;0
BIO;2013;620000224;620100651;1;1;0;1;1;1;1;1;0;0;1;1;1;1;0;0;0;0;1;881041;123717;104351;0;;0;;;;;0;6;2;29;10;;;;;0;1;;12;6;;;;;0;6.6;2;37.8;14.04;;;;;0;0;1;1;0;0
BIO;2013;620000257;620100685;1;1;0;1;1;1;1;1;1;0;1;1;1;1;1;;0;0;1;1677805;173999;788;1736;;7593;;49;111;;7;0;4;35;16;2;0;4;2;2;0;0;13;4;3;0;2;2;9.13;0;3.4;43.7;19.17;3.51;0;5.06;3.34;0;0;1;1;1;0
BIO;2013;620000323;620101337;1;1;0;1;1;1;1;0;0;0;1;1;1;1;0;0;0;1;0;1161547;18529;10198;;;;;;;;4;;;25;;;;;;;;;10;4;;;;;4;;;31.97;3.2;;;;;;;0;;;0
BIO;2013;620000349;620101360;;;;;;;;;;;;;;;;;;;1;33832;865;;;;;;;;;2;;1;12;3;;;;;2;;;14;;;;;;3.4;;1;23.58;3;;;;;;;0;;;0
BIO;2013;620000653;620103440;1;1;0;1;1;1;1;1;0;0;1;1;1;1;0;0;1;0;1;1672879;37874;;;;;;;;;4;;2;18;15;;;;;1;;0;10;4;;;;;4.6;;2;26.92;16.34;;;;;;;1;;;0
BIO;2013;620003202;620103432;1;1;0;1;1;1;1;1;0;0;1;1;1;0;0;0;0;0;1;13033674;1712851;1623600;;;;;;;;3;;;11;2;;;;;2;;;5;3;;;;;3.58;;;14.15;3.33;;;;;;;;1;0;1
BIO;2013;620100099;620014779;1;0;0;1;1;1;0;1;0;0;1;1;1;0;0;0;0;0;1;245318;116090;4764;;;;;;;;2;3;;6;12;;;;;;;;;;;;;;2;3;;6;12;;;;;0;0;0;1;1;1
BIO;2013;630000016;630180032;1;0;0;1;1;0;0;0;0;0;1;0;0;0;0;0;0;0;1;26734;1445;0;;;;;;;;;;;;;;;;;;1;;3;;;;;2;;0.4;;2.4;;;;;0.3;;0;0;;0;0
BIO;2013;630000404;630780989;1;1;0;1;1;0;1;1;0;0;1;1;1;1;1;1;1;1;1;4125112;504231;410600;11638;4738;23372;;479;6364;31;20;29;4;119;34;6;1;14;6;1;10;0;67;20;5;;9;3;11.19;23.06;4;170.93;45.56;5.89;1;19.76;7.51;;;0;1;;1
BIO;2013;630000438;630781011;1;1;0;1;1;0;0;0;0;0;1;0;1;0;0;0;0;0;1;354633;;;;;;;;;;2;;;10;5;;;;;;;;2;;;;;;2;;;11.86;5;;;;;0;;0;0;;0
BIO;2013;630000479;630781110;0;0;0;0;0;0;0;0;0;0;0;0;0;0;1;1;0;0;0;178188;43145;;4987;126;6786;8;446;408;0;1;;2;3;2;4;1;10;5;1;;;3;;2;1;4;;1.2;;0.85;4.73;0.4;4.66;1.71;12.61;4.74;0;;0;0;;0
BIO;2013;630780369;630000164;;;;;;;;;;;;;;;;;;;0;38957;;;;;11309;;;;;0;;;;;;;;;1;;;;;9;;;;;;;;;;;;;;;;;;
BIO;2013;630781839;630000826;1;1;;1;1;1;1;1;;;1;1;1;1;1;;1;;;316297;153880;;;;14802;;;;;1;;;;;1;;;;;;;;;1;;;;1;;;;;1.8;;;;1;;;;;
BIO;2013;630783108;630000867;;;;;;;;;;;;;;;;;;;;;;22759;50;;2167;;;;;;;;;;;;;;;;;;;8;;;;;;;;;2;;;;;1;;;;
BIO;2013;640000162;640780417;1;1;0;1;1;0;0;1;0;0;1;1;1;1;0;0;0;0;1;100629;2754;;;;;;;;;5;;1;31;9;;;;;;;;9;2;;;;;5;;1;36.29;9.55;;;;;0;0;;1;0;
BIO;2013;640000402;640780813;1;1;0;1;1;1;1;0;0;0;1;0;1;1;0;0;0;0;1;19600000;480000;193000;783;783;227;227;0;0;0;;1;;10;;0;;;;;5;1;3;;;;;;;2.07;0.3;11.6;;;;;;;0;1;;1;0
BIO;2013;640000410;640780821;1;1;0;1;1;1;0;0;0;0;1;1;1;0;0;0;0;0;1;;;;0;;0;;;;;;1;1;5;1;;;;;;;;4;;;;;;;1;0.5;7.9;1;;;;;0;0;0;0;0;1
BIO;2013;640000600;640781290;1;1;0;1;1;0;1;1;0;0;1;1;1;1;0;0;0;0;1;1575457;;5407;2179;12;6701;2;152;1926;4;;6;;23;9;2;;3;;;;1;17;1;1;1;1;4;;6;0.75;40.84;9.71;2.5;0.25;3.8;2.31;0;0;0;1;1;0
BIO;2013;650000045;650780158;1;1;0;1;1;1;0;0;0;0;1;1;1;0;0;0;0;0;1;194140;5884;2357;;;;;;;;3;0;1;8;1;0;0;0;0;0;0;0;5;1;0;0;0;0;2.7;0;1;11.4;1.8;0;0;0;0;0;0;0;1;0;0
BIO;2013;650000417;650783160;1;1;;1;1;;1;1;0;;1;1;1;0;0;0;0;0;1;659489;39528;7958;4715;4066;4955;8;198;6316;2675;4;;2;23;7;3;1;2;5;1;;0;5;2;;0;0;0;4.6;;1.8;26.86;8.1;3;0.2;2;2.88;0;;1;1;1;0
BIO;2013;660000084;660780180;1;1;0;1;1;0;1;0;0;0;1;1;1;1;0;0;0;0;;1811832;29424;5180;8971;3703;10591;46;1076;90960;275;11;;3;31;4;;;4;1;;;;13;;;;1;;11;;3;41.68;4;;;4.8;1;0;;1;1;;0
BIO;2013;660000092;660780198;1;1;0;1;1;0;0;0;0;0;0;0;1;0;0;0;0;0;0;39378;0;0;;;;;;;;1;;;2;;;;;;;;;;;;;;;0.13;;;2;;;;;;0;;0;0;;0
BIO;2013;670000025;670780055;1;1;1;1;1;0;1;1;1;0;1;1;1;1;0;0;1;1;0;3445636;101319;101319;3797;0;944;0;6;7939;0;23;15;5;123;73;1;0;4;2;5;9;1;72;26;;0;2;2;15.3;14.4;5.51;173.74;75.46;0.5;0;6.29;2.81;1;1;1;1;1;1
BIO;2013;670000033;670780063;1;0;0;1;1;1;0;0;0;0;0;0;0;0;1;0;0;0;0;99009;0;0;1819;1;2538;1;330;227;1;1;1;;11;2;;;1;3;1;;;;1;3;;1;2;1.13;1;;11.31;2.33;1.14;;1.67;4.6;0;0;0;0;0;0
BIO;2013;670000157;670780337;1;1;0;1;1;1;0;0;0;1;1;1;1;1;0;0;1;0;1;1493814;68233;14150;;;;;;;;1;3;1;27;4;;;;;;;;6;8;;;;;1;3;1;31.07;9.67;;;;;0;0;;1;1;
BIO;2013;670000165;670780345;1;1;0;1;1;1;0;1;0;0;1;1;1;1;0;0;0;0;1;637803;28516;;;;;;;;;3;;1;9;2;;;;;1;;;16;4;;;;;3.9;;1;21.46;5.3;;;;0.4;0;0;1;1;;
BIO;2013;670000272;670780543;1;1;0;1;1;1;0;0;0;0;1;1;1;0;0;0;0;0;1;210058;5241;0;;;;;;;;1;;1;9;1;;;;;1;;;;;;;;;1.8;;1;8.51;0.5;;;;;0;;;1;;
BIO;2013;670000397;670780691;1;1;0;1;1;1;0;0;0;0;1;1;1;0;0;0;0;0;1;873843;20187;80766;;;;;;;;;3;1;16;;;;;;;;;1;;;;;;;3;1;16.8;;;;;;;0;1;;1;0
BIO;2013;670783273;670780055;1;1;0;1;1;0;0;0;0;0;0;0;0;0;1;1;0;0;0;1864117;17930;17930;15563;8925;33683;206;1846;8059;2637;6;11;1;58;20;13;1;18;7;5;1;0;28;4;3;0;7;2;8;8.2;1;74.99;18.71;9.25;1;22.53;8.07;1;1;1;1;1;0
BIO;2013;680000684;680000973;1;1;0;1;1;0;1;1;0;0;1;1;1;1;1;1;0;0;1;2089332;82401;67966;15485;3060;21768;28;419;6825;939;;11;3;43;17;4;1;7;5;;3;;37;9;;;2;;;13.4;3;73.51;23.7;4;1;8.31;5;;0;;;1;
BIO;2013;680000874;680001179;1;1;0;1;1;0;0;0;0;0;0;0;1;0;0;0;0;0;0;112466;;;;;;;;;;;;;;;;;;;1;;;;;;;;;0.2;;;2.12;0.42;;;;;0;0;0;0;0;0
BIO;2013;680004546;680000486;1;1;0;1;1;0;1;1;0;0;1;1;1;1;1;1;1;0;1;1863211;327280;243930;13432;7558;12620;32;415;5473;1575;3;8;4;49;21;4;1;10;6;1;2;0;21;10;0;0;4;1;3.08;8.35;3.21;63.17;28.08;3.8;0.7;12.15;5.8;0;0;1;1;1;0
BIO;2013;690000575;690782222;1;1;0;1;1;1;1;1;0;0;1;1;1;1;0;0;0;0;1;696707;96802;88948;;;;;;;;4;;;17;3;;;;;2;;1;7;4;;;;;5.07;;0.9;22.34;6.58;;;;;0;;1;1;;0
BIO;2013;690000880;690783220;0;0;0;0;0;0;0;0;0;0;0;0;0;0;1;1;0;0;0;;;;6503;362;10930;103;165;9553;;;;;;;6;1;15;7;;;;;;7;0;8;0;;;;;;9.69;0.99;17.59;6.98;;;;;;
BIO;2013;690780093;750821092;1;1;0;1;1;1;0;1;0;0;1;1;1;1;0;0;0;0;1;578864;83530;0;;;;;;;;2;3;2;24;3;;;;;0;0;0;3;1;;;;;2;3;2;26.4;3.8;;;;;0;0;1;1;1;0
BIO;2013;690781836;690006598;1;0;0;1;1;1;0;0;0;0;1;1;1;1;0;0;0;0;0;227651;68662;64668;0;;0;;;;;;;;4;2;;;;;2;;;4;1;;;;;1.74;;;6.13;2.09;;;;;0;0;0;0;0;0
BIO;2013;690783154;690781810;1;1;0;1;1;0;0;0;1;0;0;0;0;0;1;1;0;0;1;2080405;247413;247413;4654;0;10880;0;139;1367;0;15;4;2;86;36;1;1;12;5;5;5;;21;10;4;;4;;21.33;8;2.18;102.14;44.89;4.48;0.8;14.48;4.64;0;;1;1;;1
BIO;2013;690784137;690781810;1;1;0;1;1;0;1;1;1;0;1;1;0;0;1;1;0;0;1;3293946;389091;389091;15463;24;22936;;923;2143;;18;1;;87;22;2;;15;;22;10;;61;;11;;5;;38.71;9.57;;132.38;21.59;8.08;;19.07;;;;;;;
BIO;2013;690784152;690781810;1;1;0;1;1;0;0;0;0;0;1;1;1;1;0;0;0;0;1;2326610;49562;49562;6346;;14481;;335;3249;;14;1;4;54;23;2;1;7;4;13;6;;20;8;6;;2;2;28.8;5.4;4.5;69.27;27.28;5.8;0.5;8.32;5.82;0;0;1;1;1;0
BIO;2013;690784178;690781810;1;0;0;1;1;0;0;0;0;1;1;0;1;1;1;0;1;1;1;2826708;173268;173268;7383;17;17264;1;1172;3384;;20;9;5;134;52;1;1;10;6;24;9;;60;12;12;;2;3;43.3;15.62;5.52;177.81;60.61;11.13;0.4;12.56;6.73;;;;;;
BIO;2013;690805361;690805353;1;1;0;1;1;1;0;1;0;0;1;1;1;0;0;0;0;0;1;1396407;15209;14915;;;;;;;;1;2;;21;3;;;;;;1;;7;1;;;;;0.8;2.95;;24.93;3.26;;;;;0;0;1;1;1;0
BIO;2013;700000011;700780026;1;1;0;1;1;1;0;0;0;0;1;1;1;0;0;0;0;0;0;156813;28241;14630;;;;;;;;1;;;4;1;;;;;2;;;;;;;;;1.5;;;4;1;;;;;0;;;1;;1
BIO;2013;700000029;700004591;1;1;0;1;1;1;1;1;0;0;1;1;1;0;0;0;1;0;1;1060484;;11000;;;;;;;;;;1;;6;;;;;;;;;2;;;;;;;1;;6.47;;;;;0;0;0;1;1;1
BIO;2013;710978263;710780958;1;0;0;1;1;0;0;0;1;0;1;1;1;1;0;0;0;0;1;798657;47466;19301;;;;;;;;3;;;20;8;;;;;2;;;11;2;;;;;4.6;;;26.66;8.24;;;;;;;;1;;
BIO;2013;710978289;710780263;1;1;0;1;1;1;0;1;0;0;1;1;1;1;0;0;0;0;1;763483;114631;1172;;;;;;;;5;;1;16;4;;;;;1;;;10;5;;;;;5.5;;1;23.5;7;;;;;;;;;;
BIO;2013;710978313;710976705;1;1;0;1;1;1;0;0;0;0;1;1;1;1;0;0;0;0;0;426655;384679;383500;;;;;;;;1;4;1;12;7;;;;;;;;5;2;;;;;0.07;3.04;0.41;16.67;6.23;;;;;;;;;;
BIO;2013;710978347;710781204;1;1;0;1;1;1;0;0;0;0;1;1;0;1;0;0;0;0;1;49500;23500;0;;;;;;;;;;;7;4;;;;;1;;;;;;;;;0.42;;;7;3.61;;;;;0;0;1;1;0;
BIO;2013;720000033;720000025;1;0;0;1;1;0;1;1;0;0;1;1;1;1;1;1;0;0;1;1385768;430728;235373;6667;261;8537;27;112;864;26;3;6;3;48;21;;;6;2;1;3;;38;11;;;1;1;3.88;7.94;3;75.98;28.78;;;5.98;3;0;0;0;1;1;1
BIO;2013;720016179;720016724;1;1;0;1;1;1;0;0;0;0;1;1;1;1;0;0;0;0;1;376536;23990;6310;;;;;;;;1;;;;2;;;10;3;2;;;;0;;;4;1;2;;;;2;;;13.14;3.29;;;;;;
BIO;2013;730000031;730000015;;;;;;;;;;;;;;;;;;;1;1191297;14034;4646;6869;2379;1186;102;5791;2058;591;7;;1;46;13;3;;5;4;2;;0;27;13;2;;3;2;8.3;;0.33;65.62;20.19;4.4;;6.14;5.06;0;;1;1;;0
BIO;2013;730000098;730780111;1;0;0;1;1;1;0;;0;0;1;1;1;0;0;0;0;0;1;236095;24081;17;;;;;;;;0;2;0;4;1;;;;;0;0;0;6;2;;;;;0;2;0;8.35;2.8;;;;;;0;0;;1;1
BIO;2013;730004298;730010048;;;;;;;;;;;;;;;;;;;;4011148;;;933;;14773;;;;;2;;;;;10;;;;10;;;;;;;;;8;;;;;10;;;;;;;1;;
BIO;2013;740000237;740781133;1;1;0;1;1;0;0;1;0;0;1;1;1;1;0;1;1;0;1;840594;101523;11485;;;;;;;;4;0;2;31;16;0;0;0;0;5;0;0;17;6;0;0;0;0;8.6;0;2;45.37;18.93;0;0;0;0;0;;1;1;;0
BIO;2013;740000302;740781216;1;0;0;1;1;1;0;0;0;0;1;1;1;0;0;0;0;0;1;389376;95319;;;;;;;;;;2;1;10;2;;;;;;1;0;3;3;;;;;;2.6;1;12.2;3.75;;;;;;0;1;;0;1
BIO;2013;740000328;740790381;1;1;0;1;1;1;0;1;0;0;1;1;1;0;0;0;0;0;1;567467;3800;17486;;;;;;;;4;;;;;;;;;;;;;;;;;;2.88;;;;;;;;;0;0;1;1;0;
BIO;2013;740780192;740780168;1;0;0;1;1;1;0;0;0;0;1;1;1;0;0;0;0;0;1;74272;54939;33827;0;;0;;;;;1;0;0;2;1;;;;;0;0;0;2;1;;;;;1;0;0;3.43;1.8;;;;;0;0;0;0;0;0
BIO;2013;740781141;740790258;1;1;0;1;1;0;0;0;0;0;1;1;1;1;0;0;0;0;1;454109;97133;80815;;;;;;;;1;2;1;13;3;;;;;;;1;14;1;;;;;1;2;0.34;23.27;3.27;;;;;0;0;;0;1;
BIO;2013;740781224;740001839;1;1;;1;1;1;;;;;1;1;1;;;;;;1;335464;18372;319;;;;;;;;3;;1;8;1;;;;;;;;10;2;;;;;2.95;;1;15.24;2.73;;;;;0;;1;1;;0
BIO;2013;750000481;750110025;1;0;0;1;1;0;1;1;0;0;1;1;1;1;0;0;0;0;1;112147;12018;1854;65;;1615;;;18;;1;1;1;13;3;;;;;9;;;;2;;;;;3.03;0.98;0.8;10.89;4.71;0.3;0.2;1.73;;0;1;0;0;1;0
BIO;2013;750000499;750140014;1;1;0;1;1;1;0;0;0;0;1;1;1;0;0;0;0;0;1;315540;61715;37818;14;;1530;;74;2161;;4;1;1;19;6;;1;6;6;1;1;0;0;1;;0;0;0;4.4;1.1;1.25;18.19;6.25;;1;5.57;5.87;;;1;1;;0
BIO;2013;750000523;750150120;1;1;0;1;1;1;0;1;0;0;1;1;1;1;1;0;0;0;1;2039964;487460;437569;3506;0;12743;0;636;354;0;5;2;1;37;17;2;2;5;5;8;1;2;24;4;4;0;0;1;13.44;2.34;1.67;53.49;14.98;3.68;1;5.94;4.2;0;0;0;1;1;0
BIO;2013;750100018;750712184;1;0;0;1;1;0;0;0;0;0;0;0;0;0;0;0;0;0;0;326255;;37002;1807;698;1705;9;121;2987;44;;;1;3;6;4;1;7;4;2;7;;1;;2;;2;1;0.1;2.75;1;11.3;9.9;2.9;1;8.9;4.9;0;1;1;0;0;0
BIO;2013;750100042;750712184;1;1;0;1;1;1;1;1;0;;1;0;1;1;1;1;0;0;1;1929092;;102496;6667;;11237;2103;379;3634;;32;;4;69;42;4;1;8;8;62;;1;17;7;9;1;5;1;60.8;;4.5;82.7;47.7;8.6;1;12.12;8.65;1;1;1;1;1;1
BIO;2013;750100075;750712184;1;1;0;1;1;1;1;1;1;0;1;1;1;1;1;1;0;0;1;3649040;;352224;12425;1100;14820;478;434;851;0;35;;7;152;38;5;1;17;9;143;;5;36;10;18;1;2;1;77.12;;9.9;182;43.77;10.1;1;18.7;9.74;1;1;1;1;1;1
BIO;2013;750100091;750712184;1;1;0;1;1;1;0;1;1;0;1;1;1;1;1;;0;0;0;2326387;239327;;1913;391;12584;99;230;4493;177;;;9;142;51;9;1;12;6;;;;;;4;;;;;;8.7;139.2;50.7;7.7;0.8;11.4;5.3;1;1;1;1;1;0
BIO;2013;750100109;750712184;1;1;;1;1;0;1;0;1;0;1;0;0;1;1;1;0;0;0;1082162;31568;;2823;1804;4658;39;38;354;;;;8;78;32;5;1;7;6;;;;;;3;;;;;;7.3;77.6;31.5;4.3;1;6.4;5.6;1;1;1;1;1;1
BIO;2013;750100125;750712184;1;1;0;1;1;1;0;1;1;1;1;1;1;1;1;1;0;0;0;5971250;144495;;8172;1498;32285;157;1395;1784;;65;;11;243;98;15;2;22;20;63;;5;29;19;2;;9;3;104.03;;14.16;263.58;92.59;14.2;2;26.67;19.75;1;;1;;;
BIO;2013;750100166;750712184;1;1;0;1;1;1;1;1;1;1;1;1;1;1;1;1;1;1;0;2730328;556431;;14480;4707;20531;62;377;1351;5;30;50;10;153;69;11;1;18;10;7;15;;41;9;15;0;3;2;25.15;50.2;9.83;182.75;72.95;12.9;1;17.63;9.83;1;1;1;1;1;0
BIO;2013;750100208;750712184;1;1;0;1;1;1;1;1;1;0;1;1;1;1;1;1;0;1;0;3034262;183415;183415;1293;0;7196;1;52;3392;24;;;7;128;46;2;1;10;5;;;0;32;12;14;0;2;0;;;7;154.94;54.3;7.7;1;10.97;5;1;1;1;1;1;1
BIO;2013;750100232;750712184;1;1;0;1;1;1;1;1;0;0;1;1;1;1;1;1;1;1;0;2881647;304083;2310313;6424;1880;15567;185;;420;2;40;5;9;108;39;;;;;1;;;26;5;;;;;40.8;5;9;133.85;43.5;;;;;1;1;1;0;0;0
BIO;2013;750100273;750712184;1;1;0;1;1;1;0;1;1;0;1;0;0;1;0;1;0;0;;1948985;;15562;9431;4;17518;;762;551;0;;;5;78;30;7;1;14;8;;;;;;6;;;;;;3.5;77.7;30;6.9;0.9;12.3;7.4;1;1;1;1;1;0
BIO;2013;750120016;750821092;1;1;0;1;1;1;0;0;0;0;1;1;1;0;0;0;0;0;1;322487;21941;3976;;;;;;;;;3;1;20;4;;;;;2;;;2;1;;;;;0.74;2.34;1;21.6;4.6;;;;;0;0;1;1;1;0
BIO;2013;750150013;750811887;0;0;0;0;0;0;0;0;0;0;0;0;0;0;0;0;0;0;;;;;515;374;178;0;0;;0;0;0;0;0;0;0;0;0;0;0;0;0;0;0;0;0;0;31;0;0;0;;0;0;0;0;0.13;0;0;0;0;0;0
BIO;2013;750150104;750720476;1;1;0;0;1;1;0;1;0;0;1;1;1;1;0;0;0;1;1;939425;275744;191199;2383;2;13179;4;1575;;;7;;1;38;6;3;1;4;4;1;;;1;3;4;;2;1;7.21;;0.96;36.12;7.99;4.8;0.96;5.12;4.22;;;;;;
BIO;2013;750150146;750720609;1;0;0;1;1;1;0;0;0;0;1;1;1;0;0;0;0;0;1;170570;32579;;;;;;;;;1;;;5;1;;;;;1;;;3;2;;;;;1.55;;;6.5;2.11;;;;;0;;0;0;;0
BIO;2013;750150237;750006728;1;1;0;1;1;1;0;0;0;0;1;1;1;0;0;0;0;0;1;403083;24371;16499;;;;;;;;5;;1;18;5;;;;;1;;;4;;;;;;4.82;;1;20.4;5.24;;;;;0;0;1;1;1;0
BIO;2013;750160012;750813321;1;1;0;1;1;1;0;0;0;0;1;1;1;0;1;1;0;0;0;632796;4594;3895;6601;128;17920;;2278;1816;;12;1;2;42;25;7;4;15;4;8;1;1;13;7;3;0;12;2;14.9;1.83;2.8;55.32;32.12;8.18;4;26.15;5.63;0;0;0;0;0;0
BIO;2013;750803447;750712184;1;1;0;1;1;1;0;1;0;0;1;1;1;1;1;1;0;0;0;2345698;119044;;4495;1715;19401;190;885;1168;2;9;22;6;82;35;9;1;9;5;4;6;1;23;7;7;;5;2;8.73;14.76;6.4;101.92;40.3;8.97;1;13.35;6.3;1;1;1;1;1;0
BIO;2013;750803454;750712184;1;1;0;1;1;0;1;1;1;0;1;1;1;1;1;1;0;0;0;1215241;259445;;2436;1532;3586;7;39;72;0;15;21;7;89;34;2;1;5;1;3;7;0;17;2;1;0;1;1;11.7;22.7;6.5;102.3;35.6;1.5;0.5;5.8;1.8;;;;;;
BIO;2013;760000018;760780023;1;1;0;1;1;0;1;1;0;0;1;1;1;1;0;0;0;0;1;16499118;1742347;673492;;;;;;;;;4;;19;3;;;;;;1;;2;2;1;;;;;4.16;;20.2;4.61;0.2;;;;0;0;;1;1;
BIO;2013;760000141;760780239;1;0;0;1;1;0;0;0;0;0;0;0;0;0;0;0;0;0;1;191738;8153;8153;;;;;;;;;;;4;2;;;;;;;;2;;;;;;;;;5.32;1.8;;;;;;;;;;
BIO;2013;760000158;760780239;1;1;0;1;1;0;1;1;0;1;1;1;1;1;1;1;1;0;1;5252928;351905;308720;6666;2155;25259;105;361;10423;964;33;5;4;98;50;10;2;17;13;5;7;1;61;16;6;;14;7;26.62;7.69;5.25;135.53;56.2;10.3;2.25;27.65;15.51;;;;;;0
BIO;2013;760000166;760780247;1;0;0;1;1;0;0;1;0;0;1;1;1;0;0;1;0;0;1;697934;49469;;3046;1;4185;;532;1136;;3;2;2;11;2;3;1;5;2;0;1;1;7;5;;;3;4;1.82;1.6;1.6;14.22;4.22;2.78;1;6.7;2.58;0;0;0;0;0;0
BIO;2013;760000463;760024042;1;0;0;1;1;1;1;0;0;0;1;1;1;1;0;0;0;0;1;1113586;87219;40857;;;;;;;;5;;1;16;6;;;;;;;0;13;5;;;;;5;;1;25.76;6.81;;;;;0;;;1;;
BIO;2013;760027292;760027300;1;;;;1;1;;;;;1;1;;;;;;;1;1603804;;;;;;;;;;;2;;9;;1;;;;;;;;;;;;;;2;;9;;1;;;;;0;0;;1;1
BIO;2013;760805770;760780726;1;1;0;1;1;0;1;1;0;0;1;1;1;1;1;0;0;0;1;1854649;33048;;5101;1748;7149;28;249;911;426;12;;5;36;27;3;0;2;4;3;;0;30;11;;0;4;2;13.11;;5;60.53;32.45;2.95;0;4.91;5.6;0;;;1;;
BIO;2013;770000131;770110013;1;1;0;1;1;1;1;1;0;0;1;1;1;1;1;0;0;0;1;504706;25816;7631;;;;;;;;5;;;15;7;;;;;0;;;1;;;;;;3.2;;;15.4;7.03;;;;;0;;;1;;
BIO;2013;770000149;770110021;1;1;0;1;1;1;1;0;0;0;1;1;1;1;0;0;0;0;1;433537;49129;7829;;;;;;;;;3;1;15;7;;;;;1;1;;5;;;;;;0.1;3;1;17.48;6.18;;;;;0;0;0;0;1;0
BIO;2013;770000156;770110054;1;1;0;1;1;1;0;1;0;0;1;1;1;0;0;0;0;0;1;987563;4695;161;0;;0;;;;;1;2;1;15;3;;;;;1;1;0;12;3;;;;;1.5;2.5;1;24.12;4.95;;;;;;;1;1;1;0
BIO;2013;770000172;770110070;1;1;0;1;1;1;0;0;0;0;1;1;1;1;0;0;0;0;1;510240;118700;;;;;;;;;2;2;1;12;2;;;;;;;;7;;;;;;2;1.27;0.8;16.87;2;;;;;0;0;;1;1;
BIO;2013;770000214;770130052;1;1;0;1;1;1;0;0;0;0;1;1;1;0;0;0;0;0;1;232330;24871;;;;;;;;;1;1;;10;2;;;;;;;;2;;;;;;1;1;;12.32;2;;;;;0;0;0;1;1;1
BIO;2013;770000446;770700185;1;1;0;1;1;0;1;1;0;0;1;1;1;1;1;0;0;0;1;998022;14748;;;;;;;;;1;6;1;26;;;;;;;2;;8;;;;;;1;6.28;1;33.98;;;;;;0;0;;;1;
BIO;2013;770019032;770170017;1;1;0;1;1;1;1;1;0;0;1;1;1;1;1;0;0;0;1;961351;3429;30754;5309;2059;6095;55;;14548;1671;9;;1;29;5;6;;7;2;2;;;3;2;2;;1;1;9.43;;0.75;29.83;7.05;4.68;0.13;7.72;3.15;;;;;;
BIO;2013;770150019;770019792;1;1;0;1;1;1;0;0;0;0;1;1;1;0;0;0;0;0;1;919148;544464;472746;;;;;;;;3;0;0;8;3;;;;;0;0;0;2;1;;;;;3;0;0;10.07;2.7;;;;;0;0;0;1;1;1
BIO;2013;780000287;780110011;1;1;0;1;1;1;0;1;0;0;1;1;1;1;0;0;0;0;1;1261656;22524;378;5702;2357;5165;47;;;;7;;2;24;7;2;1;3;7;1;;0;13;;0;;;1;6.1;;1.7;32.58;6.36;2.26;0.1;3;2.58;0;0;1;1;1;0
BIO;2013;780000295;780002697;0;0;0;1;1;1;0;1;0;0;1;1;1;1;0;0;0;0;1;502069;88614;32361;685;;2732;;111;5;;;3;1;13;3;;;2;1;;;;1;;1;;;;;3;0.25;13.8;3.04;0.95;;2;1;;;1;;1;
BIO;2013;780000311;780001236;1;0;0;1;0;1;1;0;0;1;1;1;1;1;1;1;1;1;1;1601882;58360;291800;4964;1043;9838;21;424;4202;685;11;3;3;63;35;8;1;6;6;2;3;;11;8;2;;4;2;9.01;5.34;2;68.65;25.82;4.75;0.44;8.98;7.48;0;0;0;1;1;
BIO;2013;780000329;780110052;1;1;0;1;1;1;1;0;0;0;1;1;1;0;1;1;1;1;1;754000;168400;112861;;;;;;;;;4;1;15;4;;;;;;;;7;2;;;;;;3.7;1;18.36;5.54;;;;;;0;1;;1;0
BIO;2013;780150017;750005068;1;1;0;1;1;1;0;1;0;1;1;0;1;1;0;0;0;0;1;525966;;1459161;;;;;;;;3;;;;;;;;;;1;13;;;;;;;3;0.5;13;;;;;;;0;0;;1;1;
BIO;2013;780300323;780003679;1;0;0;0;0;0;0;0;0;0;1;0;0;0;0;0;0;0;1;;;;0;;3712;;;;;;;;;;1;;;;;;;;;;;;;;;;;;1;;;;;;;;;
BIO;2013;780300422;780002259;;;;;;;;;;;;;;;;;;;;;;;;;;;;;;;;;;;;;;;;;;;;;;;;;;;;;;;;;;;;1;;
BIO;2013;780800256;780110078;1;1;0;1;1;1;1;1;0;0;1;1;1;1;1;1;0;0;0;1349639;297135;;4209;1622;7270;17;141;4186;28;15;7;2;46;14;3;;6;4;13;;0;16;3;1;;;;16.7;5.55;1.2;58.27;18.67;3.68;;6;4;1;1;1;1;1;0
BIO;2013;790000087;790000012;1;1;0;1;1;1;1;1;0;0;1;1;1;1;0;0;0;0;1;1201044;98140;33965;7112;1;8582;1;479;2556;2;6;;2;35;12;3;;4;2;;;;4;2;1;;2;2;6;;2;42.32;13.61;3.8;;5.48;3.8;0;;0;1;;0
BIO;2013;790000095;790006654;1;1;0;1;1;1;0;0;0;0;1;1;0;0;0;0;0;0;0;70255;1189;0;;;;;;;;1;2;1;2;;;;;;;1;;4;1;;;;;0.2;0.6;0.2;4.97;0.25;;;;;0;0;1;1;1;0
BIO;2013;790003537;790006654;1;1;0;1;1;1;0;0;0;0;1;1;1;0;0;0;0;0;0;193507;2234;0;;;;;;;;1;2;1;6;1;;;;;;1;;8;5;;;;;0.8;1.2;0.8;11.3;3.85;;;;;0;0;1;1;1;0
BIO;2013;800000143;800000028;1;1;0;1;1;1;1;1;0;0;1;1;1;1;0;0;0;0;1;1312136;33780;32108;;;;;;;;0;3;1;14;7;0;0;0;0;0;1;0;8;1;0;0;0;0;0;3.28;1;21.09;6.5;0;0;0;0;0;0;1;0;1;0
BIO;2013;800000192;800000044;1;1;;1;1;;;;;;;;;;;;;;1;994114;454;90;12848;5163;22302;73;329;1605;;3;3;2;7;3;5;1;8;6;;1;;6;1;1;;4;3;2.8;2.7;0.88;12.19;5.86;3.39;1;10.3;7.03;1;1;1;1;1;0
BIO;2013;800000226;800000069;1;0;0;1;1;1;0;0;0;0;1;1;0;1;0;0;0;0;1;191637;0;0;0;0;0;0;0;;;;;;5;;;;;;;;;1;2;;;;;;;;5.26;0.82;;;;;;;0;;;1
BIO;2013;800000390;800000085;1;1;0;1;1;1;0;1;0;0;1;1;1;0;0;0;0;0;1;2862165;;;;;;;;;;;1;1;6;;;;;;;;;1;;;;;;;1;1;6.27;;;;;;;;;;;
BIO;2013;800000432;800000093;1;1;0;1;1;1;0;0;0;0;1;1;1;0;0;0;0;0;1;166051;6229;991;0;;0;;;;;1;;;4;;;;;;;;;;2;;;;;1;;;4;1.3;;;;;0;;0;0;;1
BIO;2013;800002610;800000044;0;0;0;0;0;0;0;0;0;0;0;0;0;0;1;1;1;1;1;5618;791;;;;;;;;;;2;1;10;4;;;;;;;;;;;;;;;1.99;0.35;9.5;3;;;;;;;1;;;0
BIO;2013;800006124;800000044;1;1;1;1;1;1;1;1;1;;1;1;1;1;1;1;;;1;3466215;94447;67583;;;;;;;;31;16;8;93;34;;;;;9;1;;27;9;;;;;28.63;10.65;7.14;108.93;38.27;;;;;1;1;1;1;1;1
BIO;2013;810000505;810000331;1;1;0;1;1;0;0;0;0;0;1;1;1;1;0;0;0;0;1;368158;93804;64847;;;;;;;;3;0;1;17;5;0;0;0;0;0;0;0;0;0;0;0;0;0;3;0;0.8;14.89;5;0;0;0;0;;;;;;
BIO;2013;810000521;810000380;1;0;0;1;1;0;0;1;0;0;1;1;1;0;0;0;0;0;1;562292;20918;1167;;;;;;;;1;3;2;14;6;;;;;1;;;6;4;;;;;1.3;3;1.18;18.23;6.38;;;;;0;0;1;1;1;0
BIO;2013;820000032;820000016;1;1;0;1;1;0;0;0;0;0;1;1;1;1;0;0;0;0;1;456885;23277;45214;4840;3219;2517;42;38;624;4;4;;2;13;8;;;1;1;;;;9;1;2;;1;1;3.6;;1.14;20.13;6.99;1.2;;1.08;0.84;0;0;0;1;0;0
BIO;2013;820000883;820004950;1;1;0;1;1;0;0;0;0;0;1;1;1;1;0;0;0;0;1;148392;6674;;;;;;;;;;;;6;1;;;;;1;;;;;;;;;0.4;;;6;0.08;;;;;0;;0;1;;1
BIO;2013;830000279;830100517;1;1;0;1;1;1;0;0;0;0;1;1;1;0;0;0;0;0;1;429018;106613;20911;;;;;;;;2;;1;12;3;;;;;2;;;;;;;;;0.96;;1;11.51;1.9;;;;;0;;1;1;;0
BIO;2013;830000287;830100525;1;1;0;1;1;1;0;0;0;0;1;1;1;1;0;0;0;0;1;551233;9634;8204;;;;;;;;1;3;1;12;3;;;;;;2;;6;3;;;;;1;3.4;1;16.2;4.8;;;;;0;0;1;1;1;0
BIO;2013;830000295;830100533;1;1;0;1;1;1;0;1;0;0;1;1;1;0;0;0;0;0;1;618095;150245;139770;;;;;;;;1;2;3;7;2;;;;;;1;0;14;3;;;;;1;2.39;3;17.9;4.93;;;;;0;;1;1;;0
BIO;2013;830000303;830100541;1;0;0;1;1;0;0;0;0;0;1;1;1;0;0;0;0;0;0;215582;29445;29445;;;;;;;;;1;1;4;2;;;;;2;;;2;2;;;;;0.59;1;1;5.4;3;;;;;0;0;0;0;0;0
BIO;2013;830000311;830100566;1;1;0;1;1;1;0;0;0;0;1;1;1;0;0;0;0;0;1;995449;14515;;;;;;;;;5;;2;21;4;;;;;;;;2;1;;;;;4.15;;1.05;21.17;3.58;;;;;0;;1;1;;0
BIO;2013;830000345;830100616;1;1;0;1;1;0;1;1;1;0;1;1;1;1;1;0;1;0;0;1944408;200943;181886;4772;9;9926;1;520;6892;;11;;2;42;10;;0;6;6;2;;1;19;2;;1;1;1;11.62;;2.14;68.15;19.17;;0.35;7.07;6.5;;;;1;;
BIO;2013;830100392;830000154;1;1;0;1;1;1;1;1;0;1;1;1;1;1;0;0;1;0;1;87332;81554;142562;;;;;;;;1;;;1;1;;;;;;;;7;;;;;;1;;;4;1;;;;;0;;0;1;;1
BIO;2013;830100574;750821092;1;1;0;1;1;1;0;1;0;0;1;1;1;1;0;0;0;0;1;1075087;78002;8501;4497;;3714;;121;17;;5;2;1;36;5;2;1;4;1;;;;3;1;;;;;4;1.9;1;36.5;5.8;2;0.1;3.6;1;;;1;1;1;
BIO;2013;840000418;840004659;1;1;0;1;1;1;0;0;0;0;1;1;1;1;0;0;0;0;1;6163998;;;;;;;;;;1;;;6;1;;;;;3;;;7;3;;;;;2.4;;;10.3;3.2;;;;;0;;;1;;
BIO;2013;840000483;840000087;1;0;0;1;1;1;0;0;0;0;1;1;1;0;0;0;0;0;1;415226;16740;14673;;;;;;;;1;;1;;;;;11;3;2;;;;;;;;;1.7;;1;;;;;10.44;2.27;0;0;1;1;0;0
BIO;2013;840000541;840000137;;1;;;;;;;;;;;;;;;;0;0;85282;;;0;;0;;;;;;;;3;1;;;;;1;;;;1;;;;;0.6;;;3;1.5;;;;;0;0;0;0;0;0
BIO;2013;840001861;840006597;1;1;;1;1;1;1;1;1;;1;1;1;1;;;;;1;1513952;302078;;5564;2287;9227;4;516;;109;0;9;4;45;9;3;;6;4;1;1;;20;6;2;;1;;0.2;9.3;3.03;60.08;15.03;3.83;;6.4;4;0;0;;1;1;
BIO;2013;850000142;850000019;1;1;0;1;1;0;0;1;0;0;1;1;1;1;0;0;0;0;1;1323628;110755;70746;4542;68;12646;147;687;4082;0;;;1;21;15;4;1;7;6;;6;2;21;6;2;;3;1;;5.5;1.86;39.28;17.26;4.5;0.18;7.76;3.54;;0;0;;1;0
BIO;2013;850000175;850009010;1;1;0;1;1;1;0;0;0;0;1;1;1;0;0;0;0;0;1;417036;6576;30145;;;;;;;;3;;;9;;;;;;;;;6;2;;;;;3.27;;;13.47;1.26;;;;;0;;1;1;;0
BIO;2013;850000209;850000019;1;0;0;1;1;0;0;0;0;0;0;0;0;0;0;0;0;0;0;192727;0;;;;;;;;;;;;4;1;;;;;6;;;5;;;;;;0.5;;;8.45;1.2;;;;;0;;1;0;;0
BIO;2013;850009630;850000035;1;1;0;1;1;1;0;0;0;0;1;1;1;0;0;0;0;0;1;431210;132998;48530;;;;;;;;;;;5;2;;;;;2;;;8;2;;;;;1.6;;;10.59;2.38;;;;;0;;;1;;
BIO;2013;860000025;860780063;1;1;0;1;1;1;0;0;0;0;1;1;1;0;0;0;0;0;1;403309;40737;;;;;;;5832;35;1;2;;15;2;;;;;;;;2;2;;;;;1.33;2;;16.54;3.11;;;;;0;0;0;1;1;1
BIO;2013;860000223;860013077;1;1;0;1;1;1;1;1;0;0;1;1;1;1;1;1;1;1;1;4383987;410785;346117;8024;1074;16779;62;1366;1548;13;15;26;7;116;45;6;1;9;4;3;5;;32;7;5;;3;1;11.19;25.25;5.5;132.04;35.25;4.59;0.8;9.5;6.28;0;0;1;1;1;1
BIO;2013;860010321;860010313;1;1;0;1;1;1;1;1;0;0;1;1;1;1;0;0;1;0;1;149334;274992;34716;267;;15032;;345;;;2;14;;7;4;3;;5;5;;;;;;;;5;1;2;14;;7;4;3;;9.03;5.91;1;;;1;;
BIO;2013;870000064;870000015;1;1;0;1;1;1;1;1;1;1;1;1;1;1;1;1;1;1;1;3182481;203137;176092;56533;2653;188687;170;1873;13132;13;18;20;5;117;68;10;1;20;10;27;2;;31;3;7;;7;1;26.27;14.2;4.25;133.72;45.29;7.46;1;23.3;9.88;0;0;;1;1;
BIO;2013;870014859;870000015;0;0;0;0;0;0;0;0;0;0;0;0;0;0;1;1;1;1;1;25056;1024;870;;;;;;;;2;;;4;;;;;;1;;;;2;;;;;2.08;;;3.25;1.71;;;;;0;0;;1;1;
BIO;2013;880000021;880007059;1;0;0;1;1;1;1;1;0;0;1;1;1;1;0;0;0;0;1;114099;14123;766;;;;;;;;;;1;19;5;;;;;;;;5;2;;;;;;;1;23.03;5.86;;;;;;0;1;;1;0
BIO;2013;880000047;880780077;1;1;0;1;1;1;1;1;0;0;1;1;1;1;0;0;0;0;1;560175;135020;5969;;;;;;;;;3;1;12;3;;;;;;1;0;3;1;;;;;;3.3;1;14.3;3.9;;;;;;;1;;1;
BIO;2013;880000054;880007299;1;0;0;1;1;1;1;1;0;0;1;1;1;0;0;0;0;0;1;365300;57581;25662;;;;;;;;3;;1;13;4;;;;;1;;;5;2;;;;;3.5;;1;17.77;4.22;;;;;0;;0;1;;1
BIO;2013;880000062;880780093;1;1;0;1;1;1;0;0;0;0;1;1;1;1;0;0;1;0;1;460866;110709;554;;;;;;;;1;3;;17;4;;;;;0;0;;2;1;;;;;1;2.14;;16.61;4.23;;;;;0;0;1;1;1;0
BIO;2013;890975527;890000037;1;1;0;1;1;;0;0;0;0;1;1;1;0;0;0;0;0;1;799458;;45020;;;;;;;;;4;2;16;5;;;;;;;;3;1;;;;;;4;2;18.4;5.8;;;;;;0;1;1;1;
BIO;2013;890975543;890000417;1;1;0;1;1;0;0;0;0;0;1;0;0;0;0;0;0;0;0;262633;;;;;;;;;;2;;1;5;2;;;;;;;;4;;;;;;2.19;;0.63;8.49;1.08;;;;;0;;1;1;;0
BIO;2013;890975550;890970569;1;1;0;1;1;0;1;1;0;0;1;1;1;1;0;0;0;0;1;1082329;36159;14012;0;0;0;0;0;0;0;1;2;1;17;5;0;0;0;0;0;0;0;5;0;0;0;0;0;1;1.9;1;20.28;5.27;0;0;0;0;0;0;0;1;1;
BIO;2013;890975568;890000433;1;1;0;1;1;1;0;0;0;0;1;1;1;0;0;0;0;0;0;169942;1527;0;;;;;;;;2;;;5;1;;;;;;;;2;;;;;;1.25;;;6.03;1;;;;;;;;;;
BIO;2013;900000167;900000365;1;1;;1;1;1;1;1;1;0;1;1;1;0;0;0;1;0;1;2214833;427665;77252;18977;10739;16105;77;775;2415;1140;2;6;2;30;13;3;1;1;;;;;7;5;;;1;;2;4.65;1.25;31.58;15.75;2;0.37;3.65;;0;0;1;1;1;0
BIO;2013;910000272;910110014;1;1;0;1;1;1;1;0;0;0;1;1;1;1;0;0;0;0;1;439738;15778;;;;;;;;;2;;;14;4;;;;;1;;;;2;;;;;2.6;;;14;5.3;;;;;0;;0;1;;0
BIO;2013;910000280;910019447;1;1;0;1;1;1;1;0;0;0;1;1;1;1;0;0;0;0;1;527003;7225;6569;;;;;;;;;3;1;14;6;;;;;;;;2;2;;;;;;3;0.5;14.3;6.14;;;;;;0;1;;1;0
BIO;2013;910000298;910110055;1;0;0;1;1;1;0;0;0;0;1;1;1;0;0;0;0;0;1;1106662;44285;20523;3387;1677;4338;0;112;7682;866;4;;;21;8;2;;3;4;;;;8;;2;;;2;4;;0.67;29.73;7.55;3.1;;3;4.8;0;0;1;0;1;0
BIO;2013;910000306;910110063;1;1;0;1;1;1;0;1;0;0;1;1;1;1;0;0;0;0;1;519456;25627;3151;;;;;;;;3;;;14;4;;;;;1;;1;2;1;;;;;3.6;;0.8;15.27;4.8;;;;;0;0;1;1;1;0
BIO;2013;910001973;910019447;1;1;0;1;1;1;0;0;0;0;1;1;0;0;0;0;0;0;1;489552;75276;74716;;;;;;;;;2;1;15;4;;;;;;;;2;2;;;;;;1.99;0.5;14.83;5;;;;;;0;1;;1;0
BIO;2013;910020254;910002773;1;;;1;;;;;;;;;;;;;;;;;;;5734;2563;7984;17;242;5615;30;16;;2;54;18;3;;5;3;;;;11;4;;;;1;10.31;;2;54.4;18;2.3;;5;3.9;;;;;;
BIO;2013;910150010;910014919;1;1;0;1;1;1;0;0;0;0;1;1;1;0;0;0;0;0;1;79030;40104;286455;;;;;;;;2;;;4;3;;;;;;;;2;;;;;;1.83;;;5.81;3.02;;;;;0;;0;0;;0
BIO;2013;910150028;750811184;1;1;0;1;1;0;0;0;0;0;1;1;1;0;0;0;0;0;0;372950;3540;3540;0;;0;;;0;;1;;1;8;2;;;;;;1;;2;;;;;;1;0.8;1;9.85;2;;;;;0;0;0;0;0;0
BIO;2013;910300144;910000447;1;0;0;1;1;1;0;0;0;0;1;1;1;0;0;0;1;0;1;209955;200540;;;;;;;;;2;;;8;5;;;;;0;;;1;2;;;;;2;;;7.5;6;;;;;0;;0;1;;1
BIO;2013;910300219;910003888;1;1;0;1;1;1;0;0;0;;1;1;1;1;0;0;0;0;1;698433;19787;974963;;;;;;;;;3;1;16;16;;;;;;1;;2;;;;;;;3.8;1;18;16;;;;;;0;1;;1;0
BIO;2013;920000460;750813321;1;;;1;;;;;;;;;;;;;;;0;20787;;3455;3023;1371;6191;2;1152;2177;8;1;2;0;4;5;8;0;5;4;0;2;0;4;3;3;0;5;2;1;3.4;0.2;7.85;6.96;9.2;1.08;9.32;5.36;0;0;0;0;0;0
BIO;2013;920000577;920110020;1;1;0;1;1;1;0;1;0;0;1;1;1;;0;0;0;0;1;475355;698;0;;;;;;;;1;2;1;15;4;;;;;;;;3;;;;;;1;2;1;17.4;4;;;;;0;0;1;1;1;0
BIO;2013;920000585;920026374;1;1;0;1;1;1;0;0;0;0;1;1;1;0;0;0;1;0;0;735739;3981;1573;0;0;0;0;0;0;0;3;0;1;13;3;;;;;0;0;;6;1;;;;;2.96;0;1;17.36;4.26;;;;;0;;;1;;1
BIO;2013;920000635;920150026;1;1;0;1;1;0;0;0;0;0;1;1;1;1;0;0;0;0;1;96886;47270;;0;;0;;;0;;1;1;;2;1;;;;;0;0;;1;;;;;;1;1;;2.5;1;;;;;0;0;0;0;0;0
BIO;2013;920000643;920150034;1;1;0;1;1;1;0;0;0;0;1;1;1;0;0;0;0;0;1;459485;33932;;;;;;;;;;2;;14;2;;;;;1;1;;1;1;;;;;0.6;2.8;;13.8;2.5;;;;;0;0;1;1;1;0
BIO;2013;920000650;920150059;1;1;0;1;1;1;1;1;0;0;1;1;1;1;1;0;0;0;1;1555387;;8973;3152;;19521;;1051;755;;7;;;46;19;6;1;8;6;6;;;4;2;2;;;1;10.99;;;49.17;19.74;7.71;1;8;6.86;0;0;0;1;1;0
BIO;2013;920000684;920150091;1;0;0;1;1;0;0;0;0;0;1;1;1;1;0;0;0;0;0;151682;741;741;617;;5415;;1336;317;;2;;;26;5;3;;4;4;3;;;2;;;;;;3.91;;;26.02;5;3;;4;4;0;0;1;0;0;0
BIO;2013;920100013;750712184;1;1;0;1;1;1;1;1;1;;1;1;1;1;1;1;0;0;0;;;;2647;157;5942;4;;862;136;34;;;;;4;1;6;3;15;;;;;4;0;1;1;22.78;;;;;3.44;1;8.27;3.93;0;;;;;
BIO;2013;920100021;750712184;1;1;0;1;1;0;0;0;0;0;1;0;1;0;1;0;1;1;0;1422499;417782;185863;2548;7217;7217;7;100;756;0;8;10;2;58;22;2;0;6;3;9;8;1;13;6;4;1;1;3;9.4;8.5;2.4;64.3;25.8;2.4;0.5;6.8;5.2;1;1;1;1;1;0
BIO;2013;920100039;750712184;1;0;0;1;1;0;0;0;0;0;1;1;1;1;0;0;0;0;0;1257750;95309;1176121;2815;1;10061;;;1511;;17;;4;48;24;7;;;;1;;;5;4;;;;;17.8;;4;52.5;27.5;7;;;;1;1;1;0;0;0
BIO;2013;920100047;750712184;1;0;0;1;1;1;0;0;0;0;1;1;1;1;0;0;0;0;0;782326;7558;555300;3324;1;4685;;;4690;32;11;;2;40;;4;11;;;1;;;8;;5;3;;;11.6;;2;47.7;;5.7;14;;;1;1;1;0;0;0
BIO;2013;920100054;750712184;1;1;0;1;1;1;0;0;0;0;1;0;1;0;0;0;0;0;0;;;;73;;1;;;256;;14;;3;32;45;;;;;11;;3;1;4;;;;;13.26;;3;33.74;48.86;;;;;;;;;;
BIO;2013;920120011;750821092;1;1;0;1;1;0;0;0;1;0;1;1;1;1;0;0;0;0;1;722518;110828;59774;1598;0;2398;0;34;0;0;4;3;1;34;2;1;1;1;1;1;0;1;2;;1;;1;;4.4;3;1.75;35.3;2;1.15;0.25;1.5;1;0;0;1;1;1;1
BIO;2013;920300787;920000981;1;0;0;1;1;1;0;0;0;0;1;1;1;1;0;0;1;0;1;707018;21675;1700;;;;;;;;;4;3;18;3;;;;;;1;;3;;;;;;;4.9;3;20.1;3;;;;;;0;1;;1;0
BIO;2013;930000286;930021480;1;1;0;1;1;1;1;1;0;0;1;1;1;1;1;0;0;0;1;1195451;45762;27775;3253;1255;5931;22;296;5207;1025;7;;;;;5;1;6;5;2;;;;;1;;;;7.9;;;;;5.1;1;5.16;5;0;0;;1;0;
BIO;2013;930000302;930110036;1;1;0;1;1;;0;0;0;0;1;1;1;;0;0;0;0;1;469353;3898;3299;;;;;;;;;8;2;29;11;;;;;;;;2;;;;;;;8;2;30;11;;;;;0;0;1;0;1;
BIO;2013;930000328;930110051;1;1;0;1;1;1;1;1;1;0;1;1;1;1;1;0;0;0;0;1342440;291295;122679;3181;1715;4174;71;34;49;46;7;;3;54;14;1;;2;3;4;;;8;7;;;;;9.4;;3;50.91;19.37;1;;1;2.5;;;;1;;
BIO;2013;930000336;930110069;1;0;0;1;1;1;1;1;1;0;1;1;1;1;1;0;0;0;0;1079288;33167;29074;4395;1588;5332;13;120;119;;3;5;1;40;10;3;;3;2;;1;;3;1;1;;;;3;5.5;1;42.4;10.6;3.8;;3;2;;;1;1;1;
BIO;2013;930100037;750712184;1;1;0;1;1;0;1;1;1;0;1;1;1;1;1;1;0;0;0;1146475;47618;42904;2446;;8983;;162;551;;32;;4;75;15;6;1;7;5;;;;;;;;;;21.06;;4;70.24;13.49;3.8;1;5.72;4.36;0;;1;1;;0
BIO;2013;930100045;750712184;1;1;0;1;1;1;0;0;;0;1;1;1;1;1;0;1;1;0;905764;133389;131232;3217;2132;4202;;159;927;;27;;3;64;17;5;1;5;4;;;;;;;;;;21.26;;3;59.24;13.17;2.59;1;5;3.86;;;;;;
BIO;2013;930300553;930000633;1;0;0;1;1;1;0;0;0;0;1;1;1;0;0;0;0;0;1;5200000;160000;0;;;;;;;;1;1;;12;6;;;;;;;;5;;;;;;1;1;;14;6;;;;;0;0;1;1;1;0
BIO;2013;940000573;940110018;1;1;0;1;1;1;1;1;1;0;1;1;1;1;0;0;0;0;0;945047;65181;11169;2039;1237;13924;58;421;165;2;11;;3;45;20;;;6;2;10;;1;17;2;;1;3;1;11.17;;3.6;54.26;20.38;;0.8;7.53;2.49;;;;;;
BIO;2013;940000599;940110042;;;;;;;;;;;;;;;;;;;;;;;2924;1205;3942;;66;1093;;;;;;;1;;3;2;;;;;;2;;0;1;;;;;;2;;3;2.8;;;;;;
BIO;2013;940000649;940150014;1;1;0;1;1;1;1;1;0;0;1;1;1;1;0;0;0;0;1;2102215;46017;150015;;;;;;;;1;2;;29;5;;;;;1;1;;1;;;;;;1.8;2.8;;28.26;4.84;;;;;0;0;1;1;1;0
BIO;2013;940000656;940150022;1;0;0;1;1;0;0;0;0;0;1;1;1;0;0;0;0;0;1;46425;6934;;;;205;;;;;;1;;4;;0;;;;;;;;;;;;;;1;;4;;;;;;0;0;0;0;0;0
BIO;2013;940000664;940160013;1;1;0;1;1;0;0;0;0;0;1;1;1;1;;1;0;0;0;15565678;13581377;3081132;17152;1761;9813;;1455;1801;3;6;10;6;45;4;14;1;19;26;1;1;;5;1;7;1;1;2;5.85;10.21;5;47.47;4.99;16.59;1.04;19.71;21.48;;;;;;
BIO;2013;940016868;940016819;1;1;0;1;1;0;0;0;0;0;1;1;1;0;0;0;0;0;0;320608;;;;;;;;;;3;0;1;8;4;;;;;2;0;0;3;0;;;;;3.87;0;1;10.77;4;;;;;0;0;;0;0;
BIO;2013;940100027;750712184;1;1;0;1;1;1;0;1;1;0;1;1;1;1;1;1;0;0;0;3074068;683824;50552;6689;0;17053;0;583;2239;0;8;14;8;122;52;3;2;14;12;38;12;0;27;3;23;0;5;1;42.9;24.2;8;148.87;54.52;22.46;2;18.4;12.86;1;1;1;1;1;1
BIO;2013;940100035;750712184;1;0;0;1;1;0;0;0;0;0;1;0;0;0;0;0;0;0;0;53612;93;;;;;;;;;2;;;4;4;;;;;;;;1;2;;;;;2;;;4.7;4.9;;;;;0;0;;0;0;
BIO;2013;940100043;750712184;1;1;0;1;1;1;1;1;0;0;1;1;1;0;1;0;0;0;;;;;7159;1955;18564;286;396;1112;0;17;32;6;104;38;9;1;14;6;5;11;1;17;6;8;0;1;0;15.4;30.5;6.8;118.2;43.7;8.1;1;14.5;5.5;;;;;;
BIO;2013;940100068;750712184;1;1;0;1;1;0;0;0;0;0;0;0;1;1;0;1;0;0;0;1355839;428533;128560;0;0;0;0;0;0;0;6;14;2;;36;19;;;;5;6;;;12;3;;;;5.5;12.7;2;;46.6;21.6;;;;1;1;0;;;0
BIO;2013;940120017;750821092;1;1;0;1;1;1;0;1;0;0;1;1;1;1;1;0;0;0;1;588916;59449;36930;2055;974;3852;;;5342;;3;2;2;31;5;3;;4;2;1;1;0;3;;1;;2;;3.5;2.5;1;33.2;5;3.2;;5.5;2;0;0;1;1;1;0
BIO;2013;950000307;950110015;1;;;1;1;1;1;1;0;0;1;1;1;1;1;0;1;0;1;2086621;79353;79353;5625;2007;7409;23;211;87;0;5;4;3;31;19;4;0;4;3;1;0;0;10;5;0;1;0;0;5.55;3.2;3.23;37.21;22.34;4;0.8;4;3;0;0;0;0;0;0
BIO;2013;950000315;950001370;1;1;0;1;1;1;0;0;0;0;1;1;1;1;0;0;0;0;1;422326;112810;105957;0;;0;;;;;;;1;11;5;;;;;;;;7;1;;;;;;;0.5;15.71;5.8;;;;;0;0;1;0;0;0
BIO;2013;950000323;950013870;1;1;0;1;1;1;0;0;0;0;1;1;1;0;0;0;0;0;1;1011798;53618;43381;2640;957;5258;15;68;255;1;8;;3;39;12;2;1;3;3;2;;;4;1;1;;;1;9.17;;2.22;41.73;13.43;2.68;0.43;3;3.6;1;;0;1;;0
BIO;2013;950000331;950110049;1;1;0;1;1;1;1;1;0;0;1;1;1;1;0;0;1;0;1;1459670;39614;15207;1826;0;5352;0;29;18;0;9;;;39;15;2;;4;4;4;;;6;4;0;;;;11.4;;;44.3;17.08;2;;4;3.04;0;0;;1;0;
BIO;2013;950000364;950110080;1;1;0;0;1;0;0;1;0;0;1;1;1;1;0;0;0;0;1;1299125;121364;2050;5410;1871;11333;65;;2030;0;;;;38;15;;;4;4;;;;5;4;;;3;1;;;;42.83;18.91;;;7.75;5;;;;;;
BIO;2013;950300244;950000539;1;1;0;1;1;0;0;0;0;0;0;0;1;0;0;0;0;0;1;43214292;1827985;1945215;;400;9889;1;130;13323;7386;;1;;6;;2;;2;1;;0;;5;1;;;;1;;1;;9.7;0.3;2;;2;1.8;1;;1;0;;
BIO;2013;970100392;970100178;1;1;0;1;1;1;0;0;0;0;1;1;1;0;0;0;0;0;1;331875;93983;24506;;;;;;;;;2;1;18;5;;;;;;1;;;;;;;;;2.5;1;18;5;;;;;;0;1;;1;
BIO;2013;970100426;970100202;1;1;0;1;1;1;1;1;0;0;1;1;1;0;0;0;0;0;1;128921;51532;6196;;;;;;;;1;;;6;3;;;;;1;;;;;;;;;1.32;;;6;3;;;;;0;;0;1;;1
BIO;2013;970100442;970100228;1;1;0;1;1;0;0;1;1;;1;1;1;1;1;0;;;1;1228308;41586;28525;;;;;;;;4;7;3;54;30;3;;5;8;;;;5;;;;3;;8;;;60.03;43.3;3;;7.7;6.75;0;0;1;1;1;
BIO;2013;970100483;970100285;1;1;0;1;1;0;0;0;0;0;1;1;1;0;0;0;0;0;1;19632;31442;10832;;;;;;;;;1;0;3;0;0;0;0;0;0;0;0;0;0;0;0;0;0;0;1;0;3;0;0;0;0;0;;0;0;;0;0
BIO;2013;970107249;970100731;1;0;0;1;1;0;0;0;0;0;1;1;1;1;0;0;0;0;1;6651021;;;;;;;;;;1;1;;8;5;;;;;;;;;;;;;;1;1;;8;5;;;;;;;;1;1;1
BIO;2013;970200044;970202164;1;0;0;1;1;0;1;0;0;0;1;1;1;0;0;0;0;0;1;59345;43858;3647;;;;;;;;;;;3;;;;;;;1;;;;;;;;;0.6;;3;;;;;;;0;0;;0;0
BIO;2013;970211215;970211207;1;1;0;1;1;1;1;1;1;0;1;1;1;1;1;1;1;0;1;242483;104762;;13668;1364;;19;501;;;16;0;4;75;29;5;1;11;5;3;0;0;2;1;0;0;0;0;16.8;0;4;76.11;29.76;3.37;1;11;5;0;;1;1;;0
BIO;2013;970211223;970211207;1;0;0;1;1;1;0;0;0;0;1;1;0;0;0;0;0;0;1;7646960;510102;;;;;;;;;2;0;1;14;4;;;;;0;0;0;0;0;;;;;2;0;1;14;4;;;;;0;;1;1;;0
BIO;2013;970211231;970211207;1;0;0;1;1;1;0;0;0;0;1;0;0;0;0;0;0;0;1;4674316;817591;2741473;;;;;;;;3;0;1;14;8;;;;;0;0;0;2;0;;;;;3;0;1;16;7.83;;;;;0;;0;0;;0
BIO;2013;970300026;970302022;1;1;0;1;1;0;1;1;1;0;1;1;1;1;0;0;0;0;0;262915;2815;1306;2113;802;2816;96;11;105;33;6;4;1;37;8;2;;3;3;;;;2;;;;;;5.25;4;1;36.45;7.36;1.52;;2.87;2.8;0;0;1;1;1;0
BIO;2013;970300083;970302121;1;1;0;1;1;1;0;1;0;0;1;1;1;1;0;0;0;0;1;18151860;1529844;;;;;;;;;2;;;;;;;;;;;;;;;;;;2;;;;;;;;;0;0;1;1;1;0
BIO;2013;970400024;970408589;1;1;0;1;1;0;0;0;1;0;1;1;1;1;1;1;0;0;1;1514454;47938;23462;3853;2038;7486;211;91;4493;62;14;0;2;61;5;3;1;6;0;2;0;0;1;0;0;0;0;0;12.41;0;2;57.4;5;2.63;1;5.03;0;0;0;1;1;1;1
BIO;2013;970400057;970408589;1;1;0;1;1;1;1;0;0;1;1;1;1;1;0;1;1;0;1;2075780;6834;536;3515;2656;9718;67;;;;3;8;5;75;21;2;1;4;4;;1;;;;;;;;3;8.5;5;75;21;2;1;4;4;0;0;0;1;1;1
BIO;2013;970400065;970421038;1;1;0;1;1;1;0;0;0;0;1;1;1;1;0;0;0;0;1;436947;215446;18656;;;;;;;;3;0;0;19;5;0;0;0;0;0;0;0;0;0;0;0;0;0;3;0;0;18.49;4.46;0;0;0;0;;;;;;
BIO;2013;980500011;980500003;1;1;0;1;1;1;0;0;0;1;1;1;1;;0;0;0;0;0;1080615;;;;;;;;;;5;;2;28;10;;;;;;;;;;;;;;5;;2;28;9.17;;;;;0;0;1;1;0;0
