BOR;AN;FI;FI_EJ;ANTGEO;NB_ANT;FI1;FI2;FI3;POP;EMSP;EQDOU;TELESUR;TELECONS;INDOM;ASTR;CONVPER;CONV;AUTMED;PLAMED;AUTOBS;PLAOBS;AUTSSR;PLASSR;AUTCAN;PLACAN;PLATOT;SEJ_HAD;SEJ_PER;SEJ_PAL;SEJ_CAN;JOU_HAD;JOU_PER;JOU_PAL;JOU_CAN;FIL_HAD;FIL_PER;FIL_PAL;FIL_CAN;P80_HAD;P80_PAL;P80_CAN;PMS_HAD;PMS_PER;PMS_PAL;PMS_CAN
HAD;2013;010000024;010780054;0;;;;;241000;1;0;0;0;1;1;;;1;;0;;1;;1;;30;540;0;136;243;10205;0;3740;1456;255;0;103;59;52;25;7;5;0;2;0
HAD;2013;010005379;690006598;0;;;;;140000;0;0;0;0;1;1;0;0;1;60;1;60;1;60;1;60;60;282;0;71;18;13199;0;3050;653;163;0;53;12;67;28;2;23;0;6;0
HAD;2013;020000089;020000022;0;;;;;37785;0;0;0;0;1;0;0;0;1;15;0;;0;;0;;15;109;1;45;4;5095;23;1430;199;61;1;28;3;21;10;0;4;0;4;0
HAD;2013;020000105;020000055;1;2;020000055;;;44880;0;0;0;0;1;0;0;0;1;15;0;;0;;0;;15;102;0;48;3;4127;0;1763;33;70;0;39;1;26;17;0;8;0;3;0
HAD;2013;020004297;020005179;0;;;;;197479;0;0;0;0;1;1;;;1;44;0;;0;;0;;44;254;0;118;0;9265;0;3897;0;154;0;74;0;50;22;0;4;0;1;0
HAD;2013;020010898;750721334;0;;;;;54000;0;0;0;0;;;;;1;25;1;25;1;25;1;25;25;144;0;26;2;5520;0;805;394;85;0;21;2;24;7;0;0;0;0;0
HAD;2013;020011698;020006318;0;;;;;83086;1;1;0;0;1;0;0;0;1;20;0;;0;;0;;20;141;0;42;4;4327;0;1648;146;93;0;33;3;29;11;0;2;0;0;0
HAD;2013;020014767;590805065;0;;;;;300000;0;0;0;0;1;0;0;0;1;40;0;;0;;0;;40;248;0;25;1;11552;0;1050;7;155;0;18;1;58;5;0;8;0;0;0
HAD;2013;030000061;030780092;1;1;030000061;;;;1;1;0;0;1;1;0;0;1;12;0;;0;;0;;12;244;0;10;9;3584;0;73;101;178;0;10;7;42;5;1;6;0;1;0
HAD;2013;030000079;030780100;0;;;;;127571;1;0;0;0;1;1;;;1;30;0;;0;;0;;30;249;0;46;3;3711;0;646;32;139;0;33;3;26;10;0;11;0;5;0
HAD;2013;030000087;030780118;1;2;;;;230000;1;0;0;0;1;1;0;1;1;50;0;;0;;0;;50;576;4;78;40;15223;87;1819;1342;384;3;66;27;114;22;5;47;0;4;0
HAD;2013;050007368;050007343;1;2;050007368;050007368;;;0;0;0;0;1;1;;;1;38;0;;0;;0;;38;258;1;100;21;10015;15;4395;401;174;1;78;11;57;33;4;11;0;7;0
HAD;2013;060000478;060780897;0;;;;;;1;1;0;0;1;0;0;0;1;15;0;;0;;0;;15;79;0;13;1;4477;0;510;2;61;0;11;1;18;1;0;13;0;0;0
HAD;2013;060000544;060780988;0;;;;;215904;0;0;0;0;1;0;0;0;1;10;0;;0;;1;10;20;286;0;108;23;5697;0;1938;616;87;0;42;4;33;17;0;0;0;0;0
HAD;2013;060006558;060798865;0;;;;;182000;0;0;0;0;1;0;0;0;1;30;0;;0;;0;;30;221;0;83;16;8645;0;2206;397;163;0;68;9;63;32;0;16;0;8;0
HAD;2013;060785243;060001484;0;;;;;752000;1;1;0;0;1;1;;;1;160;0;0;1;5;1;5;170;1127;0;358;51;56208;0;9811;810;803;0;264;38;375;106;8;89;0;11;0
HAD;2013;070000609;070005566;0;;;;;80000;1;1;0;0;1;1;0;0;1;24;0;;0;;0;;24;263;0;120;16;7379;0;2797;635;167;0;92;12;60;32;1;13;0;10;0
HAD;2013;080008279;080001969;0;;;;;65527;1;1;0;0;1;0;1;0;1;16;0;;0;;0;;16;183;0;94;5;5701;0;2184;21;115;0;61;4;56;30;1;0;0;0;0
HAD;2013;080010267;080010242;0;;;;;218100;0;0;0;0;1;0;0;0;1;50;0;;0;;0;;50;306;0;112;0;13406;0;4063;0;189;0;76;0;58;21;0;2;0;1;0
HAD;2013;090000175;090781774;0;;;;;80000;0;0;0;0;1;1;;;1;30;1;8;0;;0;;38;517;302;68;44;9795;2324;2007;509;417;279;60;11;33;12;0;0;0;0;0
HAD;2013;090002478;090002429;0;;;;;34117;1;1;0;0;1;0;1;0;1;20;0;;0;;0;;20;221;0;60;16;5995;0;1525;250;168;0;45;12;76;27;1;17;0;7;0
HAD;2013;100007699;100006279;0;;;;;69767;1;1;0;0;1;1;;;1;40;0;;0;;0;;40;282;0;43;12;4135;0;1132;102;145;0;38;4;52;9;1;25;0;4;0
HAD;2013;100008903;100007335;0;;;;;261900;1;0;0;0;1;1;;;1;40;0;;0;;0;;40;582;0;231;4;14289;0;7742;219;277;0;155;4;98;60;0;12;0;9;0
HAD;2013;110000247;110780772;0;;;;;39315;1;1;0;0;1;0;0;0;1;;1;;1;;1;;6;77;0;33;6;2995;0;1250;313;52;0;22;3;27;14;1;5;0;0;0
HAD;2013;110005048;110000114;0;;;;;115000;1;0;0;0;1;1;;;1;16;1;16;0;;1;16;16;164;1;26;8;5198;6;610;129;102;1;24;3;28;8;1;11;0;1;0
HAD;2013;110005394;750047367;0;;;;;190000;0;0;0;0;;;;;1;45;0;;0;;0;;45;240;0;122;9;7469;0;3282;137;157;0;90;8;48;27;0;14;0;7;0
HAD;2013;120783618;120784616;0;;;;;;0;0;0;0;1;1;0;0;1;64;1;10;0;;0;;64;706;88;183;26;23917;1315;4656;513;524;79;150;20;203;71;3;44;0;18;0
HAD;2013;130000409;130041916;0;;;;;154467;1;;0;0;1;1;;;1;8;0;;0;;1;8;8;87;0;32;5;2913;0;1014;55;58;0;27;19;2;0;2;0;0;0;0
HAD;2013;130000565;130781446;0;;;;;90439;0;0;0;0;1;1;;;1;20;0;;0;;0;;20;167;50;18;24;4071;814;375;514;121;42;14;11;33;9;4;28;0;7;0
HAD;2013;130001647;130784127;0;;;;;;0;0;0;0;0;1;;;1;20;0;;0;;1;20;20;1605;0;0;1548;7919;0;0;7116;319;0;0;290;31;0;29;0;0;0;0
HAD;2013;130002215;130785512;0;;;;;154127;0;0;;;1;0;0;0;1;20;1;20;1;20;1;20;20;106;0;22;12;3547;0;454;123;67;0;19;6;30;10;0;9;0;1;0
HAD;2013;130021488;130021439;0;;;;;;1;1;0;0;1;0;1;0;1;40;0;;0;;0;;40;223;0;48;4;9381;0;1730;43;176;0;39;3;109;24;2;67;0;12;0
HAD;2013;130021819;130021769;0;;;;;560000;1;0;0;0;1;1;;;1;60;0;;0;;0;;60;415;0;108;24;15541;0;3345;610;298;0;83;13;116;37;2;49;0;18;1
HAD;2013;130022619;130810161;0;;;;;105200;1;0;0;0;1;1;;;1;40;1;40;1;40;0;;40;156;0;54;6;5903;0;1574;102;101;0;41;4;56;30;1;6;0;3;0
HAD;2013;130024458;130804396;0;;;;;;0;0;0;0;1;1;;0;1;40;0;;0;;0;;40;406;0;177;6;16360;0;5767;117;250;0;136;2;130;72;0;72;0;43;0
HAD;2013;130782071;130002454;0;;;;;141287;1;0;0;0;1;1;;;1;25;0;;0;;0;;25;167;0;12;155;12030;0;615;2008;114;0;24;21;56;11;0;22;0;5;0
HAD;2013;130783236;130786049;0;;;;;;0;0;0;0;1;1;0;0;1;35;1;15;0;;0;;50;862;373;28;22;20367;6133;680;1274;663;323;26;14;81;14;7;4;0;3;0
HAD;2013;130785652;130014228;0;;;;;156038;1;1;0;0;1;0;0;0;1;10;1;10;0;0;1;10;30;469;17;46;200;11113;396;965;652;226;15;38;33;100;17;10;54;0;12;0
HAD;2013;130802143;130804396;0;;;;;;0;0;0;0;1;1;0;0;1;60;0;;0;;0;;60;514;0;226;5;18865;0;7065;53;320;0;129;2;150;65;0;22;0;6;0
HAD;2013;130809015;130001928;0;;;;;850000;1;0;0;0;1;0;0;0;1;25;0;;0;;0;;25;152;0;46;1;7532;0;1608;74;122;0;40;1;98;36;1;95;0;35;1
HAD;2013;140000027;140000035;1;1;610780157;;;;1;1;0;0;1;1;;;1;;1;;1;;1;;30;399;0;69;14;12464;0;1357;403;260;0;60;9;118;32;0;22;0;6;1
HAD;2013;140000076;140000084;0;;;;;45000;0;0;0;0;1;1;;;1;12;0;;0;;0;;12;109;0;61;5;3829;0;1765;207;77;0;48;3;30;19;0;13;0;6;0
HAD;2013;140000209;140000100;0;;;;;;0;0;0;0;1;1;;;1;5;0;;0;;0;;5;523;428;0;0;2897;1546;0;0;506;422;0;0;0;0;0;0;0;0;0
HAD;2013;140000233;140000118;0;;;;;67000;1;1;0;0;1;1;0;0;1;12;0;;0;;0;;12;155;0;92;1;3559;0;1934;7;102;0;56;1;41;21;0;12;0;10;0
HAD;2013;140000258;140000415;0;;;;;;0;0;0;0;1;1;;;1;14;1;1;0;0;0;0;15;142;;;;5394;;;;109;;;;57;;;;;;
HAD;2013;140000373;140000159;1;3;140000373;500021282;500021274;;1;1;0;0;1;1;;;1;16;0;;0;;0;;16;157;0;53;9;5219;0;1417;225;98;0;43;5;46;26;2;6;0;2;0
HAD;2013;140002619;750721334;0;;;;;300000;1;1;0;0;1;0;1;1;1;60;0;;0;;0;;60;440;0;116;2;17278;0;2979;19;319;0;100;2;127;43;1;36;0;10;0
HAD;2013;140016155;140027426;0;;;;;86810;1;1;0;1;1;1;;;1;40;0;;0;;0;;40;325;0;142;10;13345;0;3672;398;209;0;104;8;88;41;0;9;0;3;0
HAD;2013;150000040;150780096;0;;;;;;1;1;0;;1;;1;;1;;0;;0;;1;;10;146;0;12;12;2749;0;64;51;92;0;12;3;23;4;0;8;0;1;0
HAD;2013;160002036;160009908;0;;;;;356918;1;0;0;0;1;0;1;0;1;85;1;5;0;;0;;90;923;100;254;121;26935;1444;6330;3698;632;97;189;78;168;58;18;7;0;1;0
HAD;2013;170000087;170023279;0;;;;;220000;1;0;0;0;0;0;1;0;1;65;1;;1;;1;;65;613;2;235;6;17195;14;6925;457;366;2;161;6;83;32;1;19;0;2;1
HAD;2013;170000103;170780175;1;3;170000103;170000095;170000038;208000;1;0;0;0;1;0;0;0;1;31;0;;0;;0;;31;326;0;186;6;9930;0;6208;35;229;0;141;1;68;42;0;21;0;13;0
HAD;2013;170021661;170020432;0;;;;;186552;1;0;0;0;0;0;0;0;1;40;0;;0;;0;;40;305;0;90;27;7693;0;1742;515;221;0;73;19;60;19;3;14;0;5;0
HAD;2013;180000010;180000028;1;1;180000010;;;170000;1;1;0;0;1;1;;;1;22;0;;0;;0;;22;231;0;94;2;6848;0;1922;7;138;0;66;2;41;23;0;14;0;7;0
HAD;2013;180008278;750047367;0;;;;;180000;0;0;0;0;;;;;1;43;0;;0;;0;;43;181;0;98;1;6986;0;3731;6;124;0;65;1;30;16;0;7;0;1;0
HAD;2013;190000026;190000059;0;;;;;251175;1;0;1;0;0;0;0;0;1;35;0;;0;;0;;35;372;0;211;13;9884;0;4848;163;255;0;158;9;101;69;1;43;0;30;0
HAD;2013;190010629;190010579;0;;;;;;1;0;0;0;1;1;;;1;60;0;;0;;0;;60;1535;0;171;1220;14722;0;6798;2510;357;0;132;144;80;43;22;3;0;1;1
HAD;2013;210003059;210987400;0;;;;;325000;1;1;0;0;1;1;;;1;43;1;43;0;;0;;43;394;0;121;12;13270;0;3439;354;235;0;81;4;87;45;0;14;0;12;0
HAD;2013;210780789;210003208;0;;;;;250000;1;0;0;0;1;1;;;1;30;0;;0;;0;;30;186;0;83;5;6227;0;2529;47;144;0;66;5;61;32;2;10;0;8;0
HAD;2013;210987657;210780714;0;;;;;95000;1;1;0;0;1;1;0;0;1;20;0;;0;;0;;20;97;0;32;1;2626;0;723;5;65;0;18;1;17;8;0;0;0;0;0
HAD;2013;210987731;210780417;0;;;;;;1;1;0;0;1;1;0;0;0;0;0;;0;;1;12;12;529;0;65;413;5722;0;1329;3043;98;0;40;58;12;5;8;0;0;0;0
HAD;2013;220000368;220000103;1;1;220000368;;;;1;1;0;0;1;1;;;1;25;1;2;0;;0;;27;334;85;94;17;8756;775;2631;657;268;83;73;12;53;15;1;3;0;0;0
HAD;2013;220000541;220000152;0;;;;;;;;;;;;;;1;5;0;;0;;0;;5;109;;;;2637;;;;80;;;;62;;;12;;;
HAD;2013;220019616;220019608;0;;;;;;0;0;0;0;1;1;;;0;30;0;;0;;0;;30;333;0;94;17;7966;0;1494;377;240;0;83;14;76;32;2;18;0;7;0
HAD;2013;220020341;350000626;1;4;350044772;290033679;560022188;;0;;0;0;1;1;;;1;20;0;;0;;0;;20;119;0;30;5;3144;0;704;95;83;0;26;5;30;13;1;7;0;2;0
HAD;2013;230782617;750000218;0;;;;;127500;0;0;0;0;1;0;1;0;1;;1;;1;;1;;25;277;0;74;73;8236;0;2422;782;145;0;60;22;41;20;5;5;0;2;1
HAD;2013;240000489;240000117;0;;;;;119806;1;1;0;0;0;0;1;0;1;12;1;6;1;5;0;0;23;180;0;67;30;7275;0;2166;422;100;0;46;6;35;13;1;12;0;3;0
HAD;2013;240000687;240000448;0;;;;;;0;0;0;0;1;1;;;1;;0;;1;;1;;30;101;0;36;1;3575;0;710;34;72;0;28;1;26;10;0;9;0;4;0
HAD;2013;240011668;240000612;0;;;;;;0;0;0;0;1;1;;;1;30;0;;0;;0;;30;236;0;84;9;5884;0;1770;211;175;0;73;8;75;30;1;8;0;2;0
HAD;2013;250000114;900000365;1;1;250000114;;;;0;0;0;0;0;1;1;;0;;1;5;0;;0;;5;173;170;0;0;938;921;0;0;163;160;0;0;0;0;0;0;0;0;0
HAD;2013;250012069;250017803;0;;;;;118592;1;0;0;0;1;0;1;0;0;;0;0;0;0;0;0;30;144;0;62;3;4806;0;1406;17;104;0;52;1;31;22;0;14;0;11;0
HAD;2013;250012838;250017803;0;;;;;222939;0;0;0;0;1;0;1;0;0;;0;15;0;;0;;15;492;488;0;0;3475;3447;0;0;477;473;0;0;0;0;0;0;0;0;0
HAD;2013;250016037;250017803;0;;;;;324726;1;1;0;0;1;0;1;0;0;;0;;0;;0;;25;288;0;186;0;12066;0;7433;0;194;0;123;0;36;25;0;0;0;0;0
HAD;2013;250016045;250017803;0;0;;;;222939;1;0;0;0;1;0;1;0;0;;0;;0;;0;;25;348;105;114;0;12747;708;5034;0;238;84;81;0;40;26;0;8;0;6;0
HAD;2013;260000138;260000047;0;;;;;182337;1;0;0;0;1;0;1;0;1;22;0;;0;;0;;22;274;1;101;23;9226;32;2795;233;186;1;77;14;45;29;3;5;0;4;0
HAD;2013;260000146;260000054;1;4;260000146;;;450000;1;0;0;0;1;1;;;1;120;0;;0;;0;;120;1313;413;453;73;42766;4040;19011;1075;937;375;344;43;195;149;3;39;0;32;0
HAD;2013;260013388;260007018;0;;;;;800000;1;1;0;0;1;1;1;;1;52;0;;0;;0;;52;299;3;70;36;10237;61;1465;1446;196;3;62;16;46;24;3;11;0;6;0
HAD;2013;270000441;270000110;0;0;;;;;0;0;0;0;1;1;0;0;1;16;1;16;1;16;1;16;16;86;0;19;4;2513;0;331;120;66;0;18;4;21;7;1;16;0;5;0
HAD;2013;270016058;270016009;0;;;;;220000;0;0;0;0;;;;;1;52;0;;0;;0;;52;305;0;78;88;9938;0;2166;1536;151;0;57;28;36;17;5;0;0;0;0
HAD;2013;270019649;270019508;1;2;270019649;270019649;;140000;1;0;0;0;1;1;0;0;1;27;1;3;0;;0;;30;272;0;37;18;8530;0;417;268;158;0;26;6;44;3;1;0;0;0;0
HAD;2013;280001678;450011150;0;;;;;303470;1;1;0;0;1;1;0;0;1;20;1;5;0;;1;5;30;863;532;65;108;10793;3846;1412;769;666;510;50;16;25;15;1;2;0;0;0
HAD;2013;280003898;450011150;0;;;;;69092;1;1;0;0;1;1;0;0;1;10;1;5;0;;1;5;20;130;48;20;17;2241;308;565;152;101;48;14;4;13;6;1;0;0;0;0
HAD;2013;280003948;450011150;0;;;;;57854;1;1;0;0;1;1;0;0;1;10;1;5;0;;1;5;20;107;38;20;10;1601;243;583;111;76;38;13;1;12;3;1;0;0;0;0
HAD;2013;290000025;290020700;1;1;290000025;;;321294;1;1;0;0;0;0;1;0;1;29;1;5;0;0;1;1;35;494;118;116;92;9139;691;2919;165;351;118;95;12;65;24;1;2;0;1;0
HAD;2013;290000140;290000447;1;1;290000140;;;;0;0;0;0;1;1;;;1;55;1;0;0;0;1;5;60;748;0;140;24;16234;0;2977;511;505;0;120;19;162;62;7;64;0;29;0
HAD;2013;290032838;290032820;0;;;;;;0;0;0;0;1;1;;;1;30;0;;0;;0;;30;207;0;41;16;4103;0;670;245;127;0;34;13;27;10;1;11;0;4;0
HAD;2013;290033679;350000626;1;4;350044772;220020341;560022188;;0;;0;0;1;1;;;1;20;0;;0;;0;;20;110;0;31;0;2161;0;509;0;76;0;29;0;26;10;0;8;0;3;0
HAD;2013;2A0001988;2A0001848;0;;;;;79000;1;0;0;0;1;1;;;1;20;0;;0;;0;;25;169;0;92;1;7181;0;3501;624;103;0;43;5;43;25;0;1;0;0;0
HAD;2013;2A0002614;2A0002606;0;;;;;;0;0;0;0;1;1;;;1;10;0;;0;;0;;10;89;0;45;0;3156;0;1270;0;56;0;29;0;21;13;0;7;0;5;0
HAD;2013;2B0000038;2B0004246;0;;;;;;0;0;0;0;1;1;;;1;5;1;5;1;5;1;5;20;29;0;6;4;1539;0;326;156;17;0;5;2;10;5;0;0;0;0;0
HAD;2013;2B0001739;2B0001689;1;1;2B0001739;;;121310;0;0;;;1;1;;;1;;1;;1;;1;;;322;1;51;36;12969;151;1301;1520;195;1;38;18;81;11;5;8;0;2;0
HAD;2013;2B0003289;2B0003198;0;;;;;;1;1;0;0;1;1;;;1;35;0;;0;;1;35;35;356;0;213;44;12369;0;9171;1380;187;0;113;22;64;41;1;10;0;6;0
HAD;2013;300000031;300780053;1;3;300000031;300000056;300000064;;1;0;0;0;1;1;;;1;13;0;;0;;0;;13;113;;43;2;4051;;984;79;53;;25;2;31;5;1;2;;1;0
HAD;2013;300000056;300780079;0;3;300780079;300780053;300780087;19873;0;0;0;0;1;1;;;1;5;0;;0;;0;;5;30;;;;1519;;;;20;;;;11;;;4;;;
HAD;2013;300000064;300780087;0;;;;;93000;1;1;0;0;1;1;;;1;8;0;;1;8;1;8;8;;;;;;;;;;;;;;;;;;;
HAD;2013;300012309;340784933;0;;;;;200000;1;1;0;0;1;1;;;0;20;0;;0;;1;30;50;362;0;164;8;16186;0;6853;236;258;0;126;4;98;45;2;17;0;13;0
HAD;2013;300013745;340784933;0;;;;;100000;1;1;0;0;1;1;;;1;15;0;;0;;1;15;30;147;0;51;15;6001;0;1251;819;107;0;43;9;29;13;1;5;0;3;0
HAD;2013;300013778;300013760;0;;;;;380000;0;0;0;0;1;1;;;1;30;0;;0;;0;;30;163;0;82;0;6309;0;3443;0;125;0;65;0;70;32;0;14;0;4;0
HAD;2013;300013786;300780038;1;2;300013786;300782117;;400000;1;1;0;0;;;;;1;44;1;5;0;;1;1;50;543;87;112;19;13688;1608;2248;435;417;70;105;14;106;41;3;29;0;8;0
HAD;2013;310000310;310780671;0;;;;;80000;1;1;0;0;1;1;;;1;20;0;;0;;0;;20;204;0;73;38;5579;0;1802;1128;157;0;66;27;61;24;4;10;0;2;0
HAD;2013;310005459;310021886;1;2;310005459;310005459;;900000;0;0;0;0;1;1;;;0;;0;;0;;0;;100;1232;199;179;413;27072;4849;5584;2092;579;184;132;69;94;30;17;15;0;3;0
HAD;2013;310016977;310781406;0;;;;;800000;1;1;0;0;1;1;;;1;10;0;;0;;0;;10;260;250;4;0;2894;1982;108;0;236;227;4;0;0;0;0;0;0;0;0
HAD;2013;310780259;310000096;1;2;310780259;310780259;;828024;1;1;0;0;1;1;0;0;1;55;0;;0;;1;5;60;745;0;289;121;18755;0;7416;1017;504;0;237;46;107;59;3;0;0;0;0
HAD;2013;320004328;750721334;0;;;;;;0;0;0;0;0;0;0;0;1;30;0;;0;;0;;30;108;0;16;0;3069;0;373;0;70;0;13;0;17;4;0;1;0;0;0
HAD;2013;330000332;330780545;0;;;;;329000;1;0;0;0;1;1;;;1;59;0;;0;;1;1;60;480;1;143;14;19912;21;3993;85;311;1;104;4;120;39;1;15;0;2;0
HAD;2013;330000340;330780552;0;;;;;;1;0;0;0;1;0;0;0;1;175;0;20;0;0;0;5;200;2785;294;478;768;69098;5899;15694;2439;1235;251;294;124;232;90;9;49;0;19;0
HAD;2013;330000589;330027509;0;;;;;;1;0;0;0;1;1;;;1;30;1;10;0;;0;;40;463;199;111;24;11660;2715;2828;306;329;160;67;14;52;17;1;10;0;3;0
HAD;2013;330025958;330025859;0;;;;;316807;1;0;0;0;1;0;0;0;1;90;0;;0;;0;;90;439;1;175;4;14572;18;6262;211;279;1;112;4;89;34;1;24;0;11;1
HAD;2013;340016476;340016468;0;;;;;;0;0;0;1;1;1;;;1;15;0;;0;;0;;15;236;0;126;7;10346;0;4838;285;159;0;93;5;34;22;2;4;0;1;0
HAD;2013;340017839;340784933;0;;;;;300000;1;1;0;0;1;1;;;1;30;0;;0;;1;30;30;219;0;82;7;9842;0;3614;112;172;0;73;5;76;43;0;44;0;21;0
HAD;2013;340017847;340018175;0;;;;;;0;0;0;0;1;1;;;1;30;0;;0;;0;;30;177;0;66;4;4987;0;1685;136;137;0;53;4;58;24;2;17;0;8;0
HAD;2013;340019173;340019165;0;;;;;;0;0;0;0;1;0;1;0;0;30;0;30;0;30;0;30;30;70;0;18;1;2451;0;362;66;51;0;15;1;18;5;0;8;0;3;0
HAD;2013;340021211;340780055;0;;;;;286000;0;0;0;0;1;1;;;1;10;0;;0;;1;5;15;203;0;41;78;3597;0;934;618;113;0;30;13;49;19;5;8;0;4;0
HAD;2013;340780154;340000116;0;;;;;;1;0;0;0;1;1;;;1;10;0;;0;;0;;10;179;0;46;6;11794;0;3031;392;105;0;36;6;57;14;0;30;0;10;0
HAD;2013;340782036;340780477;0;;340782036;340796663;;260000;1;1;;0;1;1;;;1;55;1;5;0;;0;;60;587;72;115;63;14495;1610;2917;786;379;60;102;21;107;38;6;1;0;1;0
HAD;2013;350042628;350042578;1;5;350042628;;;900000;0;0;0;0;1;1;;;1;130;1;10;1;10;0;0;150;1383;157;498;52;44665;3719;14818;960;929;130;391;22;264;165;1;148;0;97;0
HAD;2013;350044772;350000626;1;4;350044772;560022188;290033679;;0;;0;0;1;1;;;1;40;0;;0;;0;;40;370;0;120;56;9159;0;2392;1164;255;0;111;29;77;36;4;38;0;16;0
HAD;2013;360000137;360000053;1;3;360000137;360000160;360000103;232791;1;1;0;0;1;1;;;1;7;1;6;1;6;1;6;25;340;2;74;6;6814;10;1192;123;253;2;63;5;82;26;1;8;0;3;0
HAD;2013;370009938;370001299;0;;;;;;1;1;0;0;1;1;;;1;20;1;15;1;20;1;20;75;1361;558;258;47;24615;3541;7605;618;977;551;195;15;146;79;4;46;0;22;0
HAD;2013;370103673;370001638;1;4;370010258;370010308;370010399;605819;1;1;0;0;1;1;;;1;104;0;;0;;1;2;104;555;0;215;6;19993;0;5712;166;338;0;168;6;110;66;1;27;0;16;0
HAD;2013;380000067;380780080;0;;;;;552958;1;1;0;0;1;1;;;1;66;1;16;0;;0;0;82;1301;416;92;208;21151;5747;1939;868;680;265;76;48;95;23;3;15;0;3;0
HAD;2013;380000174;380781435;0;;;;;190640;1;1;0;0;1;1;;;1;30;0;;0;;0;;30;574;330;112;24;10310;1162;3607;903;512;330;99;16;72;42;3;9;0;8;0
HAD;2013;380007468;380017723;0;;;;;173000;1;0;0;0;1;1;;;1;30;0;;0;;0;;30;210;0;46;42;4916;0;1198;409;146;0;36;21;36;8;4;12;0;2;1
HAD;2013;390004349;390004299;0;;;;;258882;1;0;0;0;1;1;;;1;40;0;;0;;0;;40;381;0;145;20;13897;0;4223;543;239;0;110;10;75;45;2;41;0;23;0
HAD;2013;400008199;400008108;0;;;;;150000;0;0;0;0;1;0;1;0;1;45;0;0;0;0;0;0;45;370;0;148;23;13344;0;5549;173;217;0;104;6;60;31;1;18;0;3;0
HAD;2013;400780888;400000535;0;;;;;219000;0;0;0;0;1;1;;;0;135;0;0;0;0;0;0;135;720;0;287;34;43398;0;10178;1045;487;0;242;27;221;117;7;33;0;22;0
HAD;2013;410005003;370001299;0;;;;;;;;;;;;;;1;74;0;0;0;0;0;0;74;883;0;300;20;27091;0;8407;175;468;0;227;7;151;90;1;63;0;35;0
HAD;2013;420000010;420780033;1;2;420000010;420000010;;162000;1;0;0;0;1;1;1;0;1;11;1;1;1;1;1;17;30;216;0;115;6;9131;0;4659;30;132;0;76;4;42;23;0;6;0;2;0
HAD;2013;420002479;420002438;0;;;;;548000;0;0;0;0;1;1;;;0;;0;;0;;0;;30;949;127;284;129;37022;1942;10298;5199;610;105;232;80;137;89;8;54;0;28;0
HAD;2013;420010258;420010209;1;1;420010258;;;438849;1;1;0;0;1;1;;;1;30;0;0;0;0;0;0;;385;0;238;13;22302;0;15488;544;299;0;189;8;122;96;1;10;0;7;0
HAD;2013;420010308;420010209;1;1;420010308;;;54927;1;1;0;0;1;1;;;1;25;0;0;0;0;0;0;25;76;0;39;5;5472;0;3443;131;51;0;28;2;17;14;0;4;0;2;0
HAD;2013;420013005;690007182;0;;;;;649000;0;0;0;0;1;1;0;0;1;;1;;1;;0;;;121;2;9;1;3141;28;300;3;60;2;6;1;0;0;0;0;0;0;0
HAD;2013;430000117;430000018;1;2;430000117;430000117;;220000;0;0;0;0;1;1;;;1;20;0;;0;;1;0;20;192;0;38;8;4432;0;803;136;145;0;32;6;31;10;0;14;0;1;0
HAD;2013;440000271;440000289;0;;;;;;;;;;;;;;1;12;0;;0;;0;;12;278;23;7;62;6052;403;68;1725;136;20;4;30;0;0;0;0;0;0;0
HAD;2013;440012128;440003960;1;3;440012128;;;972280;0;0;0;0;1;0;0;1;1;164;0;;0;;0;;164;1346;0;420;29;50334;0;11788;639;933;0;363;22;257;117;1;74;0;32;0
HAD;2013;440017440;440000057;1;3;;;;238000;1;1;0;0;1;1;;;1;35;0;;0;;0;;35;414;0;163;9;10186;0;2642;259;333;0;155;8;119;73;1;40;0;32;0
HAD;2013;450005798;370001299;0;;;;;;1;0;0;0;1;1;;;1;37;1;10;0;;0;;57;1298;780;155;4;16059;999;3448;55;457;130;126;3;124;62;0;36;0;12;0
HAD;2013;450013719;450011150;0;;;;;86643;1;1;0;0;1;1;0;0;1;20;1;5;0;;1;5;30;73;16;11;16;1462;105;72;70;51;14;9;3;7;3;0;1;0;0;0
HAD;2013;450014048;450011150;0;;;;;84820;1;1;0;0;1;1;0;0;1;20;1;5;0;;1;5;30;118;55;8;5;2773;609;192;36;92;49;8;1;9;3;0;2;0;1;0
HAD;2013;450018528;450011150;0;;;;;337669;1;1;0;0;1;1;0;0;1;20;1;5;0;;1;5;30;862;769;14;5;8587;6280;195;62;808;734;12;1;16;5;0;6;0;2;0
HAD;2013;450018536;370001299;0;;;;;650000;1;1;0;;1;1;;;1;90;1;15;0;;0;;105;2043;739;;;35305;3964;;;1247;730;;;227;;;115;0;;
HAD;2013;460000102;460780208;0;;;;;;1;1;0;0;1;0;1;0;1;10;0;0;1;10;0;0;20;103;0;49;0;2764;0;803;0;92;0;46;0;61;37;0;35;0;31;0
HAD;2013;460000110;460780216;0;;;;;62263;1;1;0;0;1;0;1;0;1;20;0;;0;;1;5;20;315;42;60;25;4548;640;874;167;223;42;49;8;85;19;0;32;0;5;0
HAD;2013;460006075;460006067;1;1;460006075;;;44000;1;1;0;0;1;1;;;1;15;0;0;0;30;1;2;15;92;0;31;9;3107;0;808;289;72;0;28;6;34;12;0;15;0;7;0
HAD;2013;460006091;460785090;1;1;460006091;;;45404;1;1;0;0;1;0;1;0;1;20;0;;0;;0;;20;148;0;74;11;5458;0;2680;219;105;0;51;6;38;20;0;2;0;1;0
HAD;2013;470009358;470009309;0;;;;;330866;0;0;0;0;1;1;0;0;1;100;0;;0;;0;;100;528;1;197;23;23197;21;6781;601;356;1;149;12;129;67;1;38;0;11;0
HAD;2013;480001825;750047367;0;;;;;77000;0;0;0;;;;;;1;20;0;;0;;0;;20;58;0;32;0;2280;0;1243;0;45;0;22;0;19;9;0;11;0;2;0
HAD;2013;490000312;490012176;0;;;;;454646;1;1;0;0;1;0;0;0;1;;0;;1;;1;;90;751;0;294;96;23949;0;9364;398;431;0;208;17;115;59;4;19;0;10;0
HAD;2013;490016334;490016326;1;2;490016334;490016334;;250000;1;0;0;0;1;1;;;1;35;1;35;1;35;1;35;35;464;0;189;50;11980;0;3998;1056;361;0;151;33;118;58;2;44;0;24;0
HAD;2013;490016870;440048643;0;;;;;110000;0;0;0;0;1;0;1;0;1;;0;;1;;0;;38;407;0;203;7;15719;0;6763;207;279;0;152;5;134;70;1;20;0;9;1
HAD;2013;500000187;500000013;0;;;;;190375;1;1;0;0;1;1;1;;1;32;1;32;1;32;1;32;32;426;0;170;14;8808;0;3901;243;247;0;112;9;71;32;0;22;0;4;0
HAD;2013;500000260;500000054;1;2;500000021;;;;;;0;0;1;0;0;0;1;20;0;;0;;0;;20;262;0;42;3;4819;0;953;137;122;0;35;3;27;9;1;5;0;0;0
HAD;2013;500000450;500000112;1;3;500000112;500000112;500000112;;1;1;0;0;1;1;;;1;45;0;;0;;0;;45;477;0;169;14;13840;0;4166;319;307;0;138;9;126;65;2;31;0;11;0
HAD;2013;500021274;140000159;1;3;140000373;500021282;500021274;;;;0;0;1;1;;;1;5;0;;0;;0;;5;72;0;30;1;1907;0;625;98;41;0;19;1;15;8;0;2;0;1;0
HAD;2013;500021282;140000159;1;3;140000373;500021282;500021274;;;;0;0;1;1;;;1;8;0;;0;;0;;8;96;0;40;0;2324;0;1007;0;56;0;24;0;19;8;0;2;0;0;0
HAD;2013;510002298;750721334;0;;;;;271034;1;1;0;0;1;1;;;1;25;0;0;0;0;0;0;25;329;0;73;2;11612;0;1459;10;217;0;62;2;87;27;0;18;0;7;0
HAD;2013;510017098;510000060;0;;;;;108000;1;0;0;0;1;1;;;1;30;0;;0;;0;;30;209;0;38;3;6998;0;1431;376;130;0;30;2;32;7;0;14;0;3;0
HAD;2013;510019979;510019938;0;0;;;;119589;1;1;0;0;1;1;;;1;30;0;;0;;0;;30;218;0;61;3;6086;0;1322;64;139;0;49;2;39;14;0;18;0;9;0
HAD;2013;510020548;750047367;0;;;;;110000;0;0;0;0;;;;;1;27;0;;0;;0;;27;184;0;91;4;6799;0;3352;68;110;0;58;4;39;23;1;7;0;3;0
HAD;2013;520003823;750047367;0;;;;;120000;0;0;0;0;;;;;1;30;0;;0;;0;;30;153;0;50;18;7378;0;2751;221;85;0;31;2;22;10;0;2;0;0;0
HAD;2013;530000264;530000371;1;2;530000173;530000017;;150000;1;0;0;0;1;0;0;0;1;;0;;1;;1;;19;414;0;120;66;12593;0;3323;1538;258;0;96;34;67;23;4;21;0;7;0
HAD;2013;540000668;540006707;0;;;;;300000;0;0;0;0;0;1;;;1;30;0;;0;;0;;30;415;0;1;0;9025;0;34;0;365;0;1;0;234;0;0;3;0;0;0
HAD;2013;540001096;570010181;0;;;;;;1;1;0;0;1;1;;;1;10;0;;0;;0;;10;99;0;48;2;2727;0;1295;62;74;0;34;1;24;14;0;5;0;1;0
HAD;2013;540001104;540000882;0;;;;;;1;0;0;0;1;0;1;0;1;30;1;;1;;1;;30;333;202;23;1;5160;1938;497;12;280;180;21;1;28;11;0;13;0;6;0
HAD;2013;540010568;540010519;0;;;;;400000;0;0;0;0;1;1;;;1;25;1;10;0;;1;15;50;870;260;288;81;20700;4680;5739;420;596;221;199;12;87;54;3;25;0;5;0
HAD;2013;550000012;550000020;0;;;;;75000;1;1;0;0;1;1;;;1;3;1;7;1;1;1;4;15;288;107;41;0;4420;1512;727;0;232;97;28;0;34;5;0;9;0;1;0
HAD;2013;550000434;550003354;1;1;550000434;;;;1;1;0;1;1;1;1;0;1;20;0;;0;;0;;20;222;0;84;10;5515;0;1422;121;160;0;69;10;59;29;0;27;0;13;0
HAD;2013;560000192;560000044;0;;;;;77355;0;0;0;0;1;1;1;0;1;;0;;1;;1;;20;123;0;51;16;3527;0;1369;338;79;0;36;11;24;9;2;2;0;1;0
HAD;2013;560008799;560013989;0;;;;;;1;1;0;0;1;1;;;1;;1;;1;;1;;75;682;104;402;4;25819;2283;16618;193;491;91;281;4;115;87;1;19;0;13;0
HAD;2013;560018509;560018459;1;1;560018509;;;285000;1;1;0;0;1;1;;;0;;0;;0;;0;;120;1335;253;432;;42334;1724;14381;;1037;251;343;;262;128;;42;0;24;
HAD;2013;560022188;350000626;1;4;350044772;290033679;220020341;;0;0;0;0;1;1;;;1;30;0;;0;;0;;30;234;3;74;11;6801;64;1463;280;163;3;57;7;43;18;0;9;0;2;0
HAD;2013;570000091;750050759;0;;;;;250000;1;0;0;0;1;0;1;0;1;15;0;;0;;0;;15;160;0;69;1;3987;0;1855;4;126;0;56;1;25;18;0;5;0;5;0
HAD;2013;570000117;570015099;0;;;;;;0;0;0;0;1;1;0;0;1;10;0;;0;;0;;10;122;0;20;2;1818;0;266;17;44;0;13;1;10;3;0;2;0;1;0
HAD;2013;570000281;570005165;0;;;;;217925;1;0;0;0;1;1;;;1;;1;;1;;1;;32;377;184;87;3;7983;2955;1883;48;287;151;58;1;28;16;1;1;0;0;0
HAD;2013;570000901;570000158;0;;;;;100404;1;0;0;0;1;1;;;1;7;0;;0;;0;;7;9;0;1;0;125;0;2;0;8;0;1;0;0;0;0;0;0;0;0
HAD;2013;570000968;570000430;0;;;;;;0;0;0;0;1;1;;;1;10;0;;0;;0;;10;132;0;50;3;3617;0;1116;45;100;0;39;1;42;16;0;27;0;11;0
HAD;2013;570001099;570023630;0;;;;;300000;0;0;0;0;1;1;;;1;33;0;;1;1;1;1;35;426;0;123;1;9889;0;2378;12;342;0;110;1;107;56;1;54;0;28;0
HAD;2013;570012369;570011387;0;;;;;;0;0;0;0;1;1;;;0;5;0;;0;;0;;5;62;0;29;3;1416;0;484;15;39;0;22;1;17;11;0;11;0;7;0
HAD;2013;580001899;750721334;0;;;;;70000;0;0;0;0;0;0;1;0;1;20;0;;0;;0;;20;148;0;37;2;3853;0;950;4;65;0;27;1;18;10;0;1;0;1;0
HAD;2013;580972669;580780070;0;;;;;;;;;;1;0;0;0;1;15;0;;0;;0;;15;58;0;17;0;1813;0;341;0;40;0;14;0;11;5;0;6;0;3;0
HAD;2013;590025128;620001834;0;;;;;356000;0;0;0;0;1;1;0;0;1;40;0;;0;;0;;40;652;0;231;172;11612;0;4163;1031;419;0;181;64;96;52;0;19;0;9;0
HAD;2013;590025458;590782652;0;;;;;180000;1;0;0;0;1;1;;;1;30;0;;0;;0;;30;868;0;129;331;9964;0;3439;1062;346;0;108;46;127;48;8;59;0;20;0
HAD;2013;590032108;590024469;0;;;;;;0;0;0;0;1;1;;;1;40;0;;0;;0;;40;484;0;263;3;23023;0;10289;129;333;0;186;3;101;59;0;30;0;17;0
HAD;2013;590032199;590024469;0;;;;;;0;0;0;0;1;1;;;1;40;0;;0;;0;;40;407;0;184;2;19434;0;5312;288;262;0;143;2;93;62;0;17;0;8;0
HAD;2013;590035838;590000485;0;;;;;;1;0;0;0;1;1;;;1;40;0;;0;;0;;40;341;0;107;2;13120;0;2585;18;243;0;91;2;69;29;1;8;0;6;0
HAD;2013;590043469;590024469;0;;;;;;0;0;0;0;1;1;;;1;45;0;;0;;0;;45;454;0;158;7;19242;0;5600;62;301;0;113;4;75;37;1;28;0;14;0
HAD;2013;590045407;590780193;0;;;;;1110000;1;0;0;0;0;0;1;0;1;60;0;;0;;0;;58;1279;530;83;282;19118;7865;2149;1254;804;463;66;55;42;8;10;8;0;1;0
HAD;2013;590046124;590799995;0;;;;;;0;0;0;0;1;0;0;0;1;30;0;;0;;0;;30;244;0;92;0;7863;0;2363;0;174;0;63;0;49;20;0;15;0;3;0
HAD;2013;590048476;590046785;0;;;;;;1;;0;0;;0;0;0;1;40;0;;0;;0;;40;559;0;114;92;13305;0;1896;617;356;0;94;23;90;27;9;23;0;10;1
HAD;2013;590812509;590799995;0;;;;;1200000;0;0;0;0;1;0;0;0;1;120;0;;0;;0;;120;1163;0;415;6;39609;0;12478;236;814;0;315;4;210;91;0;59;0;21;0
HAD;2013;600000194;600100713;1;2;600000152;600010094;;;1;1;0;0;1;0;0;0;1;20;0;;0;;0;;20;344;0;116;27;8941;0;2809;271;220;0;91;11;45;24;1;13;0;2;0
HAD;2013;600003008;600113278;0;;;;;440000;0;0;0;0;1;1;0;0;1;78;0;;0;;0;;78;621;48;167;36;31095;599;4941;1688;391;46;114;28;101;39;3;2;0;1;0
HAD;2013;600010102;600100721;1;2;600000285;600113476;;180149;1;1;0;0;;1;0;0;1;43;0;;0;;0;;43;517;138;127;31;14688;2945;3475;953;333;123;93;17;58;33;2;14;0;9;0
HAD;2013;610000119;610780165;0;;;;;;;;;;;;;;1;15;0;;0;;0;;15;130;0;13;0;3162;0;453;0;97;0;10;0;28;2;0;5;0;0;0
HAD;2013;610004269;610787038;0;;;;;44941;1;0;0;0;1;0;1;0;1;20;0;;0;;0;;20;152;0;12;0;4051;0;182;0;91;0;12;0;24;6;0;2;0;0;0
HAD;2013;610005837;610005811;0;;;;;52992;1;;0;0;1;1;;;1;19;1;19;1;19;0;;19;250;0;94;18;4329;0;2173;199;167;0;58;9;74;22;1;8;0;4;0
HAD;2013;610006256;610006769;1;1;610006777;;;72504;1;0;0;0;1;0;1;0;1;30;0;;0;;0;;30;174;0;78;4;5516;0;2685;193;102;0;52;4;39;24;0;0;0;0;0
HAD;2013;620003889;620003848;0;;;;;279783;1;0;0;0;1;0;1;0;1;50;0;;0;;0;;50;502;0;248;1;17772;0;8457;5;333;0;181;1;87;56;0;19;0;10;0
HAD;2013;620010348;620018473;1;1;620010348;;;;0;0;0;0;1;1;;;1;60;0;;0;;0;;60;931;287;273;11;31722;1439;11492;539;674;287;200;6;144;72;0;16;0;8;0
HAD;2013;620010389;590799995;0;;;;;280000;0;0;0;0;1;0;0;0;0;40;0;;0;;0;;40;964;302;237;22;24376;2952;7444;282;673;280;165;7;131;62;0;7;0;1;0
HAD;2013;620013649;620013599;1;3;620026435;620026443;;280000;0;0;0;0;1;1;1;;1;;1;;1;;0;;75;811;8;414;6;36440;157;12821;274;559;3;310;5;207;124;1;35;0;17;0
HAD;2013;620105981;620000968;0;;;;;400000;1;1;0;0;1;0;1;0;1;105;0;;0;;0;;105;884;0;358;7;38479;0;11772;151;587;0;285;5;187;113;1;16;0;11;0
HAD;2013;630008118;630011153;0;;;;;;1;1;0;0;1;1;1;;1;50;0;;0;;0;;70;285;0;90;24;16238;0;4958;783;188;0;70;18;67;24;3;9;0;3;0
HAD;2013;630010296;630010270;0;;;;;550000;1;0;0;0;1;1;;;1;60;0;;0;;0;;60;799;0;90;78;19568;0;2083;938;601;0;81;33;149;37;3;25;0;1;0
HAD;2013;630010528;630000990;0;;;;;;1;1;0;0;1;0;1;0;1;30;0;;0;;0;;30;124;0;21;8;4320;0;520;191;93;0;21;4;31;7;0;2;0;0;0
HAD;2013;640000162;640780417;0;;;;;303827;1;1;0;0;1;0;0;0;0;;1;12;0;;0;;12;424;424;0;0;3402;3402;0;0;363;363;0;0;0;0;0;0;0;0;0
HAD;2013;640000402;640780813;0;;;;;50000;1;1;0;0;1;0;0;0;1;30;0;;1;;1;;30;204;0;101;2;9755;0;4251;46;146;0;71;1;51;29;0;8;0;5;0
HAD;2013;640000600;640781290;0;;;;;190000;1;0;0;0;1;0;0;0;1;10;0;;1;7;1;8;20;265;0;35;0;9063;0;1046;0;127;0;25;0;34;6;0;6;0;1;0
HAD;2013;640013298;640011508;0;;;;;51340;1;0;0;0;1;1;;;1;30;0;;0;;0;;30;250;0;106;10;9147;0;3445;279;176;0;74;7;76;32;0;7;0;5;0
HAD;2013;640789699;640003570;0;;;;;310000;1;0;0;0;1;0;1;1;1;100;0;;0;;0;;100;703;0;259;21;38739;0;9384;566;423;0;184;8;163;73;3;45;0;13;0
HAD;2013;650001779;650001738;1;1;650001779;;;;0;0;0;0;1;1;;;0;50;0;0;0;0;0;0;50;516;0;62;44;12717;0;1787;670;324;0;49;20;133;21;3;26;0;4;0
HAD;2013;660000084;660780180;1;1;660000167;;;;1;0;0;0;1;1;0;0;1;30;1;15;1;30;1;30;45;431;88;131;4;13171;1595;3851;101;308;74;109;4;73;37;1;8;0;2;0
HAD;2013;660006172;660790379;1;1;660006172;;;239000;1;0;0;0;1;0;1;0;1;45;0;;0;;0;;45;214;0;66;1;5536;0;1733;19;214;0;66;1;;;;;;;
HAD;2013;670005479;670000652;0;;;;;550000;1;0;0;0;1;0;1;0;1;100;0;;0;;0;;100;632;0;157;20;28570;0;4242;648;359;0;82;9;81;18;0;37;0;0;0
HAD;2013;670008838;670000785;0;;;;;;1;0;0;0;1;0;0;0;1;60;0;0;1;60;1;60;60;282;0;87;10;8545;0;2024;249;207;0;58;9;31;8;0;7;0;0;0
HAD;2013;670780113;670780055;0;;;;;475634;0;0;0;0;1;1;;;0;0;1;18;0;0;0;0;18;825;822;0;0;6852;6811;0;0;741;738;0;0;0;0;0;0;0;0;0
HAD;2013;670798636;670014604;0;;;;;;0;0;0;0;;1;;;1;25;0;;0;;0;;25;144;0;44;7;4473;0;1317;177;83;0;26;4;25;10;1;6;0;1;0
HAD;2013;680007648;680007598;0;;;;;386260;1;0;0;0;1;0;1;0;1;60;0;;1;60;1;60;60;389;0;127;8;12928;0;3314;89;296;0;106;8;66;36;0;8;0;1;0
HAD;2013;680017829;680017811;0;;;;;;1;0;0;0;1;1;;;1;60;0;;0;;0;;60;735;0;338;54;19353;0;7563;203;465;0;246;11;122;73;2;7;0;2;0
HAD;2013;690000880;690783220;0;;;;;1952727;1;1;0;0;1;1;0;0;1;179;0;;0;;1;179;179;1999;0;1022;547;65215;0;37582;8227;981;0;653;266;84;74;11;2;0;2;0
HAD;2013;690019799;690007182;0;;;;;2280000;0;0;0;0;1;1;0;0;1;;0;0;1;;0;;;391;0;6;0;10407;0;243;0;96;0;3;0;0;0;0;0;0;0;0
HAD;2013;690788930;690001623;1;2;690007588;380008979;;2000000;1;0;0;0;1;1;;;1;300;0;;0;;0;;300;2412;0;687;302;107344;0;20784;8314;1450;0;599;161;482;263;19;46;0;14;0
HAD;2013;700000698;250017803;0;;;;;247674;1;1;0;0;1;0;1;0;0;;0;;0;;0;;25;162;0;75;1;9481;0;3429;12;100;0;52;1;20;13;0;0;0;0;0
HAD;2013;710010067;710780644;1;1;710972910;;;90000;1;1;0;0;1;1;;;1;10;0;;0;;0;;10;106;0;40;18;2707;0;773;548;69;0;26;6;21;8;0;0;0;0;0
HAD;2013;710780917;710000274;0;;;;;;1;1;0;0;1;1;;;1;25;0;;0;;0;;25;120;0;8;9;2783;0;59;10;66;0;8;2;20;1;2;6;0;0;0
HAD;2013;710978263;710780958;0;;;;;145000;1;0;0;0;1;0;1;0;1;15;0;0;0;0;0;0;15;147;0;14;4;3120;0;132;113;74;0;13;2;22;4;1;13;0;1;0
HAD;2013;710978289;710780263;0;;;;;100000;1;1;0;0;1;0;0;0;0;;0;;0;;0;;15;227;0;36;70;5288;0;1081;671;110;0;19;23;18;2;2;5;0;0;0
HAD;2013;710978347;710781204;0;;;;;;;;;;;;;;1;35;1;5;0;0;0;0;35;815;381;86;13;13694;1897;3040;384;637;380;67;8;79;18;1;5;0;1;0
HAD;2013;720000124;720000066;0;;;;;;0;0;0;0;1;1;;;1;30;0;;1;30;0;;30;226;0;88;0;7236;0;3409;0;108;0;62;0;38;22;0;18;0;8;0
HAD;2013;720016856;720008390;1;2;720016856;;;390000;1;0;0;0;1;0;1;0;1;55;0;;1;5;0;;60;749;0;267;14;17368;0;7115;107;340;0;169;5;79;45;0;12;0;8;0
HAD;2013;730000031;730000015;0;;;;;259000;1;1;0;0;1;0;0;0;1;;0;0;0;0;1;;30;553;0;141;64;9316;0;2317;273;281;0;88;22;80;26;4;0;0;0;0
HAD;2013;730000080;730780103;0;;;;;41607;1;1;0;0;1;1;;;1;15;0;;0;;0;;15;153;0;52;58;5532;0;2705;858;83;0;36;14;27;12;4;6;0;2;0
HAD;2013;740000237;740781133;1;1;740000237;;;279000;0;0;0;0;1;1;;;1;30;0;;0;;0;;30;392;0;96;173;9841;0;2794;2474;186;0;81;44;52;27;4;15;0;9;0
HAD;2013;740000302;740781216;0;;;;;132700;1;0;0;0;1;1;;;1;20;0;;0;;0;;10;141;0;30;45;2233;0;394;499;81;0;26;17;29;15;3;4;0;1;0
HAD;2013;740000328;740790381;0;;;;;126834;1;1;0;0;1;1;;;1;20;0;;0;;1;20;20;495;0;80;288;5774;0;2342;897;170;0;58;47;29;11;5;3;0;0;0
HAD;2013;740010475;740000203;0;;;;;290000;1;1;0;0;1;0;0;0;1;42;0;0;1;2;1;1;45;340;0;144;5;16356;0;5490;176;192;0;79;5;73;29;2;14;0;2;0
HAD;2013;740781141;740790258;0;;;;;86000;1;1;0;0;1;1;;;1;15;0;;0;;1;15;20;221;0;31;55;4249;0;711;1103;85;0;27;20;16;11;2;6;0;3;1
HAD;2013;740781224;740001839;0;;;;;110000;0;0;0;0;1;1;;;1;15;1;3;0;;0;;18;198;34;73;6;4003;477;1546;200;142;25;66;3;44;37;0;13;0;11;0
HAD;2013;750042459;750712341;1;2;750042459;750042459;;;1;1;0;0;1;1;;;1;250;0;;0;;0;;270;6843;4634;703;511;86671;23514;18887;13532;5854;4589;494;195;313;167;33;82;0;34;0
HAD;2013;750806226;750712184;0;;;;;11850000;0;0;0;0;1;1;;;1;;1;;1;;1;;820;15667;5059;1286;4408;277911;65696;37206;29479;8927;4576;891;838;1128;370;178;92;0;18;2
HAD;2013;760000463;760024042;0;;;;;206000;1;1;0;0;1;1;;;1;;0;;1;;1;;30;292;0;157;6;9408;0;5514;158;185;0;107;4;56;34;0;28;0;16;0
HAD;2013;760016659;760027359;0;;;;;182000;1;0;0;0;1;1;0;0;1;30;0;;0;;0;;30;262;0;83;2;9438;0;3036;9;151;0;52;2;46;16;0;5;0;1;1
HAD;2013;760020529;760000257;0;;;;;192200;0;0;0;0;1;;;;1;30;0;;0;;0;;30;218;0;111;10;9809;0;4578;608;136;0;75;6;42;31;1;3;0;0;0
HAD;2013;760021329;760000448;0;;;;;260000;0;0;0;0;1;0;1;0;1;25;0;;0;;0;;25;352;0;66;2;6641;0;1480;5;184;0;51;2;44;16;0;20;0;9;0
HAD;2013;760027938;760027359;0;;;;;170000;1;0;0;0;1;1;0;0;1;30;0;;0;;0;;30;184;0;86;5;6180;0;2173;45;127;0;66;4;40;27;0;3;0;1;0
HAD;2013;760783035;750721334;0;;;;;;0;0;0;0;1;0;1;0;1;45;1;5;1;5;1;5;60;797;462;97;6;11340;1872;2194;130;686;460;76;6;83;34;0;12;0;4;0
HAD;2013;760805770;760780726;0;;;;;;;;;;;;;;0;;1;5;0;;0;;5;487;486;0;0;2456;2455;0;0;468;468;0;0;0;0;0;0;0;0;0
HAD;2013;770000164;770110062;0;;;;;;1;;0;0;1;0;;;1;;1;;1;;1;;;240;0;5;3;4119;0;73;13;196;0;4;3;54;1;0;31;0;1;0
HAD;2013;770000446;770700185;1;2;770700185;770700185;;;0;0;0;0;0;0;0;0;0;0;1;3;0;0;0;0;3;339;336;0;0;1489;1467;0;0;305;304;0;0;0;0;0;0;0;0;0
HAD;2013;770016475;770014207;0;;;;;;0;0;0;0;1;1;;;1;35;0;0;0;0;0;0;35;154;1;35;17;6018;64;1354;229;78;1;30;6;34;12;2;1;0;1;0
HAD;2013;770700011;750042590;0;;;;;277379;0;0;0;0;1;1;;;0;;0;;1;30;0;;30;133;0;0;0;7655;0;0;0;104;0;0;0;40;0;0;1;0;0;0
HAD;2013;780000311;780001236;0;;;;;578000;0;0;0;0;0;0;1;0;0;0;1;16;0;0;0;0;16;771;771;0;0;2791;2791;0;0;484;484;0;0;0;0;0;0;0;0;0
HAD;2013;780004529;310021233;0;;;;;500000;0;0;0;0;1;1;0;0;1;60;0;;0;;0;;60;375;0;138;66;16739;0;6846;677;216;0;90;8;72;36;2;17;0;6;0
HAD;2013;790000087;790000012;0;;;;;135000;1;0;0;0;1;1;;;1;10;0;;1;10;1;10;30;224;0;92;32;7900;0;3306;667;127;0;64;16;34;20;0;10;0;4;0
HAD;2013;790000111;790000046;0;;;;;38869;0;0;0;0;1;0;1;0;1;10;0;;0;;0;;10;96;0;42;2;3494;0;1329;75;73;0;35;1;27;14;0;1;0;1;0
HAD;2013;790000137;790000061;0;;;;;;;;0;0;1;0;1;0;1;10;0;0;0;0;0;0;10;93;0;54;0;3004;0;1682;0;66;0;41;0;22;12;0;6;0;1;0
HAD;2013;790017289;790017271;0;;;;;160256;1;0;0;0;0;0;0;0;1;20;0;;0;;0;;20;261;0;80;34;6901;0;1775;926;176;0;67;22;46;19;2;11;0;3;0
HAD;2013;800000226;800000069;0;;;;;71407;1;1;0;0;1;1;;;1;30;0;;0;;0;;30;160;0;55;7;7367;0;1466;224;102;0;42;6;39;16;1;3;0;0;0
HAD;2013;800000523;800000853;0;;;;;;1;1;0;0;1;0;1;1;1;52;0;0;0;0;0;0;52;760;240;202;24;23126;738;7499;692;540;240;138;10;103;55;1;1;0;1;0
HAD;2013;800015448;800000093;0;;;;;85217;1;0;0;0;1;1;;;1;10;0;;0;;0;;10;174;1;50;0;3684;11;1066;0;128;1;39;0;56;20;0;3;0;2;0
HAD;2013;800015489;800000036;0;;;;;29900;1;1;0;0;1;0;0;0;1;10;0;;0;;0;;10;95;0;44;0;2686;0;1538;0;74;0;37;0;39;21;0;20;0;7;0
HAD;2013;800015539;800000028;0;;;;;;1;1;0;0;1;0;1;1;1;30;0;;0;;0;;30;344;0;96;32;8315;0;2036;218;241;0;71;5;72;23;0;0;0;0;0
HAD;2013;800015588;800000077;0;;;;;;1;0;0;0;1;1;;;1;10;0;;0;;0;;10;125;1;54;0;5205;26;2097;0;76;1;33;0;39;16;0;8;0;5;0
HAD;2013;800016768;800003071;0;;;;;55000;1;1;0;0;1;1;;;1;15;0;;0;;0;;15;118;0;37;2;3143;0;427;104;75;0;28;2;23;10;0;5;0;2;0
HAD;2013;800016776;800000085;0;;;;;55000;1;1;0;0;1;1;;;1;15;0;;0;;0;;15;114;0;45;1;3656;0;1111;18;60;0;28;1;20;13;0;1;0;0;0
HAD;2013;810000505;810000331;0;;;;;;0;0;;;;;;;1;43;1;6;0;;0;;49;615;294;75;28;12789;2060;3427;157;482;273;54;4;92;23;3;52;0;2;0
HAD;2013;810000521;810000380;0;;;;;114460;0;0;0;0;1;0;0;0;0;;1;6;0;;0;;6;189;189;0;0;2117;2117;0;0;167;167;0;0;0;0;0;0;0;0;0
HAD;2013;810007989;750047367;0;;;;;180000;0;0;0;0;1;1;;;1;43;0;;0;;0;;43;216;0;56;5;5633;0;1593;89;121;0;42;4;42;20;1;6;0;0;0
HAD;2013;820000032;820000016;0;;;;;175068;1;0;0;0;1;1;;;1;20;0;;0;;0;;20;204;0;45;33;5919;0;1759;371;102;0;36;9;29;10;5;0;0;0;0
HAD;2013;820000883;820004950;0;;;;;53500;1;0;0;0;1;0;0;0;1;20;0;;0;;0;;20;244;0;86;12;5832;0;1824;343;164;0;66;9;80;29;4;10;0;4;0
HAD;2013;830012498;830014049;0;;;;;;1;1;0;0;1;0;1;0;0;;0;;0;;0;;;251;0;74;7;10498;0;2374;433;183;0;55;4;75;27;1;16;0;3;0
HAD;2013;830019600;830000063;0;;;;;1007303;0;1;0;0;1;0;1;0;1;30;1;30;0;;0;;35;288;0;113;1;10664;0;4737;76;201;0;82;1;73;39;0;6;0;3;0
HAD;2013;830100392;830000154;0;;;;;110000;1;0;0;0;1;0;0;1;1;20;0;;0;;1;20;40;284;0;75;4;13820;0;1376;314;186;0;61;4;67;25;1;22;0;11;0
HAD;2013;830207114;830001855;1;2;830207114;;;700000;0;0;0;0;1;0;1;0;1;148;0;;0;;0;;148;822;16;233;3;54118;457;10584;25;524;15;169;2;272;82;0;102;0;42;0
HAD;2013;840011340;840003164;1;3;840011340;840011340;840011340;;1;0;0;0;1;1;1;0;1;140;0;;0;;0;;140;599;0;300;58;39455;0;16201;807;352;0;212;18;145;98;2;29;0;18;0
HAD;2013;850006008;850005968;0;;;;;597840;1;;0;0;0;0;1;0;1;100;0;;1;100;0;;100;1062;1;409;15;35891;22;14189;279;735;1;277;7;130;65;0;22;0;4;0
HAD;2013;860000025;860780063;1;1;860000025;;;109307;1;0;0;0;1;1;;;1;27;0;;0;;0;;27;300;0;120;14;6990;0;2148;254;201;0;96;7;71;37;0;9;0;4;0
HAD;2013;860000223;860013077;0;;;;;150000;0;0;0;0;1;1;;;1;30;0;;0;;0;;30;501;0;42;96;10162;0;1132;1052;298;0;37;19;65;9;3;25;0;0;0
HAD;2013;860008929;860008879;0;;;;;258583;0;0;0;0;1;1;;;1;30;1;5;1;5;0;;40;243;0;110;18;6546;0;3070;418;175;0;74;13;49;23;1;8;0;3;0
HAD;2013;870003514;870000015;1;2;870003514;;;;1;0;0;0;0;0;1;0;1;40;0;;0;;0;;40;950;0;110;416;17244;0;2903;1196;378;0;85;56;85;29;5;9;0;2;1
HAD;2013;870004231;870004074;1;3;870004231;870004231;870004231;350000;1;1;0;0;1;1;0;0;1;30;0;;0;;1;30;60;531;0;206;234;19786;0;11105;546;213;0;134;27;75;50;1;0;0;0;0
HAD;2013;880000039;880780069;0;;;;;168729;1;0;0;0;1;1;;;1;18;0;;0;;0;;18;260;117;51;6;5261;1579;1093;116;218;101;44;3;18;6;0;0;0;0;0
HAD;2013;880006606;750047367;0;;;;;130000;0;;0;0;;;;;1;30;0;;0;;0;;30;231;0;90;7;5908;0;2247;190;130;0;57;4;36;20;1;11;0;4;0
HAD;2013;890975527;890000037;0;;;;;;1;0;0;0;1;0;0;0;1;20;0;;0;;0;;20;210;16;89;5;3767;49;1669;44;159;16;68;4;50;31;1;19;0;11;1
HAD;2013;890975543;890000417;0;;;;;;1;0;0;0;1;1;;;1;15;0;;0;;0;;15;111;0;51;9;3459;0;962;93;70;0;44;4;25;19;1;3;0;3;0
HAD;2013;890975550;890970569;0;;;;;35000;1;1;1;0;1;1;;;1;10;0;;0;;0;;10;88;0;38;14;2545;0;658;170;63;0;32;7;25;16;2;5;0;4;0
HAD;2013;890975568;890000433;0;;;;;38075;1;1;0;0;1;1;;;1;10;0;;0;;0;;10;131;0;77;10;2187;0;1151;74;86;0;58;3;39;31;0;21;0;19;0
HAD;2013;920000585;920026374;0;;;;;532922;0;0;0;0;0;0;0;0;0;0;1;8;0;0;0;0;6;731;731;0;0;3154;3154;0;0;689;689;0;0;0;0;0;0;0;0;0
HAD;2013;920000619;920009909;0;;;;;;0;0;0;0;0;0;1;0;0;;1;4;0;;0;;2;533;533;0;0;2141;2141;0;0;511;511;0;0;0;0;0;0;0;0;0
HAD;2013;920300043;920001526;0;;;;;400704;0;0;0;0;0;1;0;0;0;;1;6;0;;0;;6;291;291;0;0;1390;1390;0;0;287;287;0;0;0;0;0;0;0;0;0
HAD;2013;920813623;920002862;0;;;;;11852900;0;0;0;0;1;1;0;0;0;938;0;75;0;4;0;262;1200;24517;5263;2707;11115;437384;27454;103645;66568;11885;5231;1721;1732;1251;442;215;150;0;6;4
HAD;2013;930000286;930021480;0;;;;;;1;1;0;0;0;0;1;0;1;10;0;;0;;1;10;20;381;0;68;129;6950;0;1536;1122;182;0;48;40;47;19;7;3;0;0;1
HAD;2013;930706239;930110051;0;;;;;;1;0;0;0;0;1;1;0;0;;0;;1;20;0;;20;123;0;0;0;4897;0;0;0;95;0;0;0;26;0;0;0;0;0;0
HAD;2013;950000323;950013870;0;;;;;292672;0;0;0;0;0;0;0;0;0;;0;;1;20;0;;20;92;0;0;0;4530;0;0;0;83;0;0;0;38;0;0;4;0;0;0
HAD;2013;950000356;950013870;0;;;;;561191;;0;0;0;0;0;0;0;0;;1;8;0;;0;;8;671;671;0;0;2423;2423;0;0;666;666;0;0;0;0;0;0;0;0;0
HAD;2013;970100020;970100152;0;;;;;;0;1;0;0;1;1;;;1;30;1;;1;;0;;30;194;0;86;10;20625;0;3364;556;148;0;66;5;91;58;0;10;0;4;0
HAD;2013;970100418;970100194;0;;;;;32219;0;0;0;0;;;;;1;12;0;;1;61;0;;12;113;3;40;0;11793;21;3520;0;80;1;34;0;39;20;0;0;0;0;0
HAD;2013;970100442;970100228;0;;;;;;0;0;0;0;1;1;1;0;1;35;0;;0;;0;;35;155;0;76;21;8407;0;3432;596;108;0;53;16;46;23;0;0;0;0;0
HAD;2013;970100459;970100244;0;;;;;;;;0;0;;;;;1;15;0;;0;;0;;15;37;0;;0;2698;0;;0;35;0;;0;12;;0;0;0;0;0
HAD;2013;970102596;970100491;0;;;;;65500;0;0;0;0;1;;;;1;81;0;;0;;0;;81;235;0;108;2;26133;0;7266;96;174;0;84;2;75;41;1;12;0;12;0
HAD;2013;970103099;970100525;0;;;;;;0;0;0;0;1;0;0;0;1;60;1;60;1;60;1;60;60;226;1;126;7;12475;11;4091;234;178;1;104;7;88;51;0;12;0;9;0
HAD;2013;970111217;970111209;0;;;;;12553;0;0;;0;1;1;1;;1;10;1;2;1;8;0;;20;48;0;21;1;2113;0;742;5;27;0;13;1;14;9;0;0;0;0;0
HAD;2013;970111365;970111969;0;;;;;66319;0;0;0;0;1;1;;;0;33;0;0;0;10;0;5;48;150;0;82;5;9586;0;3785;207;117;0;69;5;41;27;1;0;0;0;0
HAD;2013;970111563;970100491;0;;;;;;0;0;0;0;1;1;;;1;26;1;;1;;1;;26;223;6;63;20;9526;72;2190;360;171;5;51;6;32;19;0;4;0;2;0
HAD;2013;970112033;970100210;0;;;;;100000;0;0;0;0;1;1;;;1;20;0;;0;;0;;20;121;0;64;9;6848;0;2453;331;94;0;53;7;42;23;3;4;0;2;0
HAD;2013;970209441;970209433;0;;;;;;0;0;0;0;1;1;0;0;1;60;0;;0;;0;;60;454;0;294;1;15065;0;9392;14;304;0;213;1;144;106;0;0;0;0;0
HAD;2013;970303608;970303590;0;;;;;35000;0;0;0;0;1;1;0;0;1;20;1;20;1;10;0;;50;233;127;50;0;9538;3547;2238;0;171;105;27;0;15;6;0;0;0;0;0
HAD;2013;970303640;970303590;0;;;;;130000;1;0;0;0;1;1;0;0;0;45;0;25;0;15;0;5;90;540;238;96;6;22183;6573;5154;97;400;196;70;5;42;16;2;2;0;2;0
HAD;2013;970303657;970303590;0;;;;;90000;0;0;0;0;1;1;0;0;1;20;1;15;1;10;0;5;50;258;133;31;4;12325;2850;2278;121;202;118;20;4;18;3;0;0;0;0;0
HAD;2013;970304614;970304739;0;;;;;;1;0;0;0;1;1;;;1;15;0;;1;15;1;10;40;62;;;;5515;;;;50;;;;23;;;0;;;
HAD;2013;970403119;970463600;1;3;970404851;970406625;970403119;314500;0;0;0;0;1;1;;;1;40;0;;0;;0;;40;354;0;180;3;13791;0;6088;78;230;0;130;2;69;46;0;0;0;0;0
HAD;2013;970404711;970400396;1;4;970407656;970407318;970405395;;0;0;0;0;1;1;;;1;30;0;;0;;0;;30;219;0;63;1;9766;0;1730;15;139;0;53;1;38;18;0;1;0;0;0
HAD;2013;970404851;970463600;1;3;970404851;970406625;970403119;263500;0;0;0;0;1;1;;;1;50;0;;0;;0;;50;297;0;105;13;14864;0;4090;765;178;0;72;8;59;32;1;0;0;0;0
HAD;2013;970405395;970400396;1;4;970404711;970407656;970407318;;0;0;0;0;1;1;;;1;33;0;;0;;0;;33;331;0;139;5;11000;0;3651;264;213;0;108;5;66;42;0;7;0;3;0
HAD;2013;970406625;970463600;1;3;970404851;970406625;970403119;272000;0;0;0;0;1;1;;;1;30;0;;0;;0;;30;252;0;142;2;9065;0;4603;93;172;0;101;2;53;36;1;2;0;0;0
HAD;2013;970407318;970400396;1;4;970405395;970407656;970404711;;0;0;0;0;1;1;;;1;25;0;;0;;0;;25;222;0;96;1;8394;0;2847;16;146;0;72;1;46;30;0;3;0;0;0
HAD;2013;970407656;970400396;1;4;970405395;970404711;970407318;;0;0;0;0;1;1;;;1;25;0;;0;;0;;25;251;0;70;0;9038;0;1414;0;143;0;57;0;38;18;0;0;0;0;0
