BOR;AN;FI;FI_EJ;EMGER;EVALIH;EVALEH;FILACT;ETP;UGER;LIT_GER;PLA_GER;SEJHC_GER;SEJHP_GER;JOU_GER;EFFPL_PM;EFFPL_GER;EFFPA_PM;EFFPA_GER;ETP_PM;ETP_GER;GAR_PM;GAR_GER;AST_PM;AST_GER;EFFPL_INF;EFFPL_AID;EFFPL_ERG;EFFPL_PMT;EFFPL_APNM;EFFPA_INF;EFFPA_AID;EFFPA_ERG;EFFPA_PMT;EFFPA_APNM;ETP_INF;ETP_AID;ETP_ERG;ETP_PMT;ETP_APNM
MCOGER;2013;010000024;010780054;1;550;240;675;5.19;1;22;0;982;3;7878;3;;;;1.4;;0;;0;;10;14;;;4;5;;;;1;12.31;12.05;;;4.24
MCOGER;2013;010000065;010780096;0;;;;;1;23;1;1507;13;14685;1;;3;;2.3;;0;;1;;11;13;;;1;4;8;;;1;8.89;14.98;;;0.5
MCOGER;2013;010000099;010780120;0;;;;;1;9;0;116;1;1149;;;1;1;0.15;0.15;0;0;1;1;3;3;;;5;5;9;;;;3.89;5.26;;;4.26
MCOGER;2013;010000115;010009132;0;;;;;1;12;;160;0;3328;0;;4;;0.71;;;;1;;;5;;;1;3;2;1;;9;1.61;5.28;0.08;;3.63
MCOGER;2013;010000131;010009132;0;;;;;1;8;0;152;2;2805;;;2;;0.21;;;;1;;1;2;;;1;3;1;1;;12;2.14;2.42;0.05;;2.18
MCOGER;2013;010005239;010008407;0;;;;;1;14;1;622;2;4761;1;;1;;0.97;;;;;;;;;;;;;;;;;;;;
MCOGER;2013;010780203;010006450;0;;;;;1;12;2;367;10;3686;1;1;;;1;1;;;1;;4;;;;;2;2;;;;4.8;1.4;;;
MCOGER;2013;020000097;020000048;0;;;;;1;31;8;521;1921;8580;2;2;1;1;2.5;2.5;;;;;12;16;;;9;1;2;;;;12.6;17.72;;;9
MCOGER;2013;020000162;020000063;1;159;0;149;2.5;1;42;1;1381;52;14811;1;1;4;4;3.4;3.4;0;0;0;0;12;14;0;0;8;2;2;0;0;4;12.49;15.29;0;0;7.76
MCOGER;2013;020000394;020000253;1;217;106;59;2.42;1;25;;693;3;7785;2;0;1;0;2.46;0;0;0;0;0;11;9;0;0;6;1;1;0;0;0;11.2;9.8;0;0;5.4
MCOGER;2013;020000519;020000261;1;221;0;197;1.42;0;;;;;;;;;;;;;;;;;;;;;;;;;;;;;;
MCOGER;2013;020001061;020004404;1;50;;50;0.3;1;20;;756;1;6262;3;2;;;2.6;1.6;0;0;0;0;8;8;;;1;;;;;1;8;8;;;1.8
MCOGER;2013;030000061;030780092;1;624;;486;3.55;1;25;1;692;71;8948;2;2;;;0.73;0.73;0;0;1;0;7;12;;;2;4;2;;;;10.01;13.89;;;1.96
MCOGER;2013;030000079;030780100;1;32;63;54;0.4;0;;;;;;;;;;;;;;;;;;;;;;;;;;;;;;
MCOGER;2013;030000087;030780118;1;768;8;710;3.36;1;15;2;451;2;5520;2;2;0;0;2;2;0;0;1;0;0;0;0;0;0;12;16;0;0;7;4.57;6.32;0;0;2.61
MCOGER;2013;040000135;050002948;1;;;239;1.62;0;;;;;;;;;;;;;;;;;;;;;;;;;;;;;;
MCOGER;2013;050000231;050000116;0;;;;;1;6;1;176;3;2061;1;1;;;0.6;0.6;0;0;1;1;2;3;;;;;;;;3;2;2.08;;;0.5
MCOGER;2013;050000256;050000124;1;110;124;113;1.6;1;12;0;379;4;3893;1;;;;0.9;;0;;0;;4;5;;;1;2;5;;;1;5.72;9.23;;;1.33
MCOGER;2013;050000330;050007145;0;;;;;0;;;;;;;;;;;;;;;;;;;;;;;;;;;;;;
MCOGER;2013;050006436;050002948;1;;;239;1.63;1;33;1;990;427;9472;3;;1;1;3.04;0.54;;;;;12;15;0;0;16;7;4;0;0;5;14.6;16.28;0.36;0;12.8
MCOGER;2013;060000478;060780897;1;606;0;377;1.5;1;12;0;435;0;4303;0;0;0;0;0;0;;;;;5;12;0;0;0;0;0;0;0;0;4.63;10.85;0;0;0
MCOGER;2013;060000510;060780954;0;;;;;1;20;1;744;3;7179;5;4;2;1;2.57;2.2;;0;;1;10;15;0;0;7;3;4;0;0;2;12.2;17.74;0;0;7.67
MCOGER;2013;060000544;060780988;1;449;0;273;1.85;1;16;0;459;0;5803;2;;1;;1.16;;0;0;0;0;4;11;;;10;2;0;;;3;5.48;9.66;;;4.57
MCOGER;2013;060002102;060791761;1;;;;2.1;0;;;;;;;;;;;;;;;;;;;;;;;;;;;;;;
MCOGER;2013;060788957;060785011;1;1980;202;2229;2.9;1;50;2;2101;729;18306;13;3;9;0;8.31;2.1;0;0;1;1;5;0;1;0;59;1;0;0;0;17;5.96;0;0.18;0;55.16
MCOGER;2013;060789195;060785011;0;;;;;0;;;;;;;;;;;;;;;;;;;;;;;;;;;;;;
MCOGER;2013;060791811;750826638;0;;;;;1;91;4;;;;12;6;26;;16.74;4.94;0;;1;;38;32;1;;3;8;7;;;1;42.26;38.18;0.47;0;2.93
MCOGER;2013;070000013;070002878;1;106;6;103;2.73;1;15;0;322;0;5241;4;4;1;;2.26;2.26;0;0;1;1;4;5;;;1;3;1;;;1;4.76;3.68;;;0.87
MCOGER;2013;070000179;070780358;1;360;;313;3.7;1;6;0;154;4;1047;21;3;2;1;20.08;1.6;0;0;1;1;7;10;1;0;48;3;4;0;0;52;9.46;11.8;0.5;0;78.14
MCOGER;2013;070000203;070780382;0;;;;;0;;;;;;;;;;;;;;;;;;;;;;;;;;;;;;
MCOGER;2013;070000609;070005566;1;;;;;1;22;1;607;2;6762;4;0;0;0;3.25;0;;;;;1;0;0;0;2;0;0;0;0;0;0.95;0;0;0;0.5
MCOGER;2013;080000110;080000037;1;179;0;122;2.63;1;19;;554;0;5922;2;2;0;0;2;2;0;0;1;1;5;7;;;1;3;1;;;;7;7.6;;;1
MCOGER;2013;080000219;080001969;0;;;;;1;;;0;0;0;;;;;;;;;;;;;;;;;;;;;;;;;
MCOGER;2013;080000276;080001969;0;;;;;1;;;0;0;0;;;;;;;;;;;;;;;;;;;;;;;;;
MCOGER;2013;080000300;080000078;0;;;;;1;8;0;0;0;0;;;2;;0.45;;0;0;0;0;8;7;;;4;;2;;;;3.75;4.65;;;2
MCOGER;2013;080000425;080000615;1;304;14;170;3.5;1;24;3;556;388;8530;3;1;0;0;2.99;0.89;0;0;0;0;6;14;;;4;6;8;;;1;10.53;18.27;;;4.15
MCOGER;2013;090000175;090781774;1;438;0;408;3.2;1;10;0;198;0;3522;1;1;;;0.8;0.8;0;0;1;1;3;7;;;5;3;1;;;0;1.81;3.86;;;3.07
MCOGER;2013;090000183;090781816;1;216;49;231;3.12;0;;;;;;;;;;;;;;;;;;;;;;;;;;;;;;
MCOGER;2013;090001629;090780107;1;0;0;0;0.33;0;;;;;;;;;;;;;;;;;;;;;;;;;;;;;;
MCOGER;2013;100000090;100000017;1;415;97;473;1.46;1;26;0;857;5;10456;4;2;;;3.26;1.3;0;0;1;1;11;17;;;1;;1;;;1;10.83;17.18;;;1.5
MCOGER;2013;100000199;100006279;0;;;;;1;10;1;407;5;3026;1;1;;;1;1;0;0;0;0;5;9;;;1;0;0;;;0;3.98;5.33;;;0.23
MCOGER;2013;100009364;100000017;1;0;0;0;0;1;0;5;5;611;0;7;4;2;;4.67;0.61;0;0;0;0;2;1;;;2;;;;;;2.31;1;;;1.95
MCOGER;2013;110000023;110780061;1;646;1;581;3.75;1;18;2;867;181;6505;3;2;0;0;1.95;1.2;0;0;1;1;9;16;;;;3;1;;;;11.19;14.51;;;
MCOGER;2013;110000056;110780137;1;639;230;537;2.7;1;14;;423;0;5065;1;;2;;2.9;;0;;1;;9;8;;;3;3;2;;;;10.5;9.7;;;1.2
MCOGER;2013;110000247;110780772;1;0;18;18;0.6;0;;;;;;;;;;;;;;;;;;;;;;;;;;;;;;
MCOGER;2013;120000039;120780044;1;;;;;1;26;1;996;63;10045;1;;;;1;;0;;1;;16;15;;;1;2;5;1;;1;15.73;16.66;0.22;;2.25
MCOGER;2013;120000054;120780069;1;477;12;462;1.8;1;10;0;308;1;3199;1;0;0;0;0.5;0;0;;1;;1;0;0;0;0;0;0;0;0;0;1;0;0;0;0
MCOGER;2013;120000096;120780101;1;240;27;267;1.7;0;;;;;;;;;;;;;;;;;;;;;;;;;;;;;;
MCOGER;2013;120004569;120004528;1;419;310;729;2.35;1;13;;519;5;3892;1;1;1;;0.8;0.5;0;;1;;6;8;2;;3;3;1;;;;6.36;6.73;0.75;;1.07
MCOGER;2013;120004668;120004619;0;;;;;1;10;0;276;0;2764;6;;3;;2.91;;0;;0;;3;10;;9;;4;1;;5;;3.95;6.26;;2.64;
MCOGER;2013;130000409;130041916;1;1293;;1158;3.75;1;12;0;;;;3;3;;;1.92;1.92;0;0;1;0;10;15;;;5;3;1;;;1;5.57;5.93;;;2.53
MCOGER;2013;130000565;130781446;1;362;;;0.68;1;25;0;858;3;7655;1;;;;1;;0;;0;;8;14;;;1;5;5;;;4;11.26;15.26;;;3.47
MCOGER;2013;130001225;130782634;1;939;0;842;1.77;1;10;1;288;1;2724;1;0;1;0;1.1;0;0;0;0;0;3;0;0;0;1;0;0;0;0;1;0.77;0;0;0;1.2
MCOGER;2013;130002827;130789274;1;113;0;84;;0;;;;;;;;;;;;;;;;;;;;;;;;;;;;;;
MCOGER;2013;130002835;130789316;1;664;0;622;3.13;1;8;;363;4;2989;0;0;1;0;0.5;0;0;0;0;0;4;3;0;0;1;3;3;0;0;2;3.83;3.6;0;0;1.75
MCOGER;2013;130043664;130002157;1;82;0;46;5.1;0;;;;;;;;;;;;;;;;;;;;;;;;;;;;;;
MCOGER;2013;130780521;130786049;1;414;0;414;0;1;26;1;746;3;8769;3;0;0;0;1.16;0;;;;;11;16;;;9;2;;;;2;9.42;14.89;;;6.42
MCOGER;2013;130781255;220020739;1;;;;;1;19;8;493;628;4947;1;1;4;3;3.22;2.95;0;0;1;1;3;3;;;3;6;10;1;;36;6.02;8.69;0.17;;14.18
MCOGER;2013;130783293;130786049;1;1821;25;1528;6;1;0;0;;;;5;3;0;0;3.73;2.31;1;1;1;1;;;;;3;;;;;0;;;;;1.72
MCOGER;2013;130784234;130786049;0;;;;;1;25;4;607;700;8438;7;0;7;0;6.06;0;0;;0;;18;14;0;0;9;2;4;0;0;0;14.07;14.44;0;0;8.42
MCOGER;2013;130785355;130002157;1;96;;53;5.1;0;;;;;;;;;;;;;;;;;;;;;;;;;;;;;;
MCOGER;2013;130785652;130014228;1;827;0;743;3.1;0;;;;;;;;;;;;;;;;;;;;;;;;;;;;;;
MCOGER;2013;130809015;130001928;0;;;;;1;43;5;981;483;12170;1;;6;;4.8;;1;;1;;14;13;;;10;3;;;;5;14.75;13;;;14.1
MCOGER;2013;140000027;140000035;1;;;;0.71;1;25;;829;43;9562;5;3;1;1;3.33;0.55;0;0;0;0;9;14;1;0;7;7;3;0;0;3;12.48;15.51;0.5;0;6.5
MCOGER;2013;140000209;140000100;1;1144;0;962;2.77;1;40;0;760;0;14809;5;4;;;4.75;4;0;0;0;0;14;23;;;16;10;2;;;3;18.47;22.61;;;14.66
MCOGER;2013;140000233;140000118;0;;;;;1;10;0;158;1;2987;;;;;0.94;0.94;0;0;1;1;;;;;;8;15;;;6;1.83;3.59;;;1.19
MCOGER;2013;140000373;140000159;0;;;;;1;20;0;393;0;6819;2;2;0;0;2;2;0;0;1;1;12;14;;;3;1;;;;2;10.4;11.4;;;3.58
MCOGER;2013;140004383;140000100;1;67;0;67;;0;;;;;;;;;;;;;;;;;;;;;;;;;;;;;;
MCOGER;2013;150000032;150780088;0;;;;;1;16;0;451;1;5397;2;2;0;0;1;1;0;0;1;1;6;8;;;7;;3;;;2;6;10.02;;;7.11
MCOGER;2013;150000040;150780096;1;;;;0.2;1;12;0;422;0;4344;3;3;;;1;1;;;1;1;4;5;;;1;;3;;;3;4;7.33;;;2.36
MCOGER;2013;160000253;160000451;1;557;0;697;3.1;1;30;5;1166;345;10613;4;4;1;0;0.92;0.92;0;0;;;14;17;0;0;9;1;4;0;0;3;14.41;19.84;0;0;7.89
MCOGER;2013;160000303;160006037;1;107;3;105;1.25;1;10;;276;1;2965;2;2;;;1;1;1;1;1;1;2;1;;;1;1;1;;;;2.15;1.8;;;0.5
MCOGER;2013;160000311;160000485;1;19;51;36;1.82;0;;;;;;;;;;;;;;;;;;;;;;;;;;;;;;
MCOGER;2013;160015368;160014411;0;;;;;1;15;0;;;;2;1;1;;1.7;0.6;0;0;1;1;5;13;;;2;3;3;;;;6.04;10.51;;;1.29
MCOGER;2013;170000038;170780050;0;;;;;1;30;1;833;185;9033;3;2;;;3;2;0;0;1;1;7;12;;;2;3;3;;;;7.78;14.31;;;2
MCOGER;2013;170000079;170780142;0;;;;;1;11;1;136;158;2934;;;1;;0.5;;0;0;1;0;3;3;;;2;5;6;;;1;6.19;6.84;;;2.5
MCOGER;2013;170000087;170023279;1;;;496;4.1;1;30;0;1334;0;10839;3;3;;;2.16;2.16;0;0;0;0;15;14;;;9;2;3;;;2;14.81;17;;;7.18
MCOGER;2013;170000095;170780167;0;;;;;1;26;0;681;1;8540;5;5;1;1;3.42;3.42;0;0;0;0;10;13;0;;5;3;4;1;;6;12.21;16.44;0.2;;6.68
MCOGER;2013;170000103;170780175;1;329;0;305;1;1;25;0;1232;58;9831;2;2;0;0;1;1;0;0;1;1;12;15;;;4;2;5;;;1;10;11.75;;;1
MCOGER;2013;170000111;170023279;0;;;;;1;3;;;;;;;1;1;0.5;0.5;0;0;0;0;2;2;;;10;;;;;2;0.81;1.02;;;0.58
MCOGER;2013;170000129;170780191;1;;;;1;1;20;0;721;0;7133;2;2;;;2;2;0;0;1;1;11;12;;;3;;;;;2;10.91;11.91;;;4.88
MCOGER;2013;170000152;170780225;1;941;32;508;2.55;0;;;;;;;;;;;;;;;;;;;;;;;;;;;;;;
MCOGER;2013;180000010;180000028;1;964;0;964;0.5;1;45;0;974;0;13441;7;7;0;0;4.7;4.7;0;0;1;1;16;24;;;;;;;;;16;24;;;
MCOGER;2013;180000200;180000051;0;;;;;1;22;;;;;1;;;;1.51;;0;0;1;1;1;12;;;4;4;;;;;4.72;11.8;;;3.17
MCOGER;2013;180000283;180000069;0;;;;;1;46;;1430;40;16008;6;;;;4.81;;0;;1;;14;19;;;12;7;9;;;3;16.84;25.31;;;14.07
MCOGER;2013;190000018;190000042;1;828;12;840;3.6;1;31;0;87;0;1036;6;2;1;1;3.93;1.26;0;0;1;1;15;12;;;4;;2;1;;1;14.69;13.34;0.3;;3.79
MCOGER;2013;190000026;190000059;1;554;150;583;;1;20;0;469;4;7191;5;1;;;2.77;0.75;0;0;1;0;9;6;;;5;;1;;;1;9.06;7.82;;;7.41
MCOGER;2013;190000091;190000075;1;15;;15;;1;5;1;231;3;2021;15;4;12;;22.27;3.14;0;0;1;1;;;0;;;;;0;;;;;0;;
MCOGER;2013;210986089;210780581;1;564;0;755;3.29;1;60;10;1243;1270;22334;12;5;;;7.88;3.8;1;1;1;1;40;35;1;;27;;;;;;33.85;29.41;0.1;;22.16
MCOGER;2013;210987590;210780649;1;;;;;0;;;;;;;;;;;;;;;;;;;;;;;;;;;;;;
MCOGER;2013;210987657;210780714;1;594;129;723;2.5;0;;;;;;;;;;;;;;;;;;;;;;;;;;;;;;
MCOGER;2013;210987665;210010070;1;45;35;80;1.4;0;;;;;;;;;;;;;;;;;;;;;;;;;;;;;;
MCOGER;2013;210987673;210010070;0;;;;;1;23;2;442;163;6269;1;;;;1;;;;;;;;;;;;;;;;;;;;
MCOGER;2013;220000012;220000020;1;629;2;628;0.5;1;39;2;1325;341;14175;7;1;;;6.67;0.5;0;0;1;1;21;23;;;8;3;11;;;4;19.15;28.07;0.29;;5.71
MCOGER;2013;220000095;220000046;1;430;95;;2.5;1;32;;796;3;8490;;;1;1;0.6;0.6;;;;;8;12;;;6;4;5;;;;11.83;14.09;;;5.87
MCOGER;2013;220000343;220000079;1;582;6;561;3.65;1;15;1;542;52;5386;1;1;1;1;1.5;1.5;0;0;1;0;3;7;;;;4;4;;;;5.5;9;;;
MCOGER;2013;220000368;220000103;1;323;0;279;3.88;1;16;0;587;1;5313;3;3;;;2.08;1.62;0;0;0;0;12;8;;;4;2;3;;;4;10.25;9.4;;;5.56
MCOGER;2013;220000541;220000152;1;407;2;373;1.67;1;20;0;658;5;6577;3;1;;;1.8;0.9;0;0;1;1;15;15;;;8;;1;;;4;10.1;11.69;;;3.2
MCOGER;2013;220000574;220000186;0;;;;;1;15;;;;;;;1;;0.1;;;;;;1;3;;;1;1;4;1;;2;1.8;5.9;0.5;;1.92
MCOGER;2013;220001259;220005045;1;0;81;72;;1;30;10;677;502;9725;8;;;;3.97;;;;;;8;11;;;5;6;4;;;1;13.1;14.29;;;4
MCOGER;2013;230000820;230780041;1;;;;0.4;1;19;0;512;5;6701;2;1;1;;2.74;0.74;0;0;1;1;3;;1;;1;;1;;;1;2.33;0.17;0.5;;1.25
MCOGER;2013;230004657;230780058;0;;;;;1;20;0;250;1;3051;1;;1;1;1;0.8;0;0;1;1;11;18;;;13;;1;;;;7.34;15.7;;;8.25
MCOGER;2013;240000372;240000059;0;;;;;1;14;0;554;0;4702;3;;;;1.2;;0;;1;;6;12;;;3;2;1;;;3;8.09;12.89;;;3.9
MCOGER;2013;240000489;240000117;0;;;;;1;14;0;449;0;5123;2;2;1;1;2.8;2.8;0;0;0;0;1;;;;2;;;;;;1;;;;2
MCOGER;2013;250000114;900000365;0;;;;;1;42;0;1000;0;15613;4;;;;3.9;;;0;;1;;;;;;;;;;;;;;;
MCOGER;2013;250000627;250000221;0;;;;;0;;;;;;;;;;;;;;;;;;;;;;;;;;;;;;
MCOGER;2013;250000700;250000452;1;556;235;1316;4.8;0;;;;;;;;;;;;;;;;;;;;;;;;;;;;;;
MCOGER;2013;250006954;250000015;1;793;0;471;1.39;1;48;5;928;885;17165;6;2;;;4.8;2;0;0;1;1;15;17;0;0;10;13;12;1;0;5;22.9;25.37;0.8;0;12.33
MCOGER;2013;260000013;260000021;1;581;0;530;1.9;1;24;2;791;233;8923;2;2;;;2;2;0;0;0;0;12;15;;;;;;;;;10.3;12.95;;;
MCOGER;2013;260000120;260016910;1;797;;;2.26;1;16;;383;3;5319;2;;;;2;;;;1;;4;10;;;3;4;2;;;;8.43;11.63;0.05;;4.33
MCOGER;2013;260000138;260000047;1;1502;0;933;1.5;1;30;;906;1;10880;6;;;;4.9;;0;0;1;1;12;13;;;3;4;2;;;3;14.59;13.62;;;4.3
MCOGER;2013;260000146;260000054;0;;;;;1;9;0;331;30;3131;1;;;;1;;;;;;2;;;;;;;;;;2;;;;
MCOGER;2013;260000286;260000104;0;;;;;1;2;0;34;10;310;;;1;;0.1;;0;;0;;;;;;;;;;;;;;;;
MCOGER;2013;270000359;270023724;1;568;0;492;2.4;1;32;0;1082;2;11735;5;4;2;2;5.5;4.15;0;0;1;1;11;15;;;2;2;4;;;;11.83;18.63;;;2.63
MCOGER;2013;270000367;270000086;1;;;;;1;10;;333;0;3706;0;;3;2;0.93;0.9;0;0;0;0;6;4;;;;;;;;;3.84;3.92;;;
MCOGER;2013;270000391;760024042;0;;;;;1;27;0;2363;15;19950;5;5;;;5;5;0;0;1;1;15;17;;;6;5;4;;;6;15.49;19;;;8.78
MCOGER;2013;270000458;270023724;1;807;0;568;1.75;1;12;0;116;0;1181;4;4;;;3;3;0;0;1;1;6;4;;;;2;3;;;2;2.2;2.22;;;0.11
MCOGER;2013;280000084;280000183;1;16;36;57;2.5;1;25;0;599;0;9028;1;1;3;;2.75;1;0;0;1;1;9;13;;;;3;;;;;11.83;12.61;;;
MCOGER;2013;280000100;280000225;0;;;;;1;15;0;181;1;3651;;;8;2;0.71;0.24;0;0;1;1;4;6;;;;1;1;1;;2;4.8;6.83;0.05;0;0.71
MCOGER;2013;280000662;280500075;0;;;;;1;18;0;;;;1;;1;;1.64;;0;0;1;0;3;5;1;1;;2;4;;1;;4.59;8.25;0.16;0.39;
MCOGER;2013;280504267;280000134;1;597;0;425;1.32;1;53;2;1211;141;17393;1;1;;;1;1;0;0;0;1;16;24;;;19;5;3;;;6;21.38;26.28;;;11.38
MCOGER;2013;290000025;290020700;1;5747;0;;1.91;1;24;4;726;264;8676;3;2;1;0;2.28;1.34;0;0;1;1;10;11;;;7;7;3;;;3;12.99;13.59;;;5.05
MCOGER;2013;290000033;290021542;1;770;0;691;2.8;1;25;0;809;3;8912;1;1;2;;2.67;1.07;;;;;7;12;;;7;6;4;;;1;12.2;15.25;;;7.58
MCOGER;2013;290000173;290000041;0;;;;;1;14;;573;0;4396;1;;;;0.9;;0;;1;;;;;;;;;;;;4.3;7.2;;;
MCOGER;2013;290000181;290000074;0;;;;;1;20;8;410;541;5084;3;;3;;2.23;;0;;1;;8;8;;;6;;4;;;6;7.33;8.6;;;5.56
MCOGER;2013;290000785;220020739;0;;;;;1;19;0;442;3;5770;7;;1;;7.14;;;;;;29;28;;;6;26;18;;;2;47.66;43.03;;;4.88
MCOGER;2013;290000934;290000306;1;246;52;289;1.9;1;38;5;1300;783;13177;4;;;;3.9;;;;1;;8;13;;;2;10;14;;;3;17.13;26.78;;;9.09
MCOGER;2013;290004324;290000017;1;933;0;933;3.4;1;26;0;692;242;9516;;;;;;;;;;;7;9;;;6;5;5;;;2;11;12.6;;;6.75
MCOGER;2013;2A0000022;2A0000014;1;8;0;287;;1;20;0;669;1;7036;;;;;;;;;;;11;12;;;7;2;0;;;0;8.36;8.01;;;4.42
MCOGER;2013;2B0000012;2B0000020;1;423;0;;2.5;1;30;1;1074;6;9533;5;1;1;0;4.71;0.33;0;0;1;1;19;21;0;0;8;2;1;0;0;4;18.64;21.94;0;0;10.63
MCOGER;2013;300000023;300780046;1;287;0;287;3.76;1;19;0;692;;6899;3;0;0;0;1.23;0;0;0;1;1;11;12;0;0;8;2;3;;;5;8.97;13.42;0;0;4.24
MCOGER;2013;300000031;300780053;1;71;7;78;2.2;1;10;2;317;46;3326;1;0;1;0;0.78;;0;0;1;0;0;0;0;0;0;0;0;1;0;4;0;0;0.25;0;1.48
MCOGER;2013;300002805;300780038;0;;;;;1;;5;0;4549;0;;;;;;;;;;;2;3;1;1;8;;;;;2;2.92;4.65;1.25;0.58;8.95
MCOGER;2013;300782117;300780038;1;674;;571;1.81;1;70;;1551;0;20235;7;2;1;;6.5;2;0;0;1;1;21;23;1;;12;3;7;1;;2;25.28;27.33;1.8;;13.45
MCOGER;2013;310000310;310780671;1;314;71;395;1.7;1;15;3;444;26;4473;1;;1;;1.1;;0;;1;;;;;;;1;;;;1;0.9;;;;0.25
MCOGER;2013;310013628;310786256;1;171;;162;1.35;1;15;0;;;;1;1;1;1;1.7;1.7;;;1;1;17;33;0;0;28;3;1;1;0;2;4.96;8.64;0.06;;4.65
MCOGER;2013;310780283;310000112;1;;;;2;0;;;;;;;;;;;;;;;;;;;;;;;;;;;;;;
MCOGER;2013;310782347;310789136;1;5;211;138;0.1;0;;;;;;;;;;;;;;;;;;;;;;;;;;;;;;
MCOGER;2013;310783048;310781406;1;;;;3.8;1;20;;1015;0;7446;1;1;2;2;2;2;1;1;1;1;10;14;;;;3;;;;;11.8;14;;;
MCOGER;2013;310783055;310781406;0;;;;;1;15;;737;4;2721;2;2;1;1;2.5;2.5;;;1;1;5;5;;;;2;2;;;;6.14;6.14;;;
MCOGER;2013;310783063;310781406;0;;;;;1;;4;7;699;0;2;2;2;2;1.19;1.19;;;;;1;2;;;;1;;;;;1.7;2;;;
MCOGER;2013;310786389;310001433;0;;;;;0;;;;;;;;;;;;;;;;;;;;;;;;;;;;;;
MCOGER;2013;310787304;310781406;1;;;;3.8;1;70;9;2293;2494;20741;3;3;39;39;15.47;15.47;1;1;0;0;45;49;;;;7;16;;;;49.9;60.3;;;
MCOGER;2013;320000086;320780117;1;247;74;252;1;1;20;0;505;3;5369;1;0;0;0;0.5;0;0;0;1;;11;14;0;0;5;1;4;0;0;0;10.84;16.47;0;0;3.27
MCOGER;2013;320000177;320780208;0;;;;;1;10;0;269;0;2467;;;2;;0.08;;0;0;0;0;4;4;;;25;1;1;;;5;3.88;4.35;;;10.92
MCOGER;2013;330000340;330780552;0;;;;;1;26;4;561;232;8361;2;2;0;0;1.7;1.7;;;;;7;12;;;1;4;3;;;;9.43;14.31;;;1
MCOGER;2013;330000555;330781204;0;;;;;1;28;;941;0;8000;2;;;;1.57;;;;;;9;14;;;2;2;1;;;;9.16;10.08;;;0.96
MCOGER;2013;330000571;330781220;0;;;;;1;10;0;;;;1;;0;;0.2;;0;;0;;;;;;;;;;;;;;;;
MCOGER;2013;330000597;330027509;0;;;;;1;;3;0;349;0;0;0;0;0;0;0;;;;;0;0;0;1;0;1;0;0;0;0;0.34;0;0;0.25;0
MCOGER;2013;330000605;330781253;1;518;0;259;2.5;1;73;5;2865;168;25708;1;1;0;0;0.5;0.5;0;0;1;1;38;38;2;2;25;1;3;;;2;39.95;37.64;2;2;26.6
MCOGER;2013;330000662;330781329;1;417;72;;2;0;;;;;;;;;;;;;;;;;;;;;;;;;;;;;;
MCOGER;2013;330780370;750034589;0;;;;;1;;3;0;1679;0;;;3;3;1.47;1.47;0;0;0;0;;;;;;;;;;5;;;;;3.65
MCOGER;2013;330780495;330796392;0;;;;;1;3;;60;0;464;;;1;1;0.2;0.2;0;0;1;1;1;1;;;;1;1;;;;1.16;1.71;;;
MCOGER;2013;330781337;330781196;1;;;;12.01;1;71;4;1343;728;22361;15;;7;;12.8;;0;;1;;38;37;1;;24;3;2;1;;9;35.4;31.2;1.14;;24.52
MCOGER;2013;330781352;330781196;0;;;;;1;15;0;693;0;5399;1;;1;;1.2;;0;;0;;7;11;;;2;2;1;;;;8.66;11.1;;;1.95
MCOGER;2013;330782582;330000928;0;;;;;1;25;;;;;2;2;2;2;2.64;2.64;;;1;1;9;9;;;;1;1;;;;9.1;9.6;;;
MCOGER;2013;340000033;340780055;1;713;376;1011;4.2;1;12;1;569;6;4277;3;;;;1.9;;0;;1;;10;6;;;3;;;;;1;7.15;4.45;;;2.41
MCOGER;2013;340000223;340011295;1;186;0;578;1.85;1;10;0;288;0;3599;3;;;;1.45;;;;;;5;5;1;;5;1;1;;;5;5.33;5.59;0.25;;4.11
MCOGER;2013;340008275;340780477;1;1097;0;;7.8;1;44;10;1450;1217;15493;4;3;3;2;5.7;3.12;;;;;2;1;;;5;;;1;;4;2;1;0.86;;5.07
MCOGER;2013;340015502;340000512;1;;;;2;1;20;;;;;2;1;;;2;1;;;1;1;15;15;;;;;;;;;15;15;;;
MCOGER;2013;350000014;350005179;1;1534;;;3.7;1;0;5;0;861;0;4;1;1;0;2.72;0.6;0;1;1;1;0;1;2;0;9;4;0;1;0;1;2.85;1;0.36;0;5.33
MCOGER;2013;350000063;220020739;0;;;;;1;0;5;0;125;0;;;1;1;0.3;0.25;0;;1;1;;;;;2;1;;1;;;0.25;;0.2;;0.6
MCOGER;2013;350000147;350000022;1;1976;;;3.02;1;52;0;1404;56;15989;6;6;1;1;4.94;4.94;;;0;0;18;19;;;4;7;12;;;9;23.7;28.6;;;9.8
MCOGER;2013;350000154;350000030;1;1086;0;390;3.56;1;19;1;632;3;7242;2;1;0;;1.81;0.3;0;0;0;0;3;7;;;7;5;5;;;1;9.33;11.85;;;5.6
MCOGER;2013;350000162;350000048;1;417;0;369;2.7;1;38;2;787;1;10360;4;1;0;0;2.02;0.1;0;0;1;1;12;19;1;0;10;4;2;0;0;3;11.84;14.94;0.33;0;7.39
MCOGER;2013;350000188;350000055;1;37;10;47;2.2;1;16;0;160;1;1135;1;1;1;1;0.9;0.9;0;0;1;1;6;6;1;;2;3;4;;;;7.66;8.31;0.8;;2
MCOGER;2013;350002192;220020739;1;86;0;83;0.4;0;;;;;;;;;;;;;;;;;;;;;;;;;;;;;;
MCOGER;2013;350005021;440042844;0;;;;;1;0;3;0;481;0;4;;8;3;8.92;2.52;0;0;1;1;17;17;;;;12;14;2;;2;24.42;26.26;0.75;;1.1
MCOGER;2013;350006771;350005179;0;;;;;1;40;0;747;0;14782;2;0;2;0;1.43;0;0;0;0;0;14;22;0;0;18;8;9;0;0;7;21.97;27.24;0;0;20.05
MCOGER;2013;360000038;360000046;0;;;;;1;20;;316;0;6268;7;1;12;;15.6;1;;;1;;29;31;0;0;31;15;20;0;0;4;24.54;28.83;0;0;14.28
MCOGER;2013;360000137;360000053;1;342;12;461;0.86;1;16;4;755;1;5535;3;2;;;2.49;1.49;;;;;11;12;;;7;10;4;;;3;18.37;14.6;;;9.5
MCOGER;2013;360000160;360000079;0;;;;;1;5;;174;0;1726;2;;;;0.35;;0;;1;;;3;;;;2;;;;;1.6;3;;;
MCOGER;2013;370000531;370000606;0;;;;;1;12;1;425;29;3908;1;1;0;;1;1;1;0;0;0;4;7;;;1;;2;1;;2;4;8.39;0.5;0;2.32
MCOGER;2013;370000580;370000564;0;;;;;1;25;0;652;10;6951;2;;;;1.79;;0;;1;;10;11;;;4;5;2;;;2;12.51;11.52;;;4.98
MCOGER;2013;370000861;370000481;1;1137;0;279;4;1;25;;685;1;9044;6;3;;;12.6;1.5;0;0;0;0;351;389;1;0;444;167;137;0;0;159;469.99;481.95;1;0;575.1
MCOGER;2013;370000879;370000564;0;;;;;1;28;0;827;3;8482;2;0;;0;2;0;0;0;1;0;6;10;;;3;6;6;;;3;9.95;14.14;;;5.95
MCOGER;2013;380000034;380780049;1;;;;;1;27;0;670;3;9669;3;;;;1.5;;0;0;1;1;6;6;;;2;4;6;;;;9.35;10.39;;;2
MCOGER;2013;380000042;380780056;0;;;;;1;22;;745;;7349;;;2;;1.6;;0;0;0;0;7;12;;;7;5;3;;;1;11.2;12.94;;;6.77
MCOGER;2013;380000067;380780080;1;1078;;692;6.5;1;46;1;1238;343;16356;8;;3;;10.76;;0;;1;0;13;13;;;18;10;5;;;5;22.34;18.1;0.5;;20.55
MCOGER;2013;380000109;380780213;0;;;;;1;20;;;;;1;1;;;1.67;1.67;1;1;0;0;5;10;;;4;3;5;;;10;7.24;10.25;;;9.4
MCOGER;2013;380000174;380781435;1;1301;19;809;3.43;1;30;0;682;0;8528;2;1;2;2;1.61;1.46;0;0;1;0;15;20;1;;13;9;7;0;;6;8.43;9.12;1;;3.98
MCOGER;2013;380000406;380784751;1;622;0;582;3.6;1;20;2;670;52;7047;2;0;3;0;2.03;0;0;0;1;1;7;11;0;0;5;4;1;0;0;1;10.82;10.76;0;0;5.38
MCOGER;2013;380012658;380012609;1;310;;270;2.2;1;8;;141;1;1812;1;;3;2;2.4;1.6;1;1;1;1;5;5;;;;3;4;1;;2;7.3;8;0.3;;1.2
MCOGER;2013;380785956;380795211;0;;;;;1;20;0;370;1;4110;1;1;1;;2;1;0;0;;1;9;5;;;;;;;;1;9;5;;;0.5
MCOGER;2013;390000040;390780146;1;;;;;1;27;0;765;0;9334;2;;3;;3.63;;0;;0;;;;;;;;;;;;;;;;
MCOGER;2013;390000222;390780609;0;;;;;1;24;0;810;7;8084;;;;;;;;;;;;;;;;;;;;;;;;;
MCOGER;2013;400000105;400780193;1;673;5;651;;1;24;;613;0;7327;2;2;;;2;2;0;0;1;1;8;12;;;6;4;4;;;1;9.09;13.11;;;6.09
MCOGER;2013;400000139;400011177;1;617;0;573;5.09;1;12;0;660;3;5797;3;3;;;3;3;0;0;1;1;3;0;0;0;1;2;12;0;0;7;4.65;4.67;0;0;3.95
MCOGER;2013;400000147;400780268;0;;;;;1;10;2;282;436;4264;1;1;;;1;1;;;;;6;7;;1;;;;;;;6;6.8;;0.1;
MCOGER;2013;400000261;400780458;0;;;;;1;;1;0;55;0;;;;1;;0.1;;0;;0;;;;;;;;;;1;;;;;0.1
MCOGER;2013;400787354;400780193;0;;;;;1;;2;;276;;;;;;1.33;0.03;0;0;1;1;1;;;;;;;;;;1;;;;0.33
MCOGER;2013;410000020;410000087;1;433;0;408;2.59;1;26;1;900;2;11187;2;0;0;0;2;0;1;0;1;0;24;29;0;0;21;3;5;0;0;0;10.7;22.4;0;0;12.42
MCOGER;2013;410000038;410000095;0;;;;;1;15;0;426;3;5383;2;1;;;0.48;0.25;0;0;1;1;4;4;;;4;1;3;;;1;4.54;6.67;;;4.75
MCOGER;2013;420000010;420780033;1;222;192;;4.61;1;25;2;831;161;9235;3;3;0;0;2.9;2.9;0;0;0;0;11;12;;;6;2;3;;;5;11.39;12.84;;;7.37
MCOGER;2013;420000192;750034589;0;;;;;1;18;;475;1;6689;;;2;2;1.02;1.02;0;0;1;1;;;;;;12;37;0;0;45;4.62;4.06;;;5.9
MCOGER;2013;420000226;420013831;0;;;;;1;15;0;106;0;1955;;;;;;;;;;;;;;;;;1;;;;;0.45;;;
MCOGER;2013;420000234;420780652;1;373;0;678;3.55;1;21;1;872;6;9971;2;1;;;2;1;0;0;1;0;5;7;;;;1;1;;;;5.6;7.6;;;
MCOGER;2013;420000267;420013831;1;202;0;190;3.3;1;12;2;168;185;2299;;;;;;;0;0;0;0;3;6;;;;4;3;;;5;3.57;4.9;;;2
MCOGER;2013;420000317;420780736;0;;;;;1;8;0;195;2;2348;;;;;;;;;;;2;1;;;;2;1;;;;3.3;1.5;;;
MCOGER;2013;420000440;420784878;0;;;;;1;30;0;810;0;10856;11;;3;;4.53;;;;1;;22;31;;;2;8;2;;;2;11.04;14.31;;;1.38
MCOGER;2013;420011413;420011405;0;;;;;1;10;;145;0;1989;1;;1;1;1.5;0.5;0;0;1;1;3;3;;;;;1;;;;3;3.25;;;
MCOGER;2013;420780637;420002495;1;391;;339;2.6;1;18;;;;;1;;3;1;2.5;0.5;0;0;1;0;1;3;;;1;8;12;;;5;5;8;;;4
MCOGER;2013;420782567;420784878;1;0;144;;;1;40;3;1184;393;13908;;;;;;;;;;;23;36;;;16;8;8;;;7;17.38;24.11;;;9.44
MCOGER;2013;420785354;420784878;1;1083;;803;;0;;;;;;;;;;;;;;;;;;;;;;;;;;;;;;
MCOGER;2013;430000117;430000018;1;;;1080;1.22;1;32;1;1195;5;12451;3;3;0;0;1.54;1.15;0;0;1;1;13;15;0;0;5;7;5;0;0;3;18.29;18.26;0;0;3.93
MCOGER;2013;430000190;430000034;1;75;0;75;1.66;1;12;2;304;14;3798;1;;;;1;;0;0;1;0;;3;;;1;7;5;;;9;4.05;6.06;;;5.71
MCOGER;2013;440000016;440000057;1;2597;1440;2121;8.17;1;75;6;2289;2411;27119;6;5;2;2;6.7;5.7;0;;1;;18;28;;;6;17;21;3;;10;30.6;42.6;1.6;;12.75
MCOGER;2013;440000271;440000289;1;2739;;;6.02;0;;;;;;;;;;;;;;;;;;;;;;;;;;;;;;
MCOGER;2013;440000396;440000297;1;181;0;138;0.95;1;22;;737;0;8188;1;1;;;1;1;;;1;1;;;;;;;;;;;;;;;
MCOGER;2013;440000453;440000289;0;;;;;1;36;5;1248;717;13032;5;;3;;4.34;;0;0;1;1;12;17;0;0;3;11;9;0;1;13;18.65;22.45;0;0.5;9.41
MCOGER;2013;440000503;440000313;1;;;;0.5;0;;;;;;;;;;;;;;;;;;;;;;;;;;;;;;
MCOGER;2013;440000560;850009010;0;;;;;1;22;3;671;461;7750;2;;1;;2.8;;0;;1;;10;12;;;2;5;5;;;2;11.57;13.9;;;2.82
MCOGER;2013;440001113;490017258;1;246;;221;0.2;0;;;;;;;;;;;;;;;;;;;;;;;;;;;;;;
MCOGER;2013;440001295;440000859;0;;;;;0;;;;;;;;;;;;;;;;;;;;;;;;;;;;;;
MCOGER;2013;440017598;440000289;0;;;;;1;30;0;1110;2;10726;5;;;;3.25;;0;;1;;5;14;0;0;3;11;8;0;0;1;13.35;18.8;0;0;4.36
MCOGER;2013;450000021;450000088;0;;;;;1;;;;;;10;;4;;7;;0;;1;;;;;;;;;;;;11.47;13.07;0.83;;11.42
MCOGER;2013;450000062;450000104;1;304;0;304;1.45;1;30;1;427;2;4820;1;1;1;1;1.24;1.24;0;0;0;0;14;15;1;;10;1;1;;;9;8.99;8.89;1;;9.31
MCOGER;2013;450000070;450000112;0;;;;;1;4;;107;0;978;3;1;2;1;3.46;1.6;0;0;0;0;3;3;;;3;;;;;;1.04;1.93;;;0.3
MCOGER;2013;450000120;450000138;0;;;;;1;12;;169;0;3079;;;1;;0.15;;0;;1;;3;8;;;6;2;;;;2;4.6;8;;;6.5
MCOGER;2013;450000260;450000161;0;;;;;0;;;;;;;;;;;;;;;;;;;;;;;;;;;;;;
MCOGER;2013;450002613;450000088;1;;;;4.03;1;68;2;2446;203;25167;14;;3;;3.51;;;;;;24;51;1;;29;11;9;1;;6;24.18;31.51;0.41;;15.56
MCOGER;2013;460000045;460780083;0;;;;;1;10;0;;;;2;1;0;0;1.19;0.5;1;;1;;5;7;0;0;2;6;5;0;0;1;3.84;3.52;0;0;1.48
MCOGER;2013;460000052;460780091;0;;;;;0;;;;;;;;;;;;;;;;;;;;;;;;;;;;;;
MCOGER;2013;460000102;460780208;0;;;;;1;7;2;250;199;2334;2;1;;;0.3;0.2;;;;;3;5;;;3;3;2;;;;3.9;2.31;;;0.8
MCOGER;2013;460000110;460780216;1;1633;39;645;3.15;1;12;;538;29;3806;3;0;0;0;2.5;0;0;0;0;0;7;7;0;0;2;1;1;0;0;3;7.8;6.48;0;0;4.15
MCOGER;2013;470000431;470000324;0;;;;;1;24;;549;0;8215;1;;;;0.55;;0;0;0;0;1;;;;1;;;1;;1;0.6;;0.3;;0.56
MCOGER;2013;470000480;470001660;1;186;0;182;;1;22;;1062;0;8888;3;2;1;0;3.2;2;;;;;11;12;0;0;8;0;0;0;0;3;8.78;10.96;0;0;7.01
MCOGER;2013;470000530;470000357;0;;;;;1;5;;37;0;390;;;1;;0.2;;0;;0;;2;2;;;;;;;;;2;1.8;;;
MCOGER;2013;470005406;470000316;1;973;25;813;3;1;20;5;750;3;6918;3;2;;;1.93;0.93;0;0;1;1;12;15;;;9;1;1;;;2;12.22;14.99;;;6.12
MCOGER;2013;480000017;480780097;1;232;;199;1.5;1;7;0;302;1;2456;;;;;;;;;;;6;8;;;2;2;3;;;;7.9;13.2;;;1.23
MCOGER;2013;480000033;480780121;0;;;;;1;20;2;172;2;5853;;;;;;;;;;;5;12;;;12;1;;;;4;5.25;12;;;15.2
MCOGER;2013;480000041;480780139;0;;;;;1;10;2;115;2;1608;1;1;2;;0.78;0.26;0;0;0;0;8;18;1;;1;2;3;;;1;2.61;6.76;0.23;;0.31
MCOGER;2013;480000074;480780162;0;;;;;0;;;;;;;;;;;;;;;;;;;;;;;;;;;;;;
MCOGER;2013;490000049;490000031;1;1783;227;1796;6.66;1;26;1;986;84;9420;7;2;0;0;5.7;2;0;0;1;1;16;13;0;0;9;2;8;1;0;3;14.53;16.98;0.2;0;8.99
MCOGER;2013;490000635;490000676;1;506;0;472;1.8;1;32;;1044;8;10786;4;4;;;2.5;2.5;0;;0;;10;15;;;1;14;12;;;3;17.86;21.46;;;2.26
MCOGER;2013;490001765;490528452;1;559;22;558;1.25;1;28;0;1001;126;10310;2;;3;;3.83;;;;;;2;4;;;2;10;11;;;7;11.27;13.42;;;9.97
MCOGER;2013;500000021;500000054;1;2534;;910;4.4;1;26;0;756;0;9289;2;1;;;2;1;;;0;;10;11;;;9;3;3;;;;11.38;13.18;;;6.79
MCOGER;2013;500000187;500000013;1;497;0;;;1;28;8;887;7;9789;4;4;;;3.42;3.42;;;;;10;14;;;5;4;4;;;2;12.35;17.21;;;7.74
MCOGER;2013;500000260;500000054;1;;;;;0;;;;;;;;;;;;;;;;;;;;;;;;;;;;;;
MCOGER;2013;500000450;500000112;1;459;0;563;2.31;0;;;;;;;;;;;;;;;;;;;;;;;;;;;;;;
MCOGER;2013;500000476;500000138;0;;;;;1;15;0;114;34;1976;0;;7;;0.6;;0;;1;;5;6;1;;9;5;0;;;4;8.26;5.82;1;;12.33
MCOGER;2013;500000591;500000393;0;;;;;1;17;0;512;3;5950;2;;;;2;;0;;1;;;;;;;;;;;;;;;;
MCOGER;2013;510000235;510000060;0;;;;;1;22;0;756;5;7488;3;3;1;;3.03;2.63;;;;;11;13;;;6;3;1;;;2;10.85;10.22;;;3.23
MCOGER;2013;510004302;510000029;1;223;3;304;0.5;1;49;5;1237;1006;17271;9;0;0;0;4.15;0;0;0;0;0;19;16;0;0;20;8;7;0;0;4;24.5;21.4;0;0;19.65
MCOGER;2013;520000068;520780073;1;300;2;;0.4;1;33;1;813;1;11325;4;2;1;1;3.21;2.5;0;0;1;1;11;14;;;;4;2;;;;13.33;14.22;;;
MCOGER;2013;530000017;530000025;1;;;;;1;10;0;286;1;3478;0;;1;;0.8;;;;;;;;;;;;;;;;;;;;
MCOGER;2013;530000173;530000074;1;368;0;34;0.57;1;34;0;1137;3;11522;4;4;2;2;5.16;5.16;0;0;1;1;10;14;1;0;7;11;7;2;0;1;16.95;16.91;0.64;0;8.74
MCOGER;2013;530000264;530000371;1;775;158;;0.5;1;29;;917;4;10929;3;2;;;2.76;1.93;0;0;0;0;8;10;;;4;5;5;;;2;10.5;13.23;;;3.79
MCOGER;2013;540000023;540000049;1;669;0;303;1.4;0;;;;;;;;;;;;;;;;;;;;;;;;;;;;;;
MCOGER;2013;540000296;540000106;0;;;;;1;16;;602;0;5625;2;;2;;3.3;;0;0;1;1;20;22;;;10;2;2;;;;21;23.3;;;10
MCOGER;2013;540000395;540000122;0;;;;;1;20;0;389;2;6671;;;2;;1.33;;0;;1;;5;10;;;;1;1;;;;5.5;10.4;;;
MCOGER;2013;540001070;540000767;1;;;284;2;1;28;;1012;4;9221;;;4;4;1.6;1.6;0;0;0;0;10;9;;;2;4;5;;;6;13.23;13.14;;;5.3
MCOGER;2013;540001104;540000882;0;;;;;0;;;;;;;;;;;;;;;;;;;;;;;;;;;;;;
MCOGER;2013;540002698;540002078;1;1512;0;;3.11;1;59;5;1258;769;19090;11;;;;5.66;;0;0;1;1;45;32;;;32;14;20;;;15;39.69;41.45;;;27.86
MCOGER;2013;540014149;540000122;0;;;;;1;;5;0;1709;0;;;1;1;0.5;0.5;0;0;0;0;1;2;;;;;;;;;1;2;;;
MCOGER;2013;550000012;550000020;1;281;0;429;2.75;1;20;4;495;0;6789;2;;;;2;;0;;1;;32;23;;;93;7;2;;;11;33.85;24.18;;;92.87
MCOGER;2013;550000434;550003354;1;117;22;185;1;0;;;;;;;;;;;;;;;;;;;;;;;;;;;;;;
MCOGER;2013;560000127;560023210;1;;;;;1;30;0;1002;1;10744;5;5;1;1;1.1;1.1;0;0;1;1;21;25;0;0;5;2;3;0;0;1;14.15;19.24;0;0;2.78
MCOGER;2013;560000135;560005746;1;960;;;2.3;1;42;;955;1;14545;4;4;;;4;4;0;0;1;1;21;16;;;1;6;6;;;;19.88;15.65;;;1.4
MCOGER;2013;560000143;560014748;0;;;;;1;29;0;1145;5;10843;2;2;0;0;2;2;1;1;;;10;13;;;2;4;5;;;1;12.7;21.8;0;0;2.73
MCOGER;2013;560000184;560006017;1;97;0;95;3;1;16;5;510;1109;5446;4;4;7;7;8.45;8.45;1;1;0;0;15;10;0;;7;22;27;2;;14;28.01;24.8;0.6;;13.75
MCOGER;2013;560000192;560000044;1;178;0;170;1.34;0;;;;;;;;;;;;;;;;;;;;;;;;;;;;;;
MCOGER;2013;560000200;560023210;1;;;;;0;;;;;;;;;;;;;;;;;;;;;;;;;;;;;;
MCOGER;2013;560000275;560005746;0;;;;;0;;;;;;;;;;;;;;;;;;;;;;;;;;;;;;
MCOGER;2013;560015422;560002214;0;;;;;1;10;;180;2;2122;;;;;;;;;;;3;4;;;;1;;;;2;3.93;4;;;0.65
MCOGER;2013;570000117;570015099;1;381;0;381;2;1;10;0;462;23;3129;;;1;1;0.15;0.15;0;0;0;0;1;;;;;;;;;1;1;;;;0.3
MCOGER;2013;570000166;570010173;0;;;;;1;;5;0;670;0;;;1;;0.3;;;;;;;;;;;1;1;1;;;0.8;0.5;0.25;;
MCOGER;2013;570000349;570005165;1;640;;;;1;26;3;842;466;9327;7;7;;;7;7;0;0;1;1;10;10;;;2;7;7;;;4;13.17;13.87;;;3.99
MCOGER;2013;570000489;750050759;0;;;;;1;10;;301;2;2914;1;1;;;1;1;0;0;0;0;4;5;;;2;;;1;;;4;5;0.1;;2
MCOGER;2013;570000687;570025254;1;209;;182;1.9;1;20;5;6;974;0;4;1;1;0;4.4;0.9;0;0;0;0;12;11;2;0;7;3;4;1;0;3;11.4;9.5;1.5;0;6
MCOGER;2013;570000968;570000430;0;;;;;1;20;;62;0;524;3;;;;0.97;;1;1;;;29;51;3;;1;;;;;;24.16;41.85;1.67;;1
MCOGER;2013;570001099;570023630;0;;;;;1;30;;517;0;7519;2;2;;;2;2;0;0;1;1;14;;;;;1;;;;1;14.5;;;;0.7
MCOGER;2013;570003079;570010181;0;;;;;1;62;2;1467;94;14518;3;;8;;7.12;;;;;;14;10;;;40;15;8;1;;23;23.44;16.95;0.5;;47.75
MCOGER;2013;570005215;570005165;0;;;;;1;;5;0;526;0;3;3;;;3;3;0;0;1;1;;2;;;1;2;1;;;;1.75;2;;;1
MCOGER;2013;570026682;570005165;1;190;;;1.36;1;44;;1643;4;16321;4;4;2;2;5.1;5.1;0;0;1;1;17;27;;;2;6;7;;;8;23.59;29.9;;;7.78
MCOGER;2013;580004836;580780039;1;250;0;250;1.5;1;23;;515;0;7984;2;2;1;;1.54;1.5;;;1;1;8;8;0;0;1;6;5;0;0;2;11.09;8.66;0;0;2
MCOGER;2013;580972677;580780088;0;;;;;1;3;0;70;0;602;3;;;;0.25;;;;;;;;;;;;;;;;;;;;
MCOGER;2013;590000014;590780052;0;;;;;1;10;;56;0;663;;;;;;;;;;;;;;;;;;;;;;;;;
MCOGER;2013;590000121;590780227;1;;;;;1;40;5;1192;335;13056;4;2;;;3.5;1.8;;;;;18;20;;;4;5;4;;;;23.49;23.39;;;2.68
MCOGER;2013;590000337;590781415;1;549;42;500;3;1;20;4;870;113;7243;3;0;0;0;3;0;0;0;1;1;11;9;;;5;6;4;;;1;16.37;12.85;;;6.51
MCOGER;2013;590000428;590781605;1;454;0;450;1;1;23;1;679;80;7820;4;4;;;2.4;2.4;0;0;1;1;14;14;;;2;;1;;;;11.3;13.1;;;1.57
MCOGER;2013;590000436;590781621;0;;;;;1;20;;406;0;5836;2;2;;;1.84;1.84;;;;;3;8;;;1;3;;;;;6.38;8.77;;;0.25
MCOGER;2013;590000477;590781670;1;66;0;66;0.1;1;14;;370;0;4736;;;2;2;0.8;0.8;1;1;1;1;;;;;;10;11;1;;12;5.4;6.3;0.05;;4.43
MCOGER;2013;590000527;590781795;1;0;0;0;0.1;1;28;5;693;8;9297;2;2;0;0;2;2;0;0;1;1;12;12;0;0;5;1;2;1;0;2;12.46;13.35;0.83;0;6.81
MCOGER;2013;590000535;590781803;1;;;;0.4;1;20;0;475;3;5252;5;3;;;3.69;3;;;1;;13;12;;;4;;;;;;9.4;10;0.37;;2.52
MCOGER;2013;590000592;590782165;0;;;;;1;20;0;548;1;7045;29;2;60;0;68.4;2;1;0;0;0;2;1;0;0;2;0;0;0;0;1;2;1;0;0;1.8
MCOGER;2013;590000600;590782207;0;;;;;1;29;0;732;0;8587;3;1;;;3;1;1;;0;;14;26;;;6;4;4;;;1;11.98;15.2;;;4.61
MCOGER;2013;590000618;590782215;1;1029;82;952;4.77;1;42;3;1880;409;15281;4;4;3;3;5.97;5.97;0;0;0;0;22;24;1;0;14;9;10;0;0;4;27.94;27.94;1;0;9.47
MCOGER;2013;590000758;590782637;1;293;1;293;4.4;1;20;1;425;15;5117;2;2;;;1.58;1.58;0;0;1;1;3;4;;;;4;3;;;1;6.2;6.35;;;0.2
MCOGER;2013;590000766;590782645;0;;;;;1;30;0;1039;13;9123;2;1;1;;2.11;1;1;0;0;0;14;10;;;7;1;4;;;1;11.56;11.48;;;6.19
MCOGER;2013;590001004;590783239;1;1644;;;1;1;35;;1762;6;12146;7;5;;;4.08;3.08;0;0;1;1;;;;;;;;;;;;;;;
MCOGER;2013;590780284;590051801;1;804;;;1.4;0;;;;;;;;;;;;;;;;;;;;;;;;;;;;;;
MCOGER;2013;590782496;590000139;0;;;;;1;30;5;;;;2;2;1;1;2.8;2.8;0;0;1;1;13;8;;;1;;1;1;;3;13;8.5;0.6;;3.2
MCOGER;2013;590782546;590000733;0;;;;;1;10;0;;;;1;;;1;1;0.25;0;0;1;0;4;3;;;;;1;;;1;4;3.5;;;0.7
MCOGER;2013;590787586;590780193;0;;;;;1;28;;786;1;9740;2;;;;2.3;;;;;;19;16;;;4;3;5;;;1;18.73;19.16;;;5.09
MCOGER;2013;590791091;590780193;0;;;;;1;;;3;598;1;7;;3;;4.37;;;;;;3;1;0;;2;2;2;0;;5;4.31;2.39;0.3;;4.35
MCOGER;2013;590796975;590780193;0;;;;;1;28;;761;2;9995;4;;;;3.17;;;;;;13;14;;;6;6;6;;;2;17.83;18.37;;;6.9
MCOGER;2013;590797353;590051801;0;;;;;1;25;;935;3;8282;2;2;;;1.63;1.63;0;0;0;0;7;3;;;1;5;7;;;;8.28;6.76;;;0.98
MCOGER;2013;590801106;590782421;1;1588;0;978;6.6;1;40;1;1337;76;15268;6;6;1;1;6.8;6.8;;;;;;;;;;;;;;;;;;;
MCOGER;2013;590804696;590781902;1;446;10;308;4;1;20;1;682;118;7052;3;3;;;3;3;0;0;1;1;11;8;;;8;5;4;1;;6;14.46;10.91;0.3;;8.49
MCOGER;2013;600000053;600101984;1;580;0;530;1.35;1;15;;430;0;5455;2;2;;0;2;2;0;0;0;0;7;8;0;0;11;1;1;0;0;3;6.17;7.26;0;0;9.93
MCOGER;2013;600000186;600100648;0;;;;;0;;;;;;;;;;;;;;;;;;;;;;;;;;;;;;
MCOGER;2013;600000194;600100713;1;;;;;1;20;0;697;1;7890;2;2;1;1;2.6;2.6;0;;1;;12;13;;;3;;2;;;;11.59;14.43;;;3
MCOGER;2013;600000285;600100721;0;;;;;1;26;0;789;3;7888;8;0;1;0;2.85;0;0;0;1;1;10;16;0;0;9;5;3;0;0;5;10.59;15.18;0;0;3.47
MCOGER;2013;600000467;600101984;1;530;0;490;1.35;1;15;;458;0;5424;2;2;0;0;2;2;0;0;0;0;10;11;0;0;3;1;2;0;0;2;10.83;12.3;0;0;2.58
MCOGER;2013;600100101;750712184;0;;;;;1;29;0;467;3;7532;4;2;;;4;2;;;;;;;;;;;;;;;;;;;
MCOGER;2013;600113476;600100721;1;375;0;200;1.1;1;22;0;681;1;7943;9;2;1;0;4.51;1.75;0;0;0;0;11;13;1;0;5;1;0;0;0;4;11.67;12.78;0.17;0;6.55
MCOGER;2013;610000044;610780074;0;;;;;1;4;0;176;3;1469;1;0;0;0;0.15;0;;;;;0;0;0;0;0;0;0;0;0;0;0;0;0;0;0
MCOGER;2013;610000069;610780090;0;;;;;1;25;;675;7;9293;1;0;2;0;1.9;0;0;0;1;0;11;14;;;1;4;5;;;4;13.55;16.98;;;3.97
MCOGER;2013;620000034;620100057;1;562;390;1944;0.7;1;26;1;1045;4;9032;1;1;2;2;2.6;2.6;0;0;;;8;12;;;1;4;1;;;2;11.33;12.6;;;2.66
MCOGER;2013;620000224;620100651;1;194;0;105;2.55;1;14;1;;;;1;;1;1;1.8;0.8;1;0;0;0;8;9;;;;1;;;;1;8.8;9;;;0.5
MCOGER;2013;620000240;620100677;1;184;6;179;;1;22;3;379;28;6729;3;;;;2.45;;1;1;;;8;11;;;7;;;;;;8.05;11.02;;;7.36
MCOGER;2013;620000257;620100685;1;2137;;2137;3.36;1;27;3;622;648;9452;6;5;3;;3.5;2.36;0;0;1;1;15;16;;;5;1;;1;;2;15.13;15.73;0.29;;8.34
MCOGER;2013;620000323;620101337;0;;;;;1;30;1;856;5;13082;4;;;;4;;0;;1;;9;10;;;1;3;2;;;;10.5;12.48;;;1
MCOGER;2013;620000349;620101360;1;409;275;630;0.6;0;;;;;;;;;;;;;;;;;;;;;;;;;;;;;;
MCOGER;2013;620000653;620103440;1;717;0;812;2.9;1;16;1;430;14;5722;2;1;;;1.8;0.8;0;0;1;1;2;5;;;;7;3;;;1;8.2;7.7;;;0.58
MCOGER;2013;620003202;620103432;1;167;0;222;1.92;1;24;3;970;44;8441;4;1;1;1;4.27;1.62;0;;1;;13;14;0;0;0;1;0;;0;4;13.21;13.07;0;0;1.76
MCOGER;2013;620003350;620001834;1;422;0;334;1.8;0;;;;;;;;;;;;;;;;;;;;;;;;;;;;;;
MCOGER;2013;620025346;620001834;0;;;;;0;;;;;;;;;;;;;;;;;;;;;;;;;;;;;;
MCOGER;2013;620100487;620000125;1;187;0;187;0.8;0;;;;;;;;;;;;;;;;;;;;;;;;;;;;;;
MCOGER;2013;620100735;620000265;0;;;;;1;20;;;;;;1;;;;1;0;0;0;0;;;;;;;;;;;;;;;
MCOGER;2013;630000412;630780997;1;313;28;12;0.9;1;5;0;48;1;436;0;0;1;0;0.1;;;;;;0;0;;;;0;0;;;;;;;;
MCOGER;2013;630000438;630781011;0;;;;;1;75;1;1166;3;17907;3;;7;;8.6;;;;1;;18;21;;;19;13;7;1;;6;29.4;26.9;0.7;;22.48
MCOGER;2013;630000446;630781029;0;;;;;1;11;0;340;1;3608;14;0;5;0;16.23;0;;;;;22;28;0;0;18;13;15;0;0;15;32.25;38.92;0;0;27.32
MCOGER;2013;630000560;630781367;0;;;;;1;20;0;201;0;6138;;;1;1;0.5;0.5;0;0;1;0;8;10;;;6;3;1;;;;10.4;10.75;;;6
MCOGER;2013;630783538;630780989;1;;;;;1;0;;451;0;8637;;;;;;;;;;;1;1;;;;;;;;2;11.22;9.35;;;6.52
MCOGER;2013;640000162;640780417;1;2016;187;1393;6.8;1;12;0;474;0;4265;1;;;;1;;0;0;1;0;8;12;;;2;2;1;;;2;8.18;9.93;;;3.29
MCOGER;2013;640000402;640780813;0;;;;;1;20;0;558;0;6890;4;1;1;0;3.02;0.83;0;0;1;1;9;14;;;;5;1;;;;12.45;14.8;;;
MCOGER;2013;640000410;640780821;0;;;;;1;5;0;280;0;3288;1;1;;;0.4;0.4;0;0;1;1;1;2;;;3;;2;;;;1;3.4;;;2.4
MCOGER;2013;640000600;640781290;1;1097;0;531;3.75;1;52;20;2367;552;20102;5;;;;3.84;;0;;1;;30;36;;;15;6;8;1;;4;28.58;32.91;0.25;;15.71
MCOGER;2013;640780755;640780417;0;;;;;1;30;0;925;0;10698;3;;;;2.62;;0;;1;;10;12;;;5;1;1;;;;10.4;12.27;;;5.72
MCOGER;2013;650000045;650780158;1;2441;12;197;1.25;0;;;;;;;;;;;;;;;;;;;;;;;;;;;;;;
MCOGER;2013;650000052;650780166;1;366;71;393;;1;25;2;949;20;7476;1;1;;;0.5;0.5;;;;;;;;;3;;;;;;;;;;1.33
MCOGER;2013;650000417;650783160;1;261;;238;;1;20;0;685;6;6685;8;8;1;1;8.1;8.1;;;;;;;;;;;;;;;;;;;
MCOGER;2013;650780679;650000243;1;30;1;;1;0;;;;;;;;;;;;;;;;;;;;;;;;;;;;;;
MCOGER;2013;650784218;650780174;1;355;290;487;2.21;0;;;;;;;;;;;;;;;;;;;;;;;;;;;;;;
MCOGER;2013;660000084;660780180;1;835;;776;1;1;38;0;1205;3;15093;4;2;0;;4;2;0;0;1;1;19;21;;;9;4;;;;;22.28;21.96;;;8.63
MCOGER;2013;670000025;670780055;1;1663;;1446;3;1;25;;483;0;7406;3;3;;;1.13;1.13;1;1;1;1;7;11;1;0;10;3;1;0;0;2;8.35;9.78;0.39;0;9.41
MCOGER;2013;670000157;670780337;1;691;89;780;4.8;1;24;0;591;0;7068;3;2;1;1;1.86;1.62;0;0;1;1;14;14;;;2;1;7;;;4;16.39;15.92;;;6.13
MCOGER;2013;670000165;670780345;0;;;;;1;;7;0;647;0;;;;;0.33;0.33;0;0;1;1;1;1;;;3;1;;;;;1.8;1;;;2.9
MCOGER;2013;670000272;670780543;0;;;;;1;;4;0;326;0;;;1;;0.2;;0;;0;;;;;;;1;;1;;1;0.5;;0.25;;0.25
MCOGER;2013;670000306;670780584;0;;;;;1;17;8;463;1088;6349;1;1;4;4;3.04;3.04;0;0;1;1;7;9;;;7;2;2;2;0;17;8.55;10.6;1.06;0;13.93
MCOGER;2013;670014042;670013754;0;;;;;1;;4;;;;;;;2;;0.21;0;0;0;0;;;;;2;2;;;;;0.45;;;;0.25
MCOGER;2013;670780188;670014604;0;;;;;1;40;0;948;6;10841;29;;44;;40;;;;1;1;14;18;;;1;6;7;;;;14.54;14.65;;;1
MCOGER;2013;670783133;670780055;0;;;;;1;48;10;833;2090;15810;5;1;;;2.53;0.38;1;1;1;1;19;21;0;0;20;2;2;1;0;10;20.85;22.9;1.34;0;24.23
MCOGER;2013;670797539;670014604;1;;;;2.25;1;;5;0;727;0;1;;3;;2.17;;;;1;1;;;;;1;;;;;1;;;;;3.05
MCOGER;2013;670798636;670014604;0;;;;;1;;3;0;355;0;10;;12;;17.17;;0;0;1;1;;2;;;;1;;;;1;0.75;1.96;;;1.17
MCOGER;2013;680000122;680000346;1;;;;;1;;10;0;896;0;1;;2;;1.29;;;;;;;;;;;;;;;;;;;;
MCOGER;2013;680000544;680000395;0;;;;;1;10;5;4;634;0;1;1;1;;1.6;1;;;1;1;4;3;;;1;1;1;;1;2;4.5;3.75;;0.5;1.76
MCOGER;2013;680000577;680000411;0;;;;;1;;12;0;2891;0;16;0;1;0;6.27;0;0;0;1;1;15;20;;;15;10;8;;;13;23.58;27.17;0.26;;26.84
MCOGER;2013;680000700;680001005;0;;;;;1;;4;0;474;0;1;;;;1;;0;;0;;2;3;;;2;2;;1;;3;3.3;3;0.5;;4.1
MCOGER;2013;680000882;680016011;0;;;;;1;30;7;926;1196;12465;4;4;;;2.6;2.6;0;;;;9;11;;;4;12;2;;;;12.34;11;;;2.7
MCOGER;2013;680004546;680000486;0;;;;;1;25;;559;1;9065;2;0;0;0;1.7;0;0;;1;;8;10;0;0;3;4;1;0;0;3;11.59;11.29;0;0;2.79
MCOGER;2013;680004553;680000486;1;685;213;825;6.4;1;12;6;567;1680;2118;8;2;1;0;6.4;2;0;0;1;1;4;5;1;0;6;1;1;0;0;0;6.21;5.83;0.03;0;3.1
MCOGER;2013;680004579;680000973;1;1446;494;1940;7.2;1;25;10;606;2108;9085;8;8;5;5;2.5;2.5;0;;1;;10;8;1;;8;1;4;1;;6;10.95;11.27;1.31;;10.7
MCOGER;2013;690000013;690780036;0;;;;;1;8;;57;0;810;4;;7;;10.49;;0;0;0;0;27;28;;;9;;10;;;9;26.65;12.28;;;15.08
MCOGER;2013;690000021;690780044;0;;;;;1;16;0;427;5;5584;;;9;1;2.1;0.6;0;0;0;0;4;6;;;6;4;8;;;6;5.87;7.6;;;6.32
MCOGER;2013;690000245;690780432;0;;;;;1;56;2;1890;146;17270;16;16;13;3;14.28;12.94;0;0;1;1;34;61;;;89;;8;;;10;23.45;43.98;;;41.01
MCOGER;2013;690000575;690782222;1;630;51;593;3.15;1;8;0;878;1;3265;2;;;;1.11;;0;;1;;;;;;1;;;;;;;;;;0.5
MCOGER;2013;690000583;690782230;0;;;;;1;15;0;259;7;5391;;;2;1;0.3;0.1;;1;;;3;4;0;0;1;2;3;1;0;1;3.84;5.54;0.2;0;1.38
MCOGER;2013;690000591;690782248;0;;;;;1;15;0;278;1;4204;2;;;;2;;1;1;0;0;4;8;;;3;3;6;;;6;6.8;11.65;;;4.5
MCOGER;2013;690000773;690782925;0;;;;;1;20;0;657;5;6459;3;3;0;0;2;2;1;1;1;1;11;9;;;3;;;1;2;2;9.75;8.95;0.15;0.25;2.04
MCOGER;2013;690780416;690031190;0;;;;;1;10;0;274;1;3254;0;0;2;2;1;1;0;0;1;1;3;3;;;;1;1;;;2;3.3;3.3;;;0.71
MCOGER;2013;690781737;750721334;0;;;;;1;44;0;1224;3;12902;2;;2;2;3.6;1.6;;;1;1;10;10;;;6;13;12;1;;4;14.74;12.84;0.45;;5.89
MCOGER;2013;690783154;690781810;1;1104;;887;9.41;1;65;;1493;7;13958;7;4;;1;5.33;3.53;0;0;1;1;40;39;;;17;7;11;;;6;25.02;24.75;0.53;;13.11
MCOGER;2013;690784137;690781810;1;604;;345;2.7;1;26;1;866;75;8846;4;1;2;3;3.35;3.5;;;;;11;12;;;8;2;3;;;5;12.23;15.71;;;9.04
MCOGER;2013;690784194;690781810;0;;;;;1;67;8;1272;1044;15949;2;4;3;4;1.8;7.07;;;;;31;27;;;21;10;11;;;7;35.9;34.02;0.34;0;26.43
MCOGER;2013;690787429;690781810;1;;;;;1;27;5;626;510;9067;2;2;1;1;2.56;2.43;0;0;1;1;10;18;;;10;2;1;;;3;9.53;15.27;0.15;;14.91
MCOGER;2013;690787452;690781810;0;;;;;1;31;0;970;459;14177;;1;2;3;1.82;3.64;0;0;1;1;14;17;;;4;5;2;;;4;24.65;27.75;1.35;;14
MCOGER;2013;690787460;690782222;0;;;;;1;16;0;441;2;5665;2;;;;2;;0;;1;;6;6;;;8;2;3;1;;2;7.65;8.6;0.78;;9.05
MCOGER;2013;690787478;690781810;0;;;;;1;31;0;550;1;9209;1;2;1;1;1.4;3.05;;;;;7;14;;;4;7;5;;;1;11.69;17.02;0.24;;6.04
MCOGER;2013;690805361;690805353;1;1229;65;867;2.75;0;;;;;;;;;;;;;;;;;;;;;;;;;;;;;;
MCOGER;2013;700000011;700780026;1;651;12;312;1.75;0;;;;;;;;;;;;;;;;;;;;;;;;;;;;;;
MCOGER;2013;700000029;700004591;1;;;;;0;;;;;;;;;;;;;;;;;;;;;;;;;;;;;;
MCOGER;2013;700780208;700004591;1;;;;;0;;;;;;;;;;;;;;;;;;;;;;;;;;;;;;
MCOGER;2013;710010067;710780644;1;;;;;1;25;;792;52;8629;;;;;;;;;;;5;8;;;3;7;4;;;1;9.4;10.4;;;3.5
MCOGER;2013;710010786;710781451;0;;;;;1;8;1;370;206;2597;1;1;0;0;0.75;0.75;0;;1;;0;0;0;0;0;9;11;0;0;6;2.66;3.36;0;0;1.4
MCOGER;2013;710978123;710781063;0;;;;;1;15;0;309;0;3667;1;;;;1;;;;;;;;;;;;;;;;;;;;
MCOGER;2013;710978263;710780958;1;967;12;632;4.2;1;21;;678;1;7335;3;3;;;2.7;2.7;0;0;0;0;6;10;1;;4;4;5;0;;2;9.34;10.1;0.33;;5.2
MCOGER;2013;710978289;710780263;1;1245;;615;;1;13;0;561;1;4632;1;1;;;0.6;0.6;1;1;1;1;;2;;;;1;1;;;1;0.5;2.8;;;0.1
MCOGER;2013;710978313;710976705;1;;;;;1;15;0;453;3;4871;2;;1;;1.59;;;;;;5;6;;;3;1;;;;5;5.31;5.29;;;4.43
MCOGER;2013;710978347;710781204;0;;;;;1;15;0;786;4;9701;1;1;1;;1.45;1;0;0;0;0;10;13;;;5;3;1;;;1;11;12.53;;;5.8
MCOGER;2013;720000033;720000025;1;1474;;1250;5.9;1;60;;1663;2;21565;2;;1;;2.8;;0;0;1;1;16;19;;;3;6;13;;;2;21.48;28.14;;;4.2
MCOGER;2013;720000124;720000066;0;;;;;0;;;;;;;;;;;;;;;;;;;;;;;;;;;;;;
MCOGER;2013;720000470;610780082;0;;;;;1;8;;353;0;3639;;;;;;;;;;;7;7;;;4;0;3;;;1;4.1;5.65;;;2.69
MCOGER;2013;720016179;720016724;1;41;0;41;1.21;1;12;;65;80;814;;;1;1;0.65;0.65;1;1;0;0;;;;;;;;;;1;;;0.11;;0.46
MCOGER;2013;730000031;730000015;1;467;;435;;1;20;4;624;367;7223;;;;;;;;;;;8;7;;;2;4;4;;;8;10.29;9.96;;;6.61
MCOGER;2013;730000049;730002839;1;110;0;96;1;1;12;0;382;1;4267;1;1;1;1;1;1;0;0;1;1;0;0;;;;12;14;;;9;5.96;6.02;;;3.76
MCOGER;2013;730000080;730780103;1;;;358;1.25;0;;;;;;;;;;;;;;;;;;;;;;;;;;;;;;
MCOGER;2013;730000262;730002839;1;329;0;296;1.61;0;;;;;;;;;;;;;;;;;;;;;;;;;;;;;;
MCOGER;2013;740000237;740781133;1;1308;286;1472;7.7;1;26;5;636;1045;9773;6;0;7;0;6.98;0;1;;1;;13;18;4;0;9;6;1;0;0;8;16.24;17.91;2.54;0;12.75
MCOGER;2013;740000286;740781190;0;;;;;0;;;;;;;;;;;;;;;;;;;;;;;;;;;;;;
MCOGER;2013;740000302;740781216;0;;;;;1;18;0;606;4;6337;0;0;1;1;0.8;0.8;0;0;1;1;12;13;;;0;4;4;;;3;14.8;16.5;;;0.7
MCOGER;2013;740000328;740790381;1;;;;4.48;1;36;4;803;18;8892;8;8;;;2.53;2.53;0;0;0;0;24;29;;;10;;;;;;11.62;15.27;;;3.58
MCOGER;2013;740781141;740790258;1;177;0;161;2.59;1;10;;314;1;3611;4;4;;;1.49;1.49;0;0;0;0;7;3;;;0;0;2;;;0;4.66;4.61;;;0.34
MCOGER;2013;740781224;740001839;1;218;;203;4.32;1;25;1;503;162;7890;3;3;;;1.6;1.6;0;0;0;0;9;8;;;6;2;3;;;2;10.4;10.88;;;6.45
MCOGER;2013;750000523;750150120;1;1556;0;1090;2;1;15;15;510;826;5500;4;1;3;3;2.88;2.88;1;0;1;0;11;8;;;5;1;;;;2;6.88;6.16;0.24;;5.47
MCOGER;2013;750041543;750712184;1;;;;;1;31;5;888;1047;11398;;;;;;;;;;;;;;;;;;;;;;;;;
MCOGER;2013;750100018;750712184;1;421;0;315;1.25;0;;;;;;;;;;;;;;;;;;;;;;;;;;;;;;
MCOGER;2013;750100042;750712184;1;1343;157;423;3;1;18;1;591;1;6241;3;3;;;2.1;2.3;1;1;0;0;10;12;;;;;1;;;;10;12.42;;;
MCOGER;2013;750100083;750712184;0;;;;;1;40;6;958;1218;14135;3;3;1;0;3.5;3;0;0;0;0;20;23;0;0;3;3;2;0;0;0;20.58;23.96;0;0;3
MCOGER;2013;750100091;750712184;1;412;0;412;1.2;1;29;0;785;1;9822;3;3;1;0;3.5;3;0;;0;;12;18;0;0;2;4;1;0;0;1;15.86;18.86;0;0;2.5
MCOGER;2013;750100125;750712184;1;27;;27;1.51;1;30;2;788;415;10624;2;;7;;6.58;;;;;;19;22;;1;8;;;;2;5;19;22;;2.21;9.6
MCOGER;2013;750100216;750712184;0;;;;;1;10;2;279;276;3435;1;1;;;1;1;1;1;1;1;4;4;1;1;1;;2;;;;3.5;5.7;0.2;0.1;0.5
MCOGER;2013;750100232;750712184;1;;;;;1;18;3;443;654;6998;;;;;;;;;;;;;;;;;;;;;;;;;
MCOGER;2013;750100273;750712184;1;;;;;1;14;0;470;0;5015;1;0;0;0;1;0;0;0;0;0;6;7;0;0;1;0;1;0;0;1;6;7.86;0;0;1.5
MCOGER;2013;750100299;750712184;1;;;;1;1;29;2;727;349;10070;5;5;1;1;3.8;3.8;;;;;24;31;;;3;2;2;;;1;17.3;25.84;;;2.56
MCOGER;2013;750150146;750720609;0;;;;;1;32;;835;1;10868;;1;;4;;2.75;;;;;10;12;1;1;7;1;;;;4;10.5;12;1;1;8.77
MCOGER;2013;750150377;750721334;0;;;;;1;24;0;743;4;7299;3;;13;;3.99;;1;0;0;0;9;6;;;5;1;9;;;;9.02;8.95;;;4.17
MCOGER;2013;750801441;750712184;1;1385;178;547;4.7;1;35;10;738;3072;9637;1;1;3;3;3.1;3.1;0;0;1;1;11;10;0;0;3;27;32;6;2;56;18.7;22.6;1.05;0.1;13.1
MCOGER;2013;750803447;750712184;1;;;;1.5;1;26;6;726;1068;8837;9;9;2;2;7.35;7.35;;;;;9;6;;;3;2;1;;;;9.26;6.27;;;2.96
MCOGER;2013;760000018;760780023;1;503;20;452;2.2;1;26;4;915;4;11241;4;4;;;4;4;0;0;1;1;10;11;0;0;5;6;4;0;0;1;11.95;13.28;0;0;5.02
MCOGER;2013;760000141;760780239;0;;;;;1;63;0;1594;0;21775;;;;;;;;;;;20;28;;;19;8;9;;;5;27.59;35.77;;;20.03
MCOGER;2013;760000158;760780239;1;898;264;735;;1;58;2;1796;593;17972;10;5;;;7.01;4.79;;;;;17;26;;;13;15;12;;;6;28.96;32.97;;;16.34
MCOGER;2013;760000364;760780734;1;486;;362;1.74;1;13;0;551;2;5248;2;2;0;0;1.5;1.5;0;0;1;1;9;9;0;0;4;2;1;0;0;1;9.81;9.82;0;0;1.79
MCOGER;2013;760000463;760024042;1;739;;697;1;0;;;;;;;;;;;;;;;;;;;;;;;;;;;;;;
MCOGER;2013;760805770;760780726;1;721;12;629;3.16;1;24;0;968;3;10092;2;2;1;1;2.03;2.03;0;0;1;1;10;12;0;0;7;6;8;0;0;0;12.76;16.01;0;0;6.04
MCOGER;2013;770000131;770110013;1;267;;505;2.12;1;28;1;850;23;9676;3;1;2;0;4;1;0;0;1;1;9;12;;;;3;1;;;3;10.51;13.27;;;4.81
MCOGER;2013;770000149;770110021;1;172;14;169;1.5;0;;;;;;;;;;;;;;;;;;;;;;;;;;;;;;
MCOGER;2013;770000156;770110054;1;221;0;211;1.2;1;30;;;;;5;5;;;5;5;0;;1;;8;13;;;5;4;1;;;1;11.66;13.42;;;5.73
MCOGER;2013;770000164;770110062;0;;;;;1;10;1;200;79;1939;1;;;;1;;;;;;4;8;;;5;;;;;;2.67;3.83;;;1.93
MCOGER;2013;770000172;770110070;1;572;0;455;3.05;1;15;1;363;130;4083;3;2;;;1.08;1.2;;;0;0;11;4;;;;1;3;;;1;3.85;4.66;;;0.52
MCOGER;2013;770000180;770130011;0;;;;;1;33;;303;2;8602;0;;6;1;1.5;0.25;;;1;1;6;12;0;0;11;2;4;0;0;6;7.6;14.2;0;0;12.7
MCOGER;2013;770000214;770130052;1;305;;356;1;1;33;0;722;1;10927;;;;;;;;;;;14;12;;;8;4;1;;;2;16.11;13.86;;;8.78
MCOGER;2013;770000446;770700185;1;405;497;700;4.8;1;23;;567;3;7595;2;1;1;1;2.73;2.23;0;0;0;0;8;3;;;8;6;4;;;;13.01;5.77;;;6.33
MCOGER;2013;770019032;770170017;1;587;139;711;0.3;1;25;0;513;253;9082;3;2;1;1;3.01;1.76;0;0;0;0;6;9;;;2;3;;;;1;11.63;13.79;;;1.64
MCOGER;2013;780000287;780110011;1;1023;;614;2.25;1;20;;636;0;7125;3;;;;3.53;;1;;;;8;8;;;7;3;4;;;3;9.16;11.81;;;6.58
MCOGER;2013;780000295;780002697;0;;;;;1;15;5;349;21;4371;3;3;1;1;3.24;3.24;1;1;0;0;6;11;;;1;1;1;;;2;6.55;10.01;;;1.43
MCOGER;2013;780000303;780110037;1;0;255;225;0.7;1;50;3;1572;321;16534;3;1;8;6;6.47;3.73;1;1;1;1;13;24;;;1;14;21;3;2;14;20.78;35.24;0.71;0.58;3.7
MCOGER;2013;780000311;780001236;1;;;;1.55;1;0;3;712;344;6911;;;1;1;0.6;0.6;0;0;0;0;;;;;1;;;;;1;;;;;1.95
MCOGER;2013;780000329;780110052;1;1971;;621;3;1;21;2;812;295;7627;5;;1;;5.13;;0;0;0;0;10;10;;;5;3;3;1;;5;12.74;12.53;0.5;;7.15
MCOGER;2013;780000337;780001236;1;881;0;608;2.1;1;20;0;;;;3;3;;;2.35;2.35;0;0;0;0;13;14;;1;3;1;;;;;12.55;12.03;;0.5;2.5
MCOGER;2013;780000345;780110078;1;;;;1;1;1;1;20;67;127;;1;;;;0.5;;;;;;;;;;;;;;;;;;;
MCOGER;2013;780000386;780021788;0;;;;;0;;;;;;;;;;;;;;;;;;;;;;;;;;;;;;
MCOGER;2013;780008298;750043994;0;;;;;1;20;0;;;;2;;;;2;;;;;;;;;;;;;;;;;;;;
MCOGER;2013;780140018;750005068;0;;;;;1;31;;499;3;6512;5;5;1;1;5.4;5.4;1;;0;;12;18;;;5;8;;1;1;12;16.01;18;0.15;0.69;9.69
MCOGER;2013;780150066;780808614;0;;;;;1;80;2;;;;7;7;19;2;9.42;7.8;1;1;0;0;22;26;;;75;5;5;;;17;22.27;28.1;;;15.73
MCOGER;2013;780800256;780110078;0;;;;;1;8;;289;0;2924;1;;;;0.5;;0;;1;;4;3;0;0;2;1;1;0;0;0;4.18;3.27;0;0;3.04
MCOGER;2013;790000087;790000012;1;817;200;1050;4;1;30;2;1222;188;9520;;;2;1;0.7;0.5;0;0;1;1;10;17;;;4;5;3;;;3;12.65;19.07;;;4.79
MCOGER;2013;790000103;790006654;1;336;0;336;1.45;0;;;;;;;;;;;;;;;;;;;;;;;;;;;;;;
MCOGER;2013;790000111;790000046;1;;;;2.5;0;;;;;;;;;;;;;;;;;;;;;;;;;;;;;;
MCOGER;2013;790000137;790000061;1;;;;2.1;0;;;;;;;;;;;;;;;;;;;;;;;;;;;;;;
MCOGER;2013;800000143;800000028;1;608;86;486;3.5;1;28;;735;3;10316;4;4;0;0;3.2;3.2;0;0;1;0;7;11;0;0;4;4;4;0;0;3;10.46;15.32;0;0;5.67
MCOGER;2013;800000390;800000085;0;;;;;1;8;;363;23;3461;;;;;;;;;;;;;;;;;;;;;;;;;
MCOGER;2013;800006124;800000044;1;127;0;127;5.29;1;102;2;2288;221;34836;10;6;6;3;8.33;5.29;1;1;0;0;32;53;;;20;6;4;;;4;36.7;55.04;0.08;;20.48
MCOGER;2013;810000448;810099945;1;;;;0.48;1;16;0;307;2;4001;;;1;1;0.3;0.3;;;1;1;;;;;;15;18;1;;8;7.07;7.66;0.1;;3.1
MCOGER;2013;810000505;810000331;1;1909;109;904;3.4;1;16;0;537;2;5507;1;0;2;0;1.65;0;;;;;8;11;0;0;6;3;1;0;0;2;9.98;9.78;0;0;3.31
MCOGER;2013;810000521;810000380;1;1490;305;888;5.5;1;22;0;769;0;7905;3;3;1;1;3.8;3.8;0;0;1;1;12;14;;;6;2;1;;;2;11.65;12.94;;;2.85
MCOGER;2013;810000539;810000398;1;399;157;482;1;0;;;;;;;;;;;;;;;;;;;;;;;;;;;;;;
MCOGER;2013;810000562;810000455;1;399;157;482;1.25;0;;;;;;;;;;;;;;;;;;;;;;;;;;;;;;
MCOGER;2013;820000032;820000016;1;1000;0;388;2.5;1;14;0;474;2;5024;3;2;;;1.9;1.15;0;0;1;1;9;11;;;4;1;;;;4;5.9;7.54;;;2.71
MCOGER;2013;830000279;830100517;1;2033;;997;2.73;0;;;;;;;;;;;;;;;;;;;;;;;;;;;;;;
MCOGER;2013;830000287;830100525;1;1206;0;646;3.1;1;15;0;573;0;5449;1;;2;;1.73;;0;;0;;7;9;;;7;2;;;;1;7.97;9.06;;;7.24
MCOGER;2013;830000295;830100533;1;687;0;559;1.3;1;60;;1648;1;20243;10;5;;;9.4;4.4;0;0;0;0;14;17;;;7;9;6;;;7;22.93;23.86;;;13.78
MCOGER;2013;830000311;830100566;1;804;0;804;1.8;1;30;0;1058;2;11278;3;3;;;3;3;;;1;1;12;13;;;6;2;2;;;4;13.68;12.87;;;8.67
MCOGER;2013;830000345;830100616;1;940;;550;1.5;1;51;;1749;10;19409;4;3;1;1;4.6;3.6;;;;;18;21;;;10;;7;;;4;22.63;27.72;;;14.6
MCOGER;2013;830009528;830100566;0;;;;;1;0;5;0;1575;0;1;1;1;;0.95;0.55;0;;0;;12;13;;;4;2;1;;;2;13.6;13.96;;;5.61
MCOGER;2013;830100558;690781810;0;;;;;1;3;0;67;0;706;;;;;0.2;0.19;1;0;0;0;;2;;;;;;;;;0.87;2.23;;;0.32
MCOGER;2013;830100855;830000493;0;;;;;1;36;0;1219;4;12384;;;8;6;0.72;0.61;1;1;1;1;7;8;;;;2;2;;;5;7.94;9.2;;;0.48
MCOGER;2013;840000343;840000012;1;1180;85;368;3.4;0;;;;;;;;;;;;;;;;;;;;;;;;;;;;;;
MCOGER;2013;840000392;840000046;1;;;391;2.8;1;10;;;;;1;;;;1;;;;1;1;;;;;;;;;;;;;;;
MCOGER;2013;840000426;840000061;0;;;;;0;;;;;;;;;;;;;;;;;;;;;;;;;;;;;;
MCOGER;2013;840000483;840000087;0;;;;;1;19;1;581;1;6681;2;2;;;1.17;1.17;0;0;0;0;7;10;;;2;7;6;;;;11.04;13.59;;;1.67
MCOGER;2013;840000525;840000111;1;1655;0;457;6;1;5;1;96;1;963;1;1;;;0.4;0.4;0;0;1;0;1;2;;;;1;;;;;1.5;2;;;
MCOGER;2013;840001861;840006597;1;1316;909;846;4.04;1;25;4;763;552;8822;1;0;0;0;1.65;0;0;;0;;13;13;;;7;1;2;;;3;12.47;12.2;;;4.97
MCOGER;2013;850000142;850000019;1;810;;679;2.34;1;;;1569;6;12793;;;4;4;0.94;0.94;0;0;1;1;;;;;;;;;;;;;;;
MCOGER;2013;850000175;850009010;1;28;0;28;0.32;1;15;;376;0;3959;2;0;1;1;1.3;0.07;0;0;0;0;4;5;;;3;4;6;;;1;5.26;9.35;;;2.02
MCOGER;2013;850000233;850009010;0;;;;;1;10;;332;0;3041;;;1;;0.65;;0;;1;;7;;0;0;5;0;8;0;0;3;7.19;5.45;0;0;5.38
MCOGER;2013;850000241;850000084;1;617;0;532;2.15;1;25;;739;0;9051;2;2;;;1.85;1.85;0;0;1;1;17;14;0;0;2;5;6;0;0;1;19.44;17.57;0;0;1.96
MCOGER;2013;850009630;850000035;1;360;0;345;;1;12;0;476;0;4220;2;2;;;1.2;1.2;0;0;1;1;2;6;;;2;5;4;;;;6.67;9.29;;;0.35
MCOGER;2013;860000025;860780063;0;;;;;1;20;1;813;119;7697;2;2;;;0.91;0.91;0;0;1;1;9;10;2;;1;2;2;;;3;10.72;11.17;1.89;;2.38
MCOGER;2013;860000223;860013077;1;742;0;641;3;1;79;0;2716;0;26617;9;9;5;4;3.85;3.7;0;0;1;1;46;92;3;;17;19;23;;;12;31.02;46.72;0.8;;12.36
MCOGER;2013;870000064;870000015;1;1931;0;1640;3.74;1;28;2;1056;475;10464;115;;76;;95.49;;;;;;21;18;;;24;2;1;;;1;20.49;16.64;;;11.68
MCOGER;2013;870000098;870000023;1;1937;162;935;2;0;;;;;;;;;;;;;;;;;;;;;;;;;;;;;;
MCOGER;2013;870000270;870000031;1;130;0;130;1.1;1;17;0;654;3;5616;1;;1;;1.5;;0;;1;;2;2;;;;2;3;;;1;3.71;4.3;;;0.5
MCOGER;2013;880000021;880007059;1;792;135;700;1.7;1;24;0;641;3;6304;;;;;;;0;0;1;1;10;11;;;10;;;;;;7.9;9.27;;;2.19
MCOGER;2013;880000047;880780077;1;;0;;1.5;1;20;;515;0;6046;3;3;4;4;3.59;3.59;0;0;1;1;6;7;1;1;1;2;0;;;1;7.6;7;0.4;0.2;1.3
MCOGER;2013;880000062;880780093;1;261;22;315;2.6;0;;;;;;;;;;;;;;;;;;;;;;;;;;;;;;
MCOGER;2013;880000070;880007299;0;;;;;1;12;5;486;285;4119;3;;;2;3;0.1;0;0;1;1;;;;;;17;20;;;7;4.27;5.23;;;2.56
MCOGER;2013;890975527;890000037;0;;;;;1;27;0;967;1;9652;3;2;;;3;2;0;0;1;1;10;11;;;5;3;2;;;;12.4;12.6;;;4.5
MCOGER;2013;890975535;890000409;0;;;;;1;19;;591;15;6287;3;;;;2.16;;1;0;0;0;11;12;;;8;1;;;;2;8.86;9.77;;;4.2
MCOGER;2013;890975543;890000417;1;157;50;113;1.22;1;20;;598;0;5936;2;;;;1.2;;0;;1;;12;9;1;;7;2;3;;;;8.1;7.31;0.16;;3.03
MCOGER;2013;890975550;890970569;1;1183;156;976;1.08;1;29;0;993;1;10474;5;4;2;2;5.48;5.1;0;0;1;1;7;7;0;0;6;5;4;0;0;1;11.04;6.65;0;0;6.81
MCOGER;2013;900000167;900000365;1;;;;0.8;1;8;0;543;2;2886;3;2;;;2.2;1.2;;0;;1;;;;;;;;;;;;;;;
MCOGER;2013;910000272;910110014;1;462;11;261;2.32;0;;;;;;;;;;;;;;;;;;;;;;;;;;;;;;
MCOGER;2013;910000298;910110055;1;586;10;279;1.41;1;20;;;;;2;1;;1;1.88;1;0;0;0;0;7;11;;;1;;1;;;2;7.31;10.92;;;1.22
MCOGER;2013;910000306;910110063;1;100;0;;1.52;1;10;2;304;44;3494;1;1;;;1;1;;;;;6;8;;;2;1;;;;6;6.87;8;;;3.55
MCOGER;2013;910001973;910019447;1;184;0;113;0.3;0;;;;;;;;;;;;;;;;;;;;;;;;;;;;;;
MCOGER;2013;910018423;910019454;0;;;;;1;10;0;246;0;3168;;1;;0;;1;;1;;0;3;5;0;0;0;;1;;0;1;2.5;5;0;0;0.3
MCOGER;2013;910020254;910002773;1;790;0;347;2.3;1;28;0;806;1;10217;;;4;4;4;4;0;0;0;0;13;16;;;3;1;1;;;;13.9;16.8;;;3
MCOGER;2013;910100015;750712184;0;;;;;1;24;2;493;262;7089;3;2;2;2;3.8;2.8;1;1;1;1;13;23;;;9;1;;;;;13.8;23;;;9
MCOGER;2013;910100023;750712184;0;;;;;1;30;3;739;923;9733;;;9;8;6;5.6;1;;1;;10;18;;;3;2;4;;;2;11.6;20.6;;;4.6
MCOGER;2013;910150069;910000033;1;;29;24;2.5;1;68;4;2079;864;22341;6;;8;;10.94;;1;1;0;0;24;38;3;;42;3;2;2;;4;26.02;38.74;3.32;;44.32
MCOGER;2013;910300060;750043994;0;;;;;1;20;;;;;2;2;;;2;2;1;1;0;0;6;8;;;;2;1;;;;6.93;8.33;;;
MCOGER;2013;920000569;920026374;0;;;;;1;38;0;1330;0;12822;4;3;10;2;3.89;2.64;0;0;0;0;15;20;;;10;3;5;;;4;16.05;20.15;;;14
MCOGER;2013;920000577;920110020;1;;;;;1;4;;;;;;;;;;;;;;;;;;;;;;;;;;;;;
MCOGER;2013;920000601;920110053;0;;;;;1;15;0;392;5;5021;2;2;2;;2.19;2;1;;0;;1;;;;;8;10;1;;3;8.77;8.93;0.1;;2.96
MCOGER;2013;920000635;920150026;1;500;0;500;3;0;;;;;;;;;;;;;;;;;;;;;;;;;;;;;;
MCOGER;2013;920000643;920150034;0;;;;;1;12;;213;0;2235;1;;2;;2.08;;0;;0;;5;3;;;3;0;;;;;4.85;2.15;;;2.72
MCOGER;2013;920000650;920150059;1;528;324;352;23.89;1;14;;432;0;5091;1;1;2;2;2.56;2.56;0;0;0;0;8;7;;;5;;;1;;1;8;7;0.8;;5.53
MCOGER;2013;920100013;750712184;1;;;;1;1;26;1;789;161;7876;6;;4;;8.55;;;;;;7;11;;;;3;1;;;;9.54;11.82;;;
MCOGER;2013;920100021;750712184;0;;;;;1;33;0;715;1;10494;4;4;0;0;4;4;0;0;0;0;14;16;0;1;1;3;2;0;0;0;15.5;17.5;0;1;1
MCOGER;2013;920100039;750712184;1;;;;;1;12;;275;0;3422;;;;;;;;;;;;;;;;;;;;;;;;;
MCOGER;2013;920100047;750712184;0;;;;;1;18;1;810;136;10218;;;;;;;;;;;;;;;;;;;;;;;;;
MCOGER;2013;920100062;750712184;0;;;;;1;20;2;528;313;6533;2;2;;;2;2;1;1;1;1;8;10;;;;1;1;;;;7.8;10.6;;;
MCOGER;2013;930000286;930021480;1;1243;0;885;;1;22;1;1121;354;8447;7;3;;;6.4;2.4;;;;;10;15;;1;7;2;1;;;1;7.47;14.26;;0.4;6.93
MCOGER;2013;930000302;930110036;1;493;0;493;1.6;1;34;2;1138;144;11276;3;3;0;0;3.4;3.4;1;1;0;0;14;21;;;6;0;0;;;1;13.12;20.12;;;7.96
MCOGER;2013;930000328;930110051;1;250;250;;1;1;;;0;0;0;;;;;;;;;;;;;;;;;;;;;;;;;
MCOGER;2013;930000336;930110069;1;;;;;1;14;4;642;2;7136;3;;;;2.72;;;;;;8;7;;;;;;;;;8;6.8;;;
MCOGER;2013;930100011;750712184;0;;;;;1;36;1;957;448;11292;5;2;2;;5.7;2;0;;;;16;23;;;15;;3;1;1;1;15.5;23.18;0.1;0.1;9.39
MCOGER;2013;930100037;750712184;1;;;;;1;8;;224;0;3031;;2;;;;2;;;;;5;6;;;1;1;2;;;0;5.55;4.99;;;0.91
MCOGER;2013;930706239;930110051;1;250;250;;1;1;22;2;622;105;7145;4;;2;;5.2;;1;;;;12;13;3;;10;;;;;;11.12;13.96;0.92;;8.65
MCOGER;2013;940000573;940110018;1;;;;;0;;;;;;;;;;;;;;;;;;;;;;;;;;;;;;
MCOGER;2013;940000599;940110042;1;465;0;348;0.8;1;12;;;;;1;1;1;;1.2;1;1;1;1;1;4;6;0;0;2;1;;;;;4.5;6;;;2
MCOGER;2013;940000649;940150014;1;100;;100;1.3;1;29;1;860;135;9964;1;1;1;1;1.7;1.7;0;0;0;0;10;13;;;;1;;;;1;10.37;10.79;;;0.5
MCOGER;2013;940100027;750712184;1;325;;258;1;1;55;5;1594;1192;19407;5;4;3;2;6.8;5.3;0;0;1;1;41;45;;;1;3;1;;;;43.1;45.8;;;1
MCOGER;2013;940100035;750712184;0;;;;;1;94;5;3587;842;35833;7;7;5;5;9.8;9.8;0;0;1;1;35;48;0;0;3;11;5;3;2;4;41.5;52.3;0.9;0.7;5.4
MCOGER;2013;940100043;750712184;1;;;;2;1;24;0;625;1;7906;3;;0;;3;;;;;;13;13;0;0;0;2;2;0;0;0;14.6;14.6;0;0;0
MCOGER;2013;940100050;750712184;0;;;;;1;44;4;1365;1209;15174;3;1;3;3;4.6;2.6;0;0;1;1;10;22;1;;12;1;2;;;7;10.8;23.8;0.6;;1.9
MCOGER;2013;940100068;750712184;0;;;;;1;34;6;902;1095;12408;4;4;1;1;3.9;3.9;;;;;;13;;0;;1;1;1;0;5;0.5;12.6;0.5;;1
MCOGER;2013;950000307;950110015;1;822;2;544;2.5;1;27;4;552;313;10282;6;3;0;0;5.18;2.3;1;1;1;1;12;14;0;0;14;0;1;0;0;1;11.54;14.91;0;0;13.41
MCOGER;2013;950000315;950001370;1;;;86;1.06;1;11;1;285;98;3251;1;;;;0.4;;0;0;0;0;;;;;;;;;;;;;;;
MCOGER;2013;950000323;950013870;1;505;;450;1.44;1;70;2;1738;490;24100;11;;1;;10.79;;1;;1;;27;36;;;8;4;2;;;4;30.52;35.2;;;8.44
MCOGER;2013;950000331;950110049;1;149;0;;;1;13;1;425;80;4637;1;1;1;1;1.1;1.1;0;0;0;0;13;16;;;3;0;;;;3;9.98;15.91;;;3.92
MCOGER;2013;950000356;950013870;1;;;;3.69;0;;;;;;;;;;;;;;;;;;;;;;;;;;;;;;
MCOGER;2013;950000364;950110080;1;425;0;289;0.4;1;26;0;687;94;9060;;;;;;;;;;;;;;;;;;;;;;;;;
MCOGER;2013;950000406;950150037;0;;;;;1;12;0;327;3;4213;1;1;1;1;1.42;1.8;;;1;;6;10;;0;;2;;1;0;2;7;10;0.1;0;0.5
MCOGER;2013;950100016;750712184;0;;;;;1;24;1;522;141;6447;12;;2;;12.67;;;;;;;;;;;;;;;;;;;;
MCOGER;2013;970100442;970100228;1;;;;2;0;;;;;;;;;;;;;;;;;;;;;;;;;;;;;;
MCOGER;2013;970200036;970202156;0;;;;;1;25;1;554;4;4459;1;;;;1;;;;;;;;;;;;;;;;;;;;
MCOGER;2013;970211215;970211207;1;510;211;2;1.2;1;18;4;670;147;5012;;;3;1;2.2;0.8;0;0;0;1;;;;;;12;9;;;45;12;9;;;4.5
MCOGER;2013;970211223;970211207;0;;;;;1;20;;578;2;6669;1;;;;1;;0;0;0;0;10;15;;;2;;;;;;10;14.82;;;1.99
MCOGER;2013;970211231;970211207;0;;;;;1;26;5;591;825;8256;;;;;;;0;0;0;0;18;19;;;4;;;;;;18;19;;;4
MCOGER;2013;970400024;970408589;1;1429;80;722;4.5;1;20;0;705;4;7359;3;3;4;;4.3;3;0;0;0;0;10;14;;;1;;;;;2;10;14;;;1.9
MCOGER;2013;970400057;970408589;1;839;683;874;4.5;0;;;;;;;;;;;;;;;;;;;;;;;;;;;;;;
MCOGER;2013;970400065;970421038;1;;;;;1;10;;444;;3637;3;0;0;0;2.21;0;;;;;6;9;0;0;3;1;0;0;0;0;6.85;8.29;0;0;2.43
MCOGER;2013;970400073;970403606;0;;;;;1;24;0;1572;9;7888;3;2;;;2.96;2;;;;;12;16;;;2;;;;;;11.93;16.27;;;2.83
MCOGER;2013;970400180;970408589;0;;;;;1;27;4;708;446;7361;2;2;1;;2.5;1.5;0;0;1;1;11;18;1;;;;;;;4;11;18;0.75;;1.5
