BOR;AN;FI;FI_EJ;SPED;UPED;LIT_PED;PLA_PED;SEJHP_PED;SEJHC_PED;JOU_PED;EFFPL_PM;EFFPL_PED;EFFPA_PM;EFFPA_PED;ETP_PM;ETP_PED;GAR_PM;GAR_PED;AST_PM;AST_PED;EFFPL_INFNS;EFFPL_PUE;EFFPL_AUX;EFFPL_KINE;EFFPL_PSY;EFFPL_APNM;EFFPA_INFNS;EFFPA_PUE;EFFPA_AUX;EFFPA_KINE;EFFPA_PSY;ETP_INFNS;EFFPA_APNM;ETP_PUE;ETP_AUX;ETP_KINE;ETP_PSY;ETP_APNM
MCOPED;2013;010000024;010780054;1;1;22;0;1958;352;4978;4;4;;;2.2;2.2;;1;;1;4;4;2;;;4;6;8;7;;1;8.68;3;9.03;5.96;;0.66;6.06
MCOPED;2013;010000032;010780062;1;1;14;1;654;239;1602;1;1;1;1;1.6;1.6;0;0;1;1;4;1;5;;;;2;1;4;;2;5.81;2;1.1;8.55;;0.52;1.44
MCOPED;2013;010005239;010008407;1;0;14;1;892;118;3061;1;;5;;2.55;;;;;;;;;;;;;;;;;;;;;;;
MCOPED;2013;020000162;020000063;1;1;30;4;2295;555;5825;2;2;5;5;5;5;1;1;1;1;13;18;30;0;3;26;10;5;7;0;2;23.13;6;21.74;37.01;0;3.37;26.72
MCOPED;2013;020000394;020000253;1;1;17;1;2356;333;6744;2;2;2;2;2.73;2.73;0;0;0;0;11;0;6;0;1;9;4;0;1;0;1;10.51;1;0;7.16;0;1.55;7.94
MCOPED;2013;020000519;020000261;1;1;22;2;1359;140;4678;7;7;1;;6.78;6.75;1;1;1;1;9;;5;;;5;8;2;8;;;16.95;7;1.43;11.44;;;10.42
MCOPED;2013;020000535;020000287;1;0;4;0;347;9;1682;0;;;;;;;;;;4;3;1;;;1;;;2;;;3.5;;2.94;2;;;1.04
MCOPED;2013;020001061;020004404;1;1;12;;775;142;1590;;;;;1.35;1.35;0;0;1;1;3;6;6;;;3;;;;;;2.2;1;5.59;5.57;0.1;;3.65
MCOPED;2013;020001087;020004495;1;0;;1;0;80;0;0;;1;;0.2;;0;;0;;;;;;;;;;;;;;;;;;;
MCOPED;2013;030000061;030780092;1;0;17;2;1331;497;3024;4;4;1;;2.84;2.28;0;0;1;1;11;4;3;;1;14;5;4;2;;1;12.69;6;6.84;4.25;;1.8;17.53
MCOPED;2013;030000079;030780100;1;1;34;0;1724;455;3601;5;5;3;3;6.12;6.12;0;0;1;1;9;3;15;1;1;12;5;2;6;;;17.16;3;5.48;22.15;0.8;1;19.53
MCOPED;2013;030000087;030780118;1;0;22;0;1724;287;4664;4;4;2;2;4.9;4.9;0;0;1;1;12;3;14;0;0;9;5;4;4;0;1;14.72;2;7.05;17.16;0;0.5;9.56
MCOPED;2013;040000093;040780215;1;0;8;0;701;132;1319;1;1;3;3;2.4;2.4;0;0;1;1;3;1;;;;;;2;;1;;2.13;;2.6;;0.15;;
MCOPED;2013;040000911;040788879;1;0;2;1;393;7;1800;1;1;;;1;1;0;0;1;1;;;;;;;;;;;;;;;;;;
MCOPED;2013;050000231;050000116;1;0;12;1;394;33;947;2;;1;;2.4;;0;;1;;5;;2;;;1;1;1;1;;;4.75;1;0.2;2.83;;;1.54
MCOPED;2013;050000348;050002948;1;0;9;1;1052;111;2498;5;5;0;0;3.79;3.79;0;0;0;0;1;4;3;0;0;5;4;6;12;0;0;4.2;4;8;11.65;0;0;5.47
MCOPED;2013;060000478;060780897;1;1;25;2;1289;223;2962;0;0;0;0;0;0;;;;;2;10;8;0;0;3;2;8;3;1;2;3.83;0;16.4;10.67;0.28;0.42;3.06
MCOPED;2013;060000510;060780954;1;1;23;1;1325;381;2978;5;5;6;6;4.84;4.84;0;;1;;5;4;6;0;0;7;2;7;5;0;0;6.18;4;10.55;7.86;0;0;11
MCOPED;2013;060000544;060780988;1;1;18;5;1337;581;3334;5;5;5;3;4.7;4.5;1;1;0;0;8;5;11;1;1;9;0;2;4;;;7.62;0;6.95;13.99;0.3;0.1;8.05
MCOPED;2013;060019288;060017019;1;1;0;0;3915;2502;13695;0;0;0;0;29.83;11.85;1;1;1;1;0;0;0;0;0;0;0;0;0;0;0;48.85;0;33.68;56.76;1.49;4.1;56.79
MCOPED;2013;060021631;060017019;1;;0;0;235;0;1073;0;0;0;0;5.87;4.55;;;;;0;0;0;0;0;0;0;0;0;0;0;20.02;0;28.05;11.86;0.8;2.25;14.35
MCOPED;2013;060780947;060800174;1;1;110;12;3829;2256;12252;53;26;50;11;32.81;12.23;1;1;1;1;74;50;89;0;3;167;27;16;24;9;7;41.02;76;30.85;47.28;1.57;3.07;94.56
MCOPED;2013;060789195;060785011;1;0;13;8;221;932;955;9;6;6;5;2.38;2.29;0;0;1;1;51;9;11;;5;424;10;4;0;;2;54.68;105;12.13;11;;5.63;465.73
MCOPED;2013;070000179;070780358;1;1;15;0;1197;382;2500;26;4;1;0;26.62;4;0;0;1;1;10;3;7;0;1;75;13;5;22;0;0;19.44;68;6.23;23.82;0;0.2;117.09
MCOPED;2013;070000195;070780374;1;0;;;2;0;10;;;;;;;;;;;;;;;;;;;;;;;;;;;;
MCOPED;2013;070000609;070005566;1;0;10;1;966;175;2112;4;4;1;1;4.82;4.82;;;;;2;6;0;0;0;1;2;6;0;0;0;3.3;0;9.92;0;0;0;1
MCOPED;2013;080000110;080000037;1;1;18;2;936;1037;2348;3;3;0;0;3;3;1;0;0;1;3;5;8;;;2;3;5;6;;1;5.1;;9;10.8;;0.5;2
MCOPED;2013;080000425;080000615;1;1;22;7;1743;745;4941;4;4;1;1;3.84;3.84;1;1;0;0;2;4;9;;;1;4;4;7;;;4.97;10;6.97;14.64;;;6.03
MCOPED;2013;090000175;090781774;1;0;7;2;989;374;2084;7;7;1;1;2.06;2.06;0;0;1;1;8;8;;;;17;1;4;;;;4.25;5;6.11;;;;7.07
MCOPED;2013;100000090;100000017;1;0;31;4;2300;978;8096;4;4;2;2;4.19;4.19;0;0;1;1;8;4;15;;1;4;3;1;1;;2;10.74;2;4.5;15.94;;1.95;5.89
MCOPED;2013;110000023;110780061;1;0;15;4;1326;705;2713;3;3;0;0;1.5;1.5;0;0;1;1;8;4;11;2;0;1;1;0;2;0;1;7.99;1;3.29;10.92;0.1;0.3;0.99
MCOPED;2013;110000056;110780137;1;0;16;0;1266;245;2946;4;4;1;1;4.4;4.4;0;0;1;1;7;3;5;;;3;3;1;1;;;9.9;;3.8;5.8;;;2.5
MCOPED;2013;120000039;120780044;1;0;11;2;1025;156;2292;5;5;4;3;6.38;5.63;0;;1;;1;12;2;;;3;;11;;;;0.75;1;21.05;0.54;;;3.36
MCOPED;2013;130000409;130041916;1;1;19;4;2548;1210;6420;12;12;9;9;7.69;7.69;1;1;1;1;12;4;18;3;1;17;14;7;3;;2;20.92;5;9.85;20.83;0.14;1.8;16.95
MCOPED;2013;130000565;130781446;1;;16;2;179;424;474;2;2;8;8;6;6;1;1;0;0;7;2;6;;;5;5;5;7;;2;8.55;3;6.36;11.49;;0.34;6.89
MCOPED;2013;130001225;130782634;1;0;14;1;1576;252;3510;6;6;3;2;5.59;5.57;;;;;3;3;9;0;1;5;4;6;11;0;0;5.91;0;9.04;11.81;0;0.25;5.08
MCOPED;2013;130002827;130789274;1;0;2;0;159;19;716;1;1;;;1;1;;;1;1;;;;;;1;;;;;;;;;;;;0.6
MCOPED;2013;130002835;130789316;1;1;22;2;1395;645;3077;7;7;7;2;9.65;8.3;1;1;0;0;14;0;7;0;0;13;9;0;5;0;0;18.58;9;0;10.59;0;0;18.61
MCOPED;2013;130780521;130786049;1;;67;5;3681;1955;15028;5;4;2;2;3.01;2.44;;;;;11;8;9;;1;1;6;4;4;;;10.03;;8.54;11.36;;1;1
MCOPED;2013;130785652;130014228;1;1;46;10;6983;1418;3417;5;2;23;23;9.68;6.9;1;1;0;0;16;9;21;;;17;3;6;;;;12.67;1;12.22;21;;;17.5
MCOPED;2013;130804297;130786049;1;1;197;62;10469;14422;50414;32;26;;;24.5;19.7;;;;;78;55;69;;9;9;20;55;11;;3;67.53;3;49.1;61.94;;8.65;8.65
MCOPED;2013;140000027;140000035;1;1;31;3;2842;746;8283;6;6;2;2;6.77;6.77;1;1;;;21;8;11;0;1;28;15;7;4;1;1;32.9;3;12.8;12.38;0.2;1.14;25.49
MCOPED;2013;140000209;140000100;1;1;81;12;4774;3496;18566;19;13;5;5;13.17;8.87;1;1;0;0;10;19;38;;;28;14;23;15;;1;18.65;9;35.16;39.67;;0.5;30.86
MCOPED;2013;140000233;140000118;1;0;16;2;1114;203;3250;4;4;1;1;4.2;4.2;0;0;1;1;3;;3;;;6;3;1;1;;1;4.8;7;1.51;3.8;;0.3;10.69
MCOPED;2013;140024886;140000092;1;0;10;1;747;258;1913;4;;2;;4.34;;0;;1;;3;2;5;;;1;1;;2;;;3.8;4;2;6.62;;;3.75
MCOPED;2013;150000040;150780096;1;0;16;;1573;;2609;4;4;2;2;3.9;3.9;0;0;1;1;4;2;10;;;2;1;1;1;;;5.25;4;2.8;12.24;;;4.21
MCOPED;2013;160000253;160000451;1;1;24;4;1391;388;3524;6;6;2;2;3.28;3.28;1;1;0;0;26;8;8;0;0;25;14;4;4;0;1;33.62;14;11.36;10.57;0;0.26;32.74
MCOPED;2013;170000087;170023279;1;0;28;5;2042;1239;4926;8;8;3;3;8.13;8.13;0;0;;0;4;;10;1;;7;8;8;12;;1;10.61;4;6.41;18.19;0.37;0.4;8.3
MCOPED;2013;170000103;170780175;1;0;25;0;2869;0;6190;8;8;1;1;7.12;7.12;1;1;0;0;23;6;15;1;;1;11;17;13;;;10;;7.05;13.45;0.5;;1
MCOPED;2013;170000152;170780225;1;1;14;2;1252;152;2925;4;4;5;5;6.65;6.65;1;1;1;1;17;6;19;;1;3;;;;;;14;;5.68;16.02;;0.5;2.58
MCOPED;2013;180000010;180000028;1;0;22;3;1374;397;2578;4;4;;;4.25;4;0;;1;;6;4;2;;;;;;;;;6;;4;2;;;
MCOPED;2013;180000200;180000051;1;0;10;1;808;175;1621;3;3;;;1.95;1.95;0;0;1;1;4;0;2;0;0;5;4;0;;1;;6.61;2;0.11;1.94;0.09;;5.86
MCOPED;2013;190000018;190000042;1;0;26;4;1498;618;4380;5;5;1;1;3.75;3.75;0;0;1;1;11;7;13;;1;4;2;1;8;;;11.87;4;7.21;18.87;;1;6.8
MCOPED;2013;190000026;190000059;1;0;14;2;686;414;2176;3;2;2;2;4.55;3.4;0;0;0;1;7;7;9;;;8;3;;4;;1;8.51;1;6.37;11.7;;0.7;5.97
MCOPED;2013;210780110;210000022;1;0;22;;716;13;2328;3;3;3;3;4.5;4.5;0;0;1;1;;11;39;;;;;;;;;;;9.38;34.62;;;
MCOPED;2013;210987558;210780581;1;1;66;10;3608;2541;14871;;;;;;;1;1;0;0;50;36;34;27;5;58;;;;;;41.8;;31.1;30.8;20.11;2.8;41.9
MCOPED;2013;210987657;210780714;1;0;14;;1041;408;3245;2;2;1;1;2.8;2.8;;0;;1;21;3;;;;;7;1;;;;25.78;;3.54;;;;
MCOPED;2013;210987699;210780706;1;0;6;;385;86;797;2;2;2;2;1.02;1.02;0;0;1;1;2;2;1;0;0;7;0;0;0;0;0;2.06;2;1.25;0.34;0;0;4.79
MCOPED;2013;220000012;220000020;1;1;30;4;2041;1297;3803;6;6;4;3;7.1;6.9;1;1;1;1;;1;;;;;;;1;;;;;0.3;0.71;;;0.18
MCOPED;2013;220000095;220000046;1;0;3;;386;69;581;2;2;1;1;2.5;2.5;1;1;0;0;3;;2;;;5;4;;1;;;6.3;;0.38;2.47;;;4.26
MCOPED;2013;220000368;220000103;1;0;7;1;833;66;1742;3;3;;;2.3;2.3;1;0;0;0;5;1;1;;;5;3;;3;;;6.13;4;1;2.49;;;6.52
MCOPED;2013;220000541;220000152;1;0;8;0;405;58;870;;;2;2;0.84;0.84;0;0;1;1;4;1;1;;;2;2;;2;;;4.69;2;1;2.47;;;0.94
MCOPED;2013;230000820;230780041;1;0;9;1;685;138;1700;3;3;;;3;3;0;0;1;1;;;;;;;;;;;;;;;;;;
MCOPED;2013;240000372;240000059;1;0;10;0;746;0;1585;2;2;2;2;3;3;0;0;1;1;2;;;;;10;7;3;;;;7.54;1;2.1;;;;9.53
MCOPED;2013;240000489;240000117;1;1;18;4;1662;618;4225;4;4;3;3;5.06;5.06;0;0;0;0;4;5;2;0;0;2;3;0;1;0;0;5.27;0;3.95;2.82;0;0;0.66
MCOPED;2013;250000114;900000365;1;1;3;0;545;106;649;3;3;2;2;4.23;4.23;;1;;0;2;2;;;;1;2;1;1;;;6.99;;2.71;5.43;;;2.01
MCOPED;2013;250000700;250000452;1;0;20;1;1090;78;2755;3;2;3;3;3.5;2.7;0;0;1;1;8;2;9;;1;1;4;5;3;;;10.58;4;5.96;10.35;;1;3.29
MCOPED;2013;250006954;250000015;1;1;70;16;5119;3281;19577;28;28;10;8;12.36;11.66;1;1;1;1;14;21;28;;1;20;25;36;22;6;1;36.06;33;41.61;42.96;2.87;1.54;40.18
MCOPED;2013;260000013;260000021;1;1;29;6;2955;1376;8092;10;9;6;5;3.87;3.79;;;;;5;17;15;;1;13;1;11;14;1;4;3.13;1;12.07;14.34;0.03;2.3;8.25
MCOPED;2013;260000120;260016910;1;0;25;;1551;623;3825;1;;5;;4.31;;;;1;;3;5;6;;1;4;4;4;5;;;6.63;3;7.57;9.55;0.5;0.92;6.75
MCOPED;2013;260000138;260000047;1;0;17;;1802;557;3393;3;3;1;1;3.6;3.6;0;0;1;1;7;3;8;;;4;8;3;5;;;13.1;2;4.8;11.7;;;5.4
MCOPED;2013;270000359;270023724;1;1;15;2;1499;322;3449;8;8;;;1.08;1.08;1;1;0;0;3;2;6;;;4;5;1;4;;1;5.65;1;3.13;8.98;;0.8;4.93
MCOPED;2013;280000084;280000183;1;1;11;0;1115;185;3000;2;2;3;3;2.33;2.33;1;1;0;0;5;4;1;;;2;3;;5;;;6.05;5;4.35;7.25;;;5.03
MCOPED;2013;280504267;280000134;1;1;17;3;1729;413;4419;4;4;3;3;4.13;4.13;0;1;0;1;11;6;2;;;1;6;2;2;;1;14.77;4;7.7;3.6;;0.5;4.05
MCOPED;2013;290000025;290020700;1;1;26;2;2184;1009;6183;8;8;5;5;9.63;9.63;1;1;1;1;11;6;14;0;0;1;5;7;6;0;1;14.44;0;11.18;20.15;0;0.25;1
MCOPED;2013;290000033;290021542;1;;16;0;1218;204;3110;4;4;2;1;3.26;3.21;;;1;1;2;1;4;;;4;2;11;4;;;3.13;5;11.15;7.17;;;8.29
MCOPED;2013;290000058;290000017;1;1;58;11;4021;2516;12977;;;;;;;;;;;19;4;18;;;11;13;5;5;;3;28.65;17;6.95;21.95;;0.9;22.6
MCOPED;2013;2A0000022;2A0000014;1;0;15;0;1203;236;2344;2;;0;;3.39;;0;0;1;1;9;4;9;;;9;1;1;3;;;10.21;1;4.8;11.62;;;1.28
MCOPED;2013;2B0000012;2B0000020;1;0;18;1;1184;215;2676;5;3;5;3;5;2.71;;;;;12;13;13;0;2;14;0;3;3;0;1;12;2;14.36;14.36;0;1.37;13.27
MCOPED;2013;300000023;300780046;1;0;14;0;1481;;2460;4;4;;;2.53;2.53;0;0;1;1;8;5;6;1;0;17;0;5;1;0;1;5.55;3;7.17;5.17;0.2;0.39;11.86
MCOPED;2013;300000031;300780053;1;0;11;1;872;130;1992;3;3;;;3.1;3.1;0;0;1;1;6;5;6;0;0;8;3;3;1;0;1;6.99;0;3.25;6.98;0;0.5;5.44
MCOPED;2013;300782117;300780038;1;1;48;5;2966;1279;7976;12;11;14;22;16.5;14.3;0;1;1;0;12;16;21;;1;14;3;4;2;;1;14.6;8;19.99;23.13;;0.8;18.72
MCOPED;2013;310016977;310781406;1;1;155;51;9951;16043;38422;39;39;24;24;47.7;47.7;1;1;1;1;66;55;86;;5;13;7;18;13;;4;70.7;8;69;95.3;;6.46;18.8
MCOPED;2013;310780085;310000021;1;1;3;6;272;1595;285;0;;10;;5;;0;0;1;1;;;;;;;;8;4;;;;1;4.8;1;;;0.15
MCOPED;2013;310780135;310000054;1;1;2;7;186;1012;295;6;;;;6;;0;0;1;;;;;;;;;8;4;;;;1;4.8;1;;;0.15
MCOPED;2013;310780259;310000096;1;0;2;1;14;0;24;;;4;2;0.5;0.5;0;0;1;1;2;2;;;2;;;;;;;0.5;;0.5;;;0.1;
MCOPED;2013;320000086;320780117;1;0;16;0;999;325;2755;5;4;0;0;2.75;1.75;;;;;3;6;0;0;0;14;1;3;0;0;0;3.5;3;8.08;0;0;0;13.2
MCOPED;2013;330000555;330781204;1;0;6;0;698;0;1083;3;3;;;3;3;0;0;;1;3;2;4;;;2;2;;1;;1;3.72;;2.36;4.01;;0.1;0.67
MCOPED;2013;330000605;330781253;1;0;12;2;1680;693;4045;8;8;3;3;4.08;4.08;1;1;0;0;6;6;2;;1;5;1;3;1;;;4.78;13;7.38;1.92;;1;15.98
MCOPED;2013;330780479;330000274;1;;5;5;1;0;2;;;;;;;;;;;;1;;;;;;;;;;;;1;;;;
MCOPED;2013;330781360;330781196;1;1;116;20;9572;4716;35844;19;19;16;14;22.36;21.13;;;;;19;47;26;1;5;42;6;19;10;1;4;24.87;10;62.89;33.04;1.33;6.63;51.3
MCOPED;2013;330783648;330781196;1;;12;5;1026;1762;4575;2;0;8;;3.8;;0;;1;;14;;;;;17;5;;;;1;11.82;20;;;;0.4;24.71
MCOPED;2013;330802752;330781196;1;;23;0;318;1969;5288;0;;;;;;;;;;23;;;;;17;;;;;7;20.36;8;;;;2.54;17.37
MCOPED;2013;340000025;340780048;1;;;4;0;1087;0;;;2;2;1.1;1.1;0;0;0;0;2;;;;;;;;;;;2;;;;;;
MCOPED;2013;340000033;340780055;1;1;23;1;1976;602;4697;7;7;1;1;4.74;3.74;1;1;;;;9;6;1;;4;;2;1;;;;1;7.44;4.54;0.25;;3.75
MCOPED;2013;340000223;340011295;1;0;14;0;1237;246;2947;4;4;1;1;1.81;1.79;0;;1;;4;5;3;;;6;2;3;1;;;3.96;2;3.96;3.68;;;6.23
MCOPED;2013;340782085;340780477;1;;10;4;676;809;2139;5;4;5;3;6.3;5.13;;;;;;7;5;;;6;1;3;4;;6;0.92;6;9.62;8.48;;3.4;13.33
MCOPED;2013;340785161;340780477;1;1;36;5;6102;1521;11958;7;;5;1;8.13;0.1;;;;;8;23;28;;1;14;4;29;11;;;8.87;6;47.01;37.06;;0.5;21.5
MCOPED;2013;340796663;340780477;1;1;40;17;3651;5941;12786;4;3;5;1;4.78;2.65;;;;;27;58;47;1;5;37;10;33;16;;2;34.8;21;81.19;59.24;0.3;3.4;53.34
MCOPED;2013;350000147;350000022;1;0;12;2;1085;315;2295;5;5;2;2;3.26;3.26;0;0;1;1;3;5;11;;;2;1;6;14;;;3.8;2;10;14.9;;;3.5
MCOPED;2013;350000154;350000030;1;1;5;1;719;63;1532;2;2;2;2;1.35;1.35;0;0;1;1;4;1;0;;;8;5;3;3;;;6.31;5;1.44;0.86;;;6.55
MCOPED;2013;350000162;350000048;1;0;9;1;671;59;1766;2;2;0;0;1.44;1.22;0;0;1;1;4;3;2;3;0;4;1;1;4;0;0;3.01;2;3.9;4.79;0.03;0;4.47
MCOPED;2013;350000188;350000055;1;0;9;0;559;75;1554;3;3;;;2.6;2.6;0;0;1;1;3;;;;;1;1;2;2;;;3.8;;1.3;1.32;;;1
MCOPED;2013;350000741;350005179;1;0;;2;0;530;0;0;0;0;0;0;0;;;;;0;1;0;0;0;2;0;0;0;1;1;0;4;1;0;0.5;1.36;3.78
MCOPED;2013;350007084;350005179;1;1;85;2;6014;1428;22447;25;16;0;0;12.57;11.13;1;1;1;0;30;49;49;0;4;31;8;46;14;0;6;32.85;16;84.18;57.95;0;5;42.59
MCOPED;2013;360000137;360000053;1;1;15;15;899;65;2564;4;4;1;1;3.76;3.76;;;1;;9;3;5;;;4;4;;3;;;12.43;1;3;6.89;;;4.23
MCOPED;2013;370000499;370000481;1;1;125;16;6196;5311;24908;;;;;;;;;;;104;49;60;3;2;96;80;42;33;6;4;161.05;59;79.03;85.09;5.41;3.67;144.09
MCOPED;2013;380000034;380780049;1;1;15;0;1338;253;3339;5;4;3;3;4.67;4.13;1;1;0;0;;5;;;;7;;8;;;;;3;10.44;;;;9.42
MCOPED;2013;380000067;380780080;1;1;45;14;7190;8286;24181;16;16;7;4;17.7;16.65;0;0;1;0;20;19;16;1;1;5;3;15;9;1;6;18.37;9;30.78;22.78;1.92;4.57;11.91
MCOPED;2013;380000174;380781435;1;1;14;2;1555;206;3497;6;6;0;0;2.59;2.59;1;1;0;0;3;1;6;;;7;3;0;3;;;5.65;6;1;6.37;;;6.56
MCOPED;2013;380000406;380784751;1;1;11;1;1233;185;2800;3;3;8;8;5.82;5.82;1;1;0;0;2;2;10;0;1;8;7;1;2;0;0;6.99;1;2.08;8.91;0;0.58;5.59
MCOPED;2013;390000040;390780146;1;1;30;1;1336;140;3609;5;5;;;4.84;4.84;0;;1;;;;;;;;;;;;;;;;;;;
MCOPED;2013;390000065;390780161;1;0;4;0;313;9;946;;;2;2;1.65;1.65;0;0;1;1;7;1;2;;;;;;;;;5.66;2;1;1.1;;;0.55
MCOPED;2013;390000222;390780609;1;0;16;0;1172;124;3098;2;2;3;2;2.77;2.47;0;0;1;1;5;3;5;;1;3;3;4;3;;;7.25;3;6.09;7.77;;0.5;5.2
MCOPED;2013;400000105;400780193;1;1;18;;1784;0;2825;4;4;2;2;3.72;3.72;0;0;1;1;1;12;11;;;8;;2;4;;2;0.82;;13.42;14.94;0.15;0.5;8.13
MCOPED;2013;400000139;400011177;1;0;12;2;1050;518;2329;;;;;;;0;0;1;1;3;5;5;0;0;4;2;3;1;0;1;5.34;5;6.85;7.42;0;0.5;6.24
MCOPED;2013;410000020;410000087;1;1;5;4;1633;157;4455;4;4;3;3;4.49;4.49;1;1;1;1;6;3;16;0;0;1;9;2;9;0;0;14.19;5;4;22.05;0;0;4.69
MCOPED;2013;410000046;410000103;1;0;12;0;762;68;2307;3;3;0;0;2.71;2.71;0;0;1;1;5;2;7;;;1;1;0;2;;;5.88;0;2.9;8.71;;;1.11
MCOPED;2013;420000010;420780033;1;1;21;1;1684;273;5693;6;6;5;4;2.68;2.4;1;1;0;0;10;6;12;2;;12;3;2;4;;;12.42;2;5.85;11.97;0.5;;9.25
MCOPED;2013;420000226;420013831;1;0;18;0;979;164;2471;;;5;4;1.66;1.46;0;0;1;1;1;;2;;;2;7;4;6;;;5.58;2;3.24;7.5;;;3.97
MCOPED;2013;420000234;420780652;1;1;17;1;1348;133;2567;3;3;3;3;4.2;4.2;0;0;1;1;4;4;10;;;;1;2;;1;1;4.5;;5.75;10;0.25;0.5;
MCOPED;2013;420785354;420784878;1;1;64;8;4360;3954;16168;9;3;3;2;2.62;1.11;1;;;;49;11;33;0;0;30;28;9;20;0;4;66.41;12;14.82;43.2;0;1.29;30.27
MCOPED;2013;430000117;430000018;1;0;17;0;1636;425;3545;4;4;0;0;1.59;1.59;0;0;1;1;2;5;4;0;0;6;3;3;6;0;2;2.29;5;7.87;6.73;0;0.81;5.59
MCOPED;2013;440000016;440000057;1;;24;3;2435;1112;6141;9;9;0;0;5.77;5.77;1;;0;;4;2;9;;;3;3;12;9;1;2;5.75;2;10.25;15;0.4;0.8;4.25
MCOPED;2013;440000271;440000289;1;1;106;26;9702;7858;33939;75;45;2;2;27.3;19.53;;;;;69;65;42;0;0;35;13;8;10;1;1;77.44;16;63.56;49.52;0.26;0.29;40.29
MCOPED;2013;440000503;440000313;1;1;4;0;495;46;930;3;3;;;0.9;0.9;0;0;1;1;;;;;;;;;;;;;;;;;;
MCOPED;2013;450000021;450000088;1;1;61;15;5289;3002;14982;15;10;6;5;8.07;7.07;1;1;1;1;35;14;47;;2;27;18;12;9;;3;32.57;5;18.09;14.3;;1.93;25.33
MCOPED;2013;450000047;450000096;1;0;20;0;1147;192;2974;2;2;2;2;3.8;3.8;1;1;;;1;2;6;;;;6;2;3;1;;6.7;;3.6;8.4;0.4;;
MCOPED;2013;450000062;450000104;1;1;13;0;1634;0;2636;7;7;;;2.48;2.48;1;1;0;0;9;8;3;;;4;2;3;7;;;9.16;4;9.96;8.3;;;6.99
MCOPED;2013;460000110;460780216;1;0;10;;612;141;1152;4;4;0;0;3.7;3.7;0;0;1;1;0;4;5;0;0;5;0;4;1;0;0;1.29;0;7.02;5.07;0;0;4.3
MCOPED;2013;470000423;470000316;1;0;18;2;1112;596;3878;6;6;2;2;4.22;4.22;1;1;;;9;7;7;7;;6;1;3;;1;1;7.27;;8.53;5.37;7.2;0.22;4.6
MCOPED;2013;470000431;470000324;1;0;10;1;587;184;1588;3;3;;;2.22;2.22;0;0;1;1;3;3;3;;1;7;1;1;1;;;4.35;1;4.05;2.44;;1;9.33
MCOPED;2013;470000480;470001660;1;0;14;2;832;81;2215;3;3;0;0;2.73;2.73;0;0;1;1;3;2;1;3;0;9;1;0;0;0;0;4.49;0;2.53;0.83;0.4;0;7.06
MCOPED;2013;480000017;480780097;1;0;12;0;693;232;1478;2;2;;;2;2;0;0;1;1;2;7;1;;;5;;5;;;1;2.74;3;11.13;1;;0.25;6.36
MCOPED;2013;490000049;490000031;1;1;67;8;4337;3104;15077;12;13;17;10;18.2;16.6;1;1;1;1;8;8;15;0;0;24;12;19;10;1;0;15.78;14;21.82;23.47;0.2;0.04;28.09
MCOPED;2013;490000635;490000676;1;1;24;2;2072;1155;4119;5;5;3;3;2.39;2.39;1;1;0;0;2;2;11;;;2;3;6;9;;;4.33;2;6.6;14.85;;;4.05
MCOPED;2013;490001765;490528452;1;0;8;1;684;84;1581;4;4;4;4;3.43;3.43;1;1;0;0;;;;;;2;5;7;9;;;3.87;6;2.28;2.81;;;5.22
MCOPED;2013;500000021;500000054;1;1;15;0;1304;189;3033;7;7;1;1;7.6;7.6;;1;;;10;6;13;;1;4;6;4;2;;0;12.95;1;9.29;14.6;;1;4.75
MCOPED;2013;500000187;500000013;1;1;28;2;1778;345;5777;6;6;1;1;6.5;6.5;;;;;6;8;16;;;7;6;3;1;;;10.29;4;9.74;17.31;;;10.4
MCOPED;2013;500000450;500000112;1;1;24;0;1281;237;4016;53;2;16;3;57.45;4.4;0;0;1;1;6;5;8;0;1;7;6;6;6;0;0;11.98;1;9.8;12.54;0;1;7.73
MCOPED;2013;510000169;510000037;1;0;16;0;1150;211;2908;2;2;2;2;2.67;2.67;0;0;1;1;6;3;11;0;1;7;4;3;1;0;0;8.51;2;5.3;11.37;0;0.5;7.59
MCOPED;2013;510000235;510000060;1;0;15;0;832;32;3539;1;1;3;2;2.64;1.84;0;;1;;6;1;4;;0;7;3;1;5;;1;8.05;0;3.02;7.92;;0.5;4.89
MCOPED;2013;510000250;510000078;1;0;10;0;705;36;1561;2;2;0;0;2;2;0;0;1;1;4;2;5;0;0;0;2;0;0;0;0;5.6;0;2;5;0;0;0
MCOPED;2013;510002470;510000029;1;1;9;13;3910;4094;13449;4;4;2;2;1.12;1.12;1;1;0;0;40;8;27;0;5;31;36;10;12;0;4;57.65;19;15.9;33.1;0;6.35;37.55
MCOPED;2013;510004302;510000029;1;0;6;0;279;0;1938;6;6;0;0;0.9;0.9;1;1;1;1;3;1;0;0;0;0;11;;6;0;0;9.6;6;1;2;0;0;2.45
MCOPED;2013;520000043;520780057;1;0;7;1;341;8;901;1;1;2;2;1.73;1.73;0;0;0;0;2;2;;;;4;3;1;;;;4.2;2;2.7;;;;5.13
MCOPED;2013;520000068;520780073;1;0;18;6;1065;399;3050;3;2;2;2;3.22;2.66;0;0;1;1;8;;2;;;3;3;;8;;;9.24;1;;9.64;;;3.8
MCOPED;2013;530000264;530000371;1;0;18;4;1597;573;3769;6;6;;;2;2;;;;;10;15;17;;2;14;1;8;3;;;10.54;1;21.79;19.58;;0.29;12.78
MCOPED;2013;540000015;540023264;1;1;2;2;103;260;192;1;1;1;1;2.4;2.4;1;1;0;0;1;1;;;;2;;;;;;0.42;;0.98;;;0.58;2.17
MCOPED;2013;540000155;540000080;1;0;10;0;573;104;1404;1;1;1;1;2.26;2.26;0;0;1;1;5;1;5;;;1;1;1;1;;;5.8;;1.75;5.75;;;0.5
MCOPED;2013;540001070;540000767;1;1;16;;1057;112;2791;4;3;;;3.03;2.86;0;0;1;1;8;6;6;;;4;5;2;2;;;11.09;4;7.58;5.91;;;5.01
MCOPED;2013;540001096;570010181;1;0;2;;223;4;761;;;2;;0.3;;0;;0;;;;;;;;;;1;;;;1;;0.57;;;0.42
MCOPED;2013;540002698;540002078;1;1;178;24;8494;5884;37146;54;27;17;10;17.39;9.09;1;1;1;1;116;40;129;;3;84;28;27;54;;5;103.16;26;56.26;142.77;;4.56;77.23
MCOPED;2013;550000012;550000020;1;0;11;2;1156;113;3238;;;;;;;;;;;39;2;10;;1;117;7;;;;;40.05;15;2.04;9.31;;1;116.46
MCOPED;2013;550000434;550003354;1;1;14;;859;108;1818;;;5;5;3.35;3.35;0;0;1;1;3;;;;;;9;5;10;1;;10.49;8;2.4;2.4;0.1;;4.29
MCOPED;2013;560000127;560023210;1;1;25;8;1980;927;6154;11;11;2;2;5.5;5.5;1;1;0;0;1;20;21;1;1;15;0;14;0;0;1;2.34;5;23.9;21;0.2;0.46;5.62
MCOPED;2013;560000135;560005746;1;1;28;3;2265;1020;6154;3;3;5;5;2.89;2.89;1;1;0;0;12;11;11;;1;7;;7;4;;2;10.37;5;16.88;14.5;;0.47;11.11
MCOPED;2013;560000143;560014748;1;1;15;0;997;89;2343;3;3;3;3;4.5;4.5;1;1;;;3;12;11;0;0;2;0;0;0;0;0;3;2;12;11;0;0;2
MCOPED;2013;570000059;570025254;1;0;24;;2312;0;4684;17;2;6;2;17.81;3.97;0;0;0;0;17;;;;;;12;;;;;24.4;;;;;;
MCOPED;2013;570000117;570015099;1;0;10;0;785;313;2427;2;2;1;1;;2.1;;0;;1;3;3;4;;;1;2;3;3;4;;4.6;3;5.6;6.35;0.05;;2.5
MCOPED;2013;570000349;570005165;1;1;28;2;2090;389;4823;2;2;8;8;4.7;4.7;0;0;1;1;3;9;8;;;1;;1;;;;3.05;;9.94;8.02;;;1
MCOPED;2013;570000646;570001115;1;0;10;1;556;110;1251;2;2;;;2;2;0;0;0;0;3;;3;;;;2;1;1;;;4.58;;0.82;3.52;;;
MCOPED;2013;570001057;570023630;1;0;0;;83;179;264;;;;;;;0;;1;;;;;;;;;;;;;;;;;;;
MCOPED;2013;570026252;570023630;1;0;13;7;309;775;1183;1;;1;;1.77;;0;;1;;5;2;1;;;;;2;1;;;5;;3.3;1.8;;;
MCOPED;2013;570026682;570005165;1;1;29;3;2317;591;7944;5;5;6;6;7.9;7.9;0;0;1;1;1;7;9;;;1;1;6;;;;0.55;;12.69;8.86;;;1
MCOPED;2013;580972693;580780039;1;;15;;1286;209;3335;4;4;2;;3.57;1.9;1;1;;;3;8;6;;;;4;0;2;;;2.79;;4.89;7.53;;0.63;0.5
MCOPED;2013;590000121;590780227;1;;11;1;1246;136;2614;3;;1;;3.3;;0;;1;;1;12;6;;;1;;1;2;;2;2.32;1;12.55;8.23;;1.93;1.82
MCOPED;2013;590000337;590781415;1;1;48;6;3086;449;9381;8;8;5;3;6.9;6.77;0;0;1;1;10;9;12;;;11;10;7;14;;1;15.9;6;14.36;25;;0.5;14.77
MCOPED;2013;590000428;590781605;1;0;23;4;1999;612;4342;4;4;;;3.29;3.29;0;0;1;1;5;4;14;;;2;1;7;7;;;5.45;2;8.86;19.45;;;2.95
MCOPED;2013;590000535;590781803;1;0;20;3;642;565;1447;9;9;1;1;2.77;2.77;1;1;1;1;5;9;15;;;9;2;5;1;;;6.2;1;12.68;17.22;;0.35;9.79
MCOPED;2013;590000618;590782215;1;1;48;4;4389;3285;12101;7;7;4;4;8.31;8.31;1;1;0;0;5;3;7;0;1;13;4;8;1;0;0;9.87;8;9.31;6.45;0;1;19.08
MCOPED;2013;590000758;590782637;1;0;16;1;1751;644;3105;4;4;2;2;4.63;4.63;0;;1;;6;8;14;;;5;2;8;5;;1;7.6;1;13.9;17.6;;0.5;5.3
MCOPED;2013;590001004;590783239;1;1;43;;2849;289;6910;5;5;5;4;6.84;6.44;1;1;0;0;;;;;;;;;;;;;;;;;;
MCOPED;2013;590006607;590780193;1;;64;16;6499;4186;29844;33;30;13;10;34.13;27.6;;;;;50;63;73;;;61;20;48;57;;;65.9;48;100.21;115.84;;;102.63
MCOPED;2013;590787586;590780193;1;;12;3;959;531;3342;5;3;3;2;3.48;1.93;;;;;4;5;5;;;3;3;4;6;;;5.83;5;8.3;9.9;;;6.92
MCOPED;2013;590796975;590780193;1;;21;6;4611;1446;6130;9;9;2;2;9.47;9.07;;;;;9;2;16;;;9;1;8;9;;6;9.6;11;8.9;21;;2.68;14.26
MCOPED;2013;590797353;590051801;1;1;31;18;3174;4477;8764;7;5;2;2;7.14;5.48;1;1;1;0;8;5;7;;;1;1;3;21;;;7.49;2;8.33;18.8;;;1.53
MCOPED;2013;590801106;590782421;1;1;50;5;3960;1652;9364;11;11;3;3;8.61;8.61;0;0;1;1;7;12;12;;;;8;15;14;;3;11.56;;21.88;22.95;;1.3;
MCOPED;2013;590804696;590781902;1;1;20;;1554;204;2998;7;7;6;6;9.3;9.3;0;0;1;1;5;5;;;;21;2;4;;2;1;7.59;5;8.21;;0.3;0.25;21.13
MCOPED;2013;600000053;600101984;1;1;15;1;1661;58;3980;4;4;1;1;1.34;1.34;1;1;0;0;7;;9;0;0;3;6;1;3;0;0;10.34;4;0.89;10.4;0;0;4.83
MCOPED;2013;600000194;600100713;1;1;24;4;2478;391;5544;11;11;5;5;12.5;12.5;1;;1;;16;7;20;;1;7;6;5;9;;;22.86;3;11.97;30.98;;1;10.12
MCOPED;2013;600000467;600101984;1;1;28;5;2759;919;9438;11;11;4;4;3.98;3.98;1;1;0;0;10;14;13;0;0;6;5;2;4;0;0;14.37;1;1.26;14.27;0;0;6.44
MCOPED;2013;600113476;600100721;1;1;28;2;2217;457;6456;6;5;3;3;4.61;4.56;1;1;1;1;18;3;8;0;0;12;9;0;7;0;1;21.97;5;2.72;13.06;0;0.5;10.06
MCOPED;2013;610000051;610780082;1;0;16;0;1371;87;3259;3;3;2;2;4.1;4.1;1;1;0;0;4;2;5;0;0;14;5;3;2;0;0;8.85;3;5.26;6.34;0;0;13.37
MCOPED;2013;610000069;610780090;1;0;20;;990;170;3092;4;4;1;1;4.4;4.4;0;0;1;1;14;3;1;;;10;1;1;;;;14.8;4;3.8;1;;;13.2
MCOPED;2013;610000119;610780165;1;1;28;2;1918;170;6665;4;4;5;4;6.11;6.01;;;;;15;5;9;0;1;7;5;3;4;1;1;18.38;6;8.74;11.56;0.25;1.5;11.05
MCOPED;2013;620000026;620003814;1;0;2;0;135;19;556;2;1;;;0.09;0.04;0;0;0;0;8;;2;2;;8;4;;1;1;;1.32;5;;0.35;0.41;;1.42
MCOPED;2013;620000034;620100057;1;1;24;6;2070;1088;5255;7;7;;;7;7;1;1;0;0;9;0;10;;1;15;1;1;1;;0;9.9;7;1.11;9.69;;1;18.11
MCOPED;2013;620000224;620100651;1;0;26;2;2668;374;5181;6;6;3;3;6.7;6.7;0;0;1;1;2;10;11;;1;5;4;3;3;;1;2.55;6;11.67;12.44;;1;8.31
MCOPED;2013;620000257;620100685;1;1;45;10;4177;1669;11964;10;10;3;3;10.55;10.55;1;1;0;0;22;8;18;;;21;2;3;7;1;2;18.42;3;8.62;23.71;0.78;0.9;14.33
MCOPED;2013;620000323;620101337;1;1;16;4;1665;566;4712;7;7;1;1;7.6;7.6;;;;;13;6;10;0;0;3;4;2;5;0;0;15.97;0;7.17;13.5;0;0.5;2.77
MCOPED;2013;620000349;620101360;1;0;10;2;1028;53;2429;6;6;3;3;6.48;6.48;0;0;0;0;;8;4;1;;3;1;3;6;;;0.46;2;6.43;5.02;0.15;;3.6
MCOPED;2013;620000653;620103440;1;0;28;2;2343;793;6146;10;10;3;3;9.07;9.07;1;1;;;;2;;;;;1;;;;;0.5;;2;;;;
MCOPED;2013;620003202;620103432;1;1;18;2;1313;359;2491;3;3;5;5;4.91;4.91;0;;1;1;5;4;0;0;0;7;3;2;0;0;1;6.83;5;5.87;0;0;0.25;9.82
MCOPED;2013;630000438;630781011;1;0;0;0;521;9;3873;;;;;;;;;;;;;;;;;;;;;;;;;;;;
MCOPED;2013;630781268;630780989;1;1;6;4;4109;3227;17205;6;6;3;2;4.77;4.47;1;;;;10;7;18;0;0;7;6;3;6;0;1;14.25;3;6.09;19.74;0.12;0.55;7.67
MCOPED;2013;640000162;640780417;1;1;51;2;2594;1289;5986;3;3;4;3;2.88;2.84;1;1;0;0;2;10;9;;;9;2;3;3;;1;1.01;4;11.78;10.26;;0.5;11.51
MCOPED;2013;640000402;640780813;1;0;2;0;275;0;283;1;1;1;1;1.58;1.58;0;0;1;1;3;0;;;;1;3;1;;;;5.4;3;0.8;;;;3.1
MCOPED;2013;640000600;640781290;1;1;23;5;1967;1334;5537;6;6;;;2.9;2.9;1;1;1;1;15;28;26;;2;15;6;24;10;1;0;19.53;1;45.14;30.08;0.14;1;16.22
MCOPED;2013;650000417;650783160;1;1;18;6;1280;2142;2754;8;8;2;2;8.15;8.15;0;;0;;7;12;5;0;1;11;2;7;3;0;1;8.22;7;16.95;7.41;0;1.5;12.54
MCOPED;2013;660000084;660780180;1;1;25;5;2590;1849;6630;5;5;5;5;7.4;7.4;0;1;0;0;17;9;;;;21;5;;;;;20.72;;8.58;;;;20.94
MCOPED;2013;670000157;670780337;1;1;14;2;1035;639;3836;1;1;;;1;1;1;1;0;0;7;10;4;;;5;1;5;1;;1;6.73;2;14.52;4.25;;0.25;6.88
MCOPED;2013;670000165;670780345;1;1;14;1;1038;204;3292;;;;;0.45;0.45;0;1;1;0;;;;;;;;;;;;3.38;;1.6;0.4;;;1.93
MCOPED;2013;670000397;670780691;1;0;14;;1107;87;2695;3;3;1;1;3.3;3.3;0;0;1;1;3;1;1;;;4;6;3;1;;;7.1;5;2.8;1.6;;;5.9
MCOPED;2013;670780212;670014604;1;0;2;0;2;1;3;;;;;;;;;;;;;;;;;;;;;;;;;;;;
MCOPED;2013;670783273;670780055;1;1;114;31;5988;5056;27217;37;37;26;26;25.1;25.1;1;1;1;1;68;64;36;4;6;89;35;52;20;2;3;90.64;33;100.54;51.51;3.7;6.6;107.4
MCOPED;2013;680000627;680000486;1;1;41;5;2462;1374;9351;7;7;2;2;5;5;1;1;0;0;11;1;15;1;0;15;4;7;7;1;1;13.62;6;6.41;20.22;1.4;0.4;14.8
MCOPED;2013;680001245;680000973;1;1;50;10;3381;3180;8996;11;11;6;6;3.78;3.78;1;1;0;0;12;8;25;;;16;15;6;8;;;23.25;7;12.65;31.17;;;21.05
MCOPED;2013;680004546;680000486;1;0;13;;695;366;1543;4;0;0;0;0.65;0;1;;0;;2;2;3;0;0;4;2;3;0;1;0;3.7;8;4.1;3.12;0.01;0;7.23
MCOPED;2013;690000575;690782222;1;1;39;4;3418;1201;9624;7;;7;;10.5;;1;;0;;13;8;;;;25;17;8;;;2;25.52;20;14.3;;;0.95;25.36
MCOPED;2013;690000880;690783220;1;0;18;0;2243;0;5179;4;4;5;5;6.55;6.55;0;0;1;1;18;5;12;0;0;13;5;2;1;0;2;19.45;3;5.98;12.23;0;0.98;11.97
MCOPED;2013;690007539;690781810;1;1;219;59;12371;16446;52650;5;15;25;41;18.83;40.41;1;1;1;1;96;39;;3;1;185;28;27;;2;10;112.86;43;60.84;;4.45;6.69;204.92
MCOPED;2013;690019849;690781810;1;0;27;12;584;2164;3008;;2;;1;;3.02;0;0;1;1;14;1;;;;10;3;;;;;15.49;1;1;;;;10.94
MCOPED;2013;690784178;690781810;1;0;;5;6;1087;0;;;;;0.3;0.1;0;0;0;0;;;;;;;;;;;;0.43;1;;;;0.15;0.77
MCOPED;2013;690784186;690781810;1;0;19;0;585;3;6183;;;;;0.34;0.25;1;1;1;1;;;;;;;;;;;;3.77;;3.48;;;;4.18
MCOPED;2013;690807599;690006598;1;0;12;0;480;41;1612;;;4;4;2.82;2.82;0;0;1;1;3;2;8;;;1;1;1;3;1;1;2.93;1;3;11.75;0.07;0.29;1.5
MCOPED;2013;700000029;700004591;1;0;6;6;2261;905;5106;1;;;;1;;0;0;0;0;;;;;;;;;;;;;;;;;;
MCOPED;2013;710010067;710780644;1;0;12;;1027;266;2207;2;;;;1.7;;;;;;;4;4;;;1;;4;3;;;;1;6.41;5.8;;;1.4
MCOPED;2013;710010786;710781451;1;0;5;0;278;25;707;;;2;2;1.71;1.64;0;0;1;1;;;;;;;8;;4;3;;2.09;23;;1.14;0.17;;4.66
MCOPED;2013;710978263;710780958;1;0;18;;1488;551;4020;4;4;4;4;1.2;1.2;1;1;0;0;8;6;6;0;0;6;3;1;4;0;3;8.76;0;6.71;8.94;0;0.62;5.5
MCOPED;2013;710978289;710780263;1;1;16;0;1391;293;3148;9;8;1;;5.61;4.4;1;1;1;1;5;8;8;;;5;3;5;5;;;7.4;3;11.7;12;;;7.4
MCOPED;2013;720000033;720000025;1;1;67;8;4799;3054;14627;3;0;13;11;6.65;3.32;1;1;0;0;20;5;24;;;7;20;5;24;;;32.55;6;8.35;39.56;;;10.63
MCOPED;2013;720016179;720016724;1;0;8;;836;345;2200;2;2;2;2;3.13;3.13;1;1;0;0;1;2;;;;4;4;3;5;;3;3.31;3;3.6;3.55;;0.64;5.82
MCOPED;2013;730000031;730000015;1;1;48;8;3398;1527;10273;;;;;;;;;;;16;18;;;1;48;8;8;;;1;19.88;17;23.94;;;1.25;52.85
MCOPED;2013;730000262;730002839;1;0;14;0;1259;250;2780;3;3;2;2;2.03;2.03;0;;1;;;;1;;;3;8;12;16;;;5.51;5;7.33;9.33;;;7.03
MCOPED;2013;740000237;740781133;1;1;36;4;2812;622;7973;8;8;4;3;7.19;7.07;1;1;0;0;17;14;27;0;0;10;6;3;6;0;0;18.24;4;11.71;32.19;0;0;13.24
MCOPED;2013;740000302;740781216;1;0;8;0;900;203;2007;0;0;1;1;0.5;0.5;0;0;1;1;6;2;5;;;1;3;2;3;;;8.1;1;3.6;7.35;;;1.75
MCOPED;2013;740000328;740790381;1;0;14;2;1706;527;3936;6;6;2;2;3.57;3.57;0;0;1;1;24;;7;;;24;;;;;;11.09;;;2.85;;;6.84
MCOPED;2013;740781141;740790258;1;0;19;3;1956;648;5315;5;5;16;16;4.06;4.06;0;0;1;1;8;2;5;;;8;4;0;2;;1;10;1;3.12;8.17;;0.5;7.75
MCOPED;2013;740781224;740001839;1;1;22;4;1828;697;4689;1;1;1;1;1.54;1.54;0;0;1;1;9;3;6;;;5;7;3;5;;1;9.87;5;3;7.81;;0.75;6.65
MCOPED;2013;750000549;750150229;1;0;25;1;305;400;1719;5;2;5;3;7.75;3.6;0;0;1;1;;1;1;;;3;;;;;1;;1;1;1;;0.5;3.56
MCOPED;2013;750100109;750712184;1;;267;36;10602;9029;42946;102;80;90;76;139.5;106.5;1;1;0;0;178;19;142;10;13;93;53;2;26;2;4;224.5;31;21;167.3;10.33;14.8;116.1
MCOPED;2013;750100166;750712184;1;0;10;6;229;1142;3160;2;;1;;2.5;;;;;;;;;;;;;;;;;;;;;;;
MCOPED;2013;750100208;750712184;1;1;432;65;17597;14943;85468;256;;255;;274.45;;1;1;1;1;332;33;81;23;17;310;42;6;8;6;8;323.04;32;28.15;86.33;26.01;21.21;328.84
MCOPED;2013;750160012;750813321;1;0;16;5;1210;1526;4685;5;5;4;4;7.82;7.82;0;0;1;1;13;6;8;;;11;11;4;0;;;22.35;3;9.43;8;;;13.58
MCOPED;2013;750300121;750052037;1;;;;;;;0;;13;;2.45;;;;1;;;;;;;;;;;;;;;;;;;
MCOPED;2013;750803454;750712184;1;1;203;30;12045;13243;55593;70;43;184;42;133.6;61.1;1;1;1;1;223;37;66;15;10;191;40;8;12;4;7;254.2;38;43.4;75.7;17.5;13.68;216
MCOPED;2013;760000018;760780023;1;1;21;2;1352;448;2617;2;2;3;3;4.21;4.21;0;0;1;1;8;1;0;0;1;12;12;4;0;0;0;16.23;8;4.61;0;0;0.7;18.11
MCOPED;2013;760000158;760780239;1;1;208;18;8453;4473;40468;22;15;11;6;23.12;12.63;;;;;122;49;90;;6;71;76;41;48;;5;173.25;21;80.62;117.94;;5.33;81.16
MCOPED;2013;760000364;760780734;1;0;11;1;870;57;2562;2;2;1;1;2.2;2.6;0;0;1;1;10;1;0;0;0;10;2;1;0;0;0;11.35;1;2.05;0;0;0.02;8.29
MCOPED;2013;760000463;760024042;1;1;12;0;1359;75;3732;;6;;;;5.16;;1;;1;15;1;2;0;0;12;5;1;0;0;0;17.33;10;0.06;2.39;0;0;18.68
MCOPED;2013;760805770;760780726;1;1;61;10;4747;2531;13727;19;19;6;6;8.7;8.7;1;1;1;1;43;8;0;0;0;69;33;9;0;0;1;60.1;38;14.73;0;0;0.8;107
MCOPED;2013;770000131;770110013;1;1;10;;820;44;2143;5;4;2;2;5.7;4.7;1;1;;0;12;4;15;;;;;;;;;11;;4;14.6;;;
MCOPED;2013;770000149;770110021;1;1;15;3;1379;1119;3521;6;6;5;5;7.98;7.98;1;1;0;0;10;2;4;;;8;3;1;2;;;10.1;5;2.13;7.23;;;7.72
MCOPED;2013;770000156;770110054;1;1;30;2;1792;998;4130;7;7;5;5;3.5;3.5;1;;0;;32;4;5;;1;27;8;3;4;;1;38.32;11;6.27;8.3;;1.16;35.52
MCOPED;2013;770000164;770110062;1;1;16;1;1317;314;3826;5;5;1;1;5.48;5.48;0;0;1;1;7;4;21;;;8;;;;;;7;;1.5;12.71;0.47;;4.52
MCOPED;2013;770000172;770110070;1;1;1;0;1053;160;2652;;;1;;0.1;;;;;;;;;;;;;;;;;;;;;;;
MCOPED;2013;770000446;770700185;1;1;34;3;3250;899;9786;7;7;5;3;8.25;8.05;0;0;0;0;9;1;8;;;14;10;;2;;3;16.27;6;0.83;9.63;;1.47;18.05
MCOPED;2013;770019032;770170017;1;1;25;2;1646;806;6421;4;;3;;1.36;;0;0;0;0;18;2;8;;;7;2;;1;;;18.43;2;2;8.02;;;8.32
MCOPED;2013;780000287;780110011;1;1;36;5;2330;1005;6993;7;7;1;1;3.68;3.68;;;;;12;3;29;2;;6;7;3;10;;2;16.6;1;4.75;34.39;0.42;1.25;5.41
MCOPED;2013;780000311;780001236;1;1;39;4;2951;1057;6666;8;7;7;5;8.22;7.77;0;0;0;0;17;8;11;;2;12;4;2;6;;0;19.2;4;10.84;16.76;0;2.09;15.55
MCOPED;2013;780000329;780110052;1;1;13;3;983;359;2461;6;6;1;1;5.7;5.7;1;1;;;12;3;8;;;8;2;1;3;;1;12.38;1;3.9;9.66;;0.2;8.87
MCOPED;2013;780630026;750803900;1;0;1;8;46;1412;448;1;1;7;3;1.69;0.83;1;1;1;1;12;;5;;;2;1;;4;;;0.38;1;;1.08;;;0.95
MCOPED;2013;780800256;780110078;1;0;30;6;2652;1567;8832;;16;;15;;18.88;1;1;0;0;18;10;17;0;0;16;6;4;5;0;2;25.56;5;13.92;21.25;0;1.37;18.38
MCOPED;2013;790000087;790000012;1;1;29;5;1939;675;5444;7;7;6;6;8.26;8.26;1;1;0;0;14;6;15;1;2;8;5;3;9;;1;15.23;7;8.11;19.15;0.13;1.49;8.95
MCOPED;2013;800000143;800000028;1;0;19;1;1599;328;3398;5;5;4;4;6.27;6.27;0;0;1;1;11;4;2;0;1;8;4;1;4;0;0;10.03;6;4.8;5.19;0;0.33;12.3
MCOPED;2013;800000192;800000044;1;1;119;17;5489;2732;20932;45;24;7;2;16.46;11.15;1;1;0;0;19;5;20;;1;34;18;7;7;;;30.51;4;10.75;23.65;;1;35.84
MCOPED;2013;810000505;810000331;1;0;18;0;1246;509;2932;4;4;2;2;5.53;5.53;;;;;12;6;12;0;0;8;4;4;3;0;0;11.91;8;8.8;11.24;0;0;8.12
MCOPED;2013;810000521;810000380;1;0;12;0;1326;171;2688;5;5;2;2;6.03;6.03;0;0;1;1;3;5;8;5;;5;5;6;5;6;;5.24;;6.49;10.86;0.23;;2.01
MCOPED;2013;820000032;820000016;1;0;19;0;1492;562;3063;4;4;3;3;2.5;2.5;0;0;1;1;7;2;1;1;;14;;2;;;;4.96;1;3.44;2;0.36;;9.56
MCOPED;2013;830000287;830100525;1;0;12;2;1140;232;2399;2;2;2;2;3.15;3.15;0;0;1;1;1;2;3;;;8;6;5;2;;1;7.49;5;6.12;4.6;;0.25;9.87
MCOPED;2013;830000295;830100533;1;0;20;;1618;447;3797;3;3;6;6;5.38;5.38;0;0;1;1;1;6;7;;;4;1;10;1;;;1.73;4;14.43;7.63;;;9.42
MCOPED;2013;830000311;830100566;1;1;23;2;2522;332;6321;4;4;1;1;2.75;2.75;1;1;;;10;8;10;;;;2;2;3;;;11.6;;9.42;12.19;;;
MCOPED;2013;830000345;830100616;1;1;43;1;4287;1333;10285;;;6;6;0.6;0.6;;;;;;;;;;;1;1;;;;0.69;1;0.59;;;;0.82
MCOPED;2013;840001861;840006597;1;1;56;1;5119;1108;11460;7;4;6;3;5.73;3.55;0;;1;;17;21;22;1;1;18;7;11;9;;2;17.5;5;23.97;27.36;0.5;2.1;20.21
MCOPED;2013;850000142;850000019;1;1;27;3;2147;1044;4898;;;10;9;4.18;4.13;1;1;;;1;1;;;;1;13;12;25;1;;8.34;15;9.81;18.5;0.51;;15.13
MCOPED;2013;850000241;850000084;1;0;7;;743;0;1534;3;3;;;2.37;2.37;0;0;0;0;3;1;0;3;0;0;2;1;0;1;0;4.96;0;1.73;0;3.3;0;0
MCOPED;2013;850009630;850000035;1;0;10;0;809;43;1617;2;2;2;1;2.7;2.6;0;0;1;1;1;1;2;;;2;2;4;6;;1;2.85;3;4.4;6.49;;0.35;2.95
MCOPED;2013;860000223;860013077;1;1;39;10;3623;1517;12513;13;12;3;3;9.33;8.33;0;0;1;1;12;3;14;2;1;5;7;4;10;;;14.77;2;8.12;22.52;0.5;1;6.2
MCOPED;2013;860780568;860000140;1;0;4;;15;0;23;5;3;;;5;3;0;0;0;1;4;;5;;;;;;;;;4;;;5;;;
MCOPED;2013;870014859;870000015;1;1;104;12;4036;1841;12690;6;3;6;0;4.09;0.85;1;1;1;;52;48;31;6;2;59;13;18;9;;;55.17;19;55.12;32.02;5.17;0.46;56.62
MCOPED;2013;880000021;880007059;1;0;16;0;1137;375;2690;;;;;;;1;1;0;0;11;13;9;;;2;2;4;;;1;12.78;8;15.84;9;;0.42;6
MCOPED;2013;880000047;880780077;1;0;8;2;835;183;2305;3;3;0;0;2.31;2.31;;;1;1;5;9;5;0;0;1;1;1;1;0;0;5.8;1;9.75;5.75;0;0;1.9
MCOPED;2013;880000054;880007299;1;0;12;;627;348;1201;;;1;2;0.3;0.3;0;0;1;1;2;3;;;;;1;5;20;;;2.8;11;6.5;6.38;;;2.78
MCOPED;2013;880000062;880780093;1;1;14;3;1465;820;3610;;;7;7;0.68;0.68;0;0;1;1;;0;0;0;0;0;11;1;0;0;0;1.49;12;0.54;0;0;0;0.44
MCOPED;2013;890975527;890000037;1;1;18;2;1552;171;4517;7;7;;;7;7;1;1;1;1;4;10;10;;;12;1;5;1;;;4.86;3;13.93;10.86;;;13.74
MCOPED;2013;890975550;890970569;1;1;22;2;1447;419;4703;7;4;1;1;3.47;3.11;0;0;0;1;12;4;11;;;6;2;4;2;;1;13.03;2;7.45;12.07;;0.5;6.69
MCOPED;2013;900000167;900000365;1;1;24;0;1729;451;4955;6;6;7;7;8.58;8.58;;1;;0;11;3;14;;;2;4;1;1;;;11.5;1;2.6;10.89;;;2.65
MCOPED;2013;910000272;910110014;1;1;9;2;1053;191;2283;;;6;;2.49;;;;;;7;;4;;;1;2;;1;1;1;8;;;4.8;0.5;0.2;1
MCOPED;2013;910000280;910019447;1;1;16;2;1269;257;5441;;;;;;;;;;;;;;;;;;;;;;;;;;;;
MCOPED;2013;910000298;910110055;1;1;4;4;1387;551;2929;2;1;1;1;3.82;1.9;1;1;0;0;8;1;8;;;3;5;1;3;;;11.37;3;1.74;10.25;;;5
MCOPED;2013;910000306;910110063;1;1;15;2;1339;551;3374;3;;4;;5.5;;1;1;0;0;14;1;6;;;6;4;4;2;;;15.4;4;4.74;8.23;;;9.53
MCOPED;2013;910020254;910002773;1;1;36;6;2657;1213;8755;1;0;32;0;10.13;0;;;;;34;4;9;0;1;7;7;7;17;0;4;39.8;12;10.4;24.9;0;3.1;14.8
MCOPED;2013;910300219;910003888;1;0;22;0;424;0;1649;7;2;;;7;2;1;0;1;1;;;;1;;1;;;;1;1;;;;;1.1;0.2;1
MCOPED;2013;920000585;920026374;1;1;18;0;1538;0;4040;8;8;6;6;5.96;5.96;1;1;0;0;11;3;6;0;;7;;;2;0;2;10.5;6;3.16;7.49;0;0.75;7.94
MCOPED;2013;920000643;920150034;1;1;19;0;1131;20;3860;4;4;6;6;6.99;6.99;1;;1;;3;27;;;;4;2;3;2;;;3.2;;25.24;1.37;;;4
MCOPED;2013;920000684;920150091;1;0;28;;930;3;8005;7;3;2;1;7.24;1.26;0;0;;;22;5;13;1;;19;3;1;3;;1;26.68;5;4.96;13.72;1;0.5;22.64
MCOPED;2013;920100013;750712184;1;1;37;3;1890;1299;6540;2;2;2;2;1.2;1.2;;;;;;;;;;;;;;;;;;;;;;
MCOPED;2013;920100021;750712184;1;1;6;0;2200;973;6057;1;1;9;9;4.6;4.6;1;1;0;0;5;;;;;5;1;;;;;5.86;1;;;;;5.86
MCOPED;2013;920100047;750712184;1;1;9;5;2749;1917;9183;7;7;2;2;8;1;;;;;;;;;;;;;;;;;;;;;;
MCOPED;2013;920100054;750712184;1;0;43;7;647;1394;7762;75;;70;;60.17;;;;;;;;;;;;;;;;;;;;;;;
MCOPED;2013;920300043;920001526;1;0;7;5;;;;;;;;;;;;;;5;;;;;6;;;;;;4.88;;;;;;5.72
MCOPED;2013;920300191;920000767;1;0;16;;;;;;;;;;;;;;;3;1;2;;;2;;1;2;;;2.76;1;1.91;2.26;;;2.71
MCOPED;2013;930000286;930021480;1;1;23;2;1719;4296;5557;9;8;6;2;8.07;6.04;;;;;;;;;;;;;;;;;;;;;;
MCOPED;2013;930000302;930110036;1;1;17;3;1126;323;3081;6;36;3;3;4.12;4.12;1;1;0;0;6;0;7;0;0;8;5;0;1;0;0;11.07;0;0;8.2;0.78;0;8.37
MCOPED;2013;930000328;930110051;1;1;30;2;3656;708;10852;4;;1;;4.6;;;;;;15;10;22;;;17;2;;;;1;18.35;3;9.34;20.17;;0.5;20.06
MCOPED;2013;930000336;930110069;1;1;30;3;2172;2076;7212;20;;;;15.83;;;;;;10;5;;;;2;;;;;;10;;4.4;;;;1.5
MCOPED;2013;930100045;750712184;1;1;35;7;2304;1671;8844;3;3;8;8;10.5;10.5;1;1;1;1;33;4;5;0;;20;7;1;1;0;1;39.7;5;4.8;5.8;0;0.4;23.3
MCOPED;2013;940000573;940110018;1;1;49;5;4582;2229;13543;9;;25;;13;;;;;;18;5;3;;;15;1;;1;;1;16.53;11;5.74;3.9;0;1;18.83
MCOPED;2013;940000599;940110042;1;1;41;5;3406;663;9881;7;5;;;6;4;1;1;;;13;;18;;1;1;;;;;;13;;;18;;0.5;1
MCOPED;2013;940000649;940150014;1;1;41;3;2959;1710;8101;7;6;9;4;11.5;7.9;1;1;1;1;6;;10;;;;1;1;1;1;2;5.12;;0.85;9.4;0.4;0.71;
MCOPED;2013;940000664;940160013;1;;32;8;;;;12;12;7;7;14.53;14.53;;;;;46;3;3;;3;43;12;;;;;53.44;2;3.12;3.43;;2.43;40.97
MCOPED;2013;940100043;750712184;1;1;6;4;6783;4830;31128;1;;;;1;;1;0;0;0;8;1;6;;;1;;;;;;7.36;;1;5.45;;;1
MCOPED;2013;940300551;940000912;1;0;3;1;117;2;408;;;8;4;4;2;0;;0;0;;2;2;;;;;;;;;;;1;1;;;
MCOPED;2013;950000307;950110015;1;1;21;2;2030;427;4730;5;4;2;1;5.26;3.66;1;1;1;1;9;1;9;0;0;8;6;1;3;0;2;14.25;1;1.76;11.35;0;0.97;8.11
MCOPED;2013;950000315;950001370;1;0;18;1;1252;171;4448;6;5;3;3;4.53;4.43;0;0;1;1;11;5;8;1;5;1;5;;3;;;15.08;;4.03;10.53;0.5;5.36;1.3
MCOPED;2013;950000323;950013870;1;0;;;0;78;0;1;;0;;0.8;;0;;0;;;;;;;;;;;;;;;;;;;
MCOPED;2013;950000331;950110049;1;1;57;3;3965;1359;11348;5;5;4;3;6.3;0.1;1;1;0;0;41;9;30;0;1;15;9;5;4;0;1;47.29;1;8.37;33.02;0;1.48;15.69
MCOPED;2013;950000356;950013870;1;1;21;2;1944;341;5241;8;8;2;2;6.57;6.57;1;1;1;1;15;4;14;;1;12;6;1;3;;1;19.29;2;4.32;15.43;;1.3;13.24
MCOPED;2013;950000364;950110080;1;1;43;5;3809;698;9720;;;;;;;;;;;;;;;;;;;;;;;;;;;;
MCOPED;2013;950630012;750721334;1;;4;1;248;3;1198;8;8;6;6;0.6;0.6;0;0;0;0;;;;;;;;;;;;;;;;;;
MCOPED;2013;970100392;970100178;1;0;29;4;971;309;3214;6;6;0;0;5.43;5.43;1;1;;;17;15;1;0;1;10;0;0;0;0;0;16.3;0;14.92;1;0;0.25;9.42
MCOPED;2013;970100400;970100186;1;0;8;2;504;73;1545;9;2;1;;9.8;2;0;0;1;1;29;1;16;;1;22;;;1;;;29;1;1;16.5;;1;22
MCOPED;2013;970100442;970100228;1;1;72;10;3406;1575;11072;15;11;4;4;17.18;14.03;;;;;47;26;38;;1;47;1;4;;;;45.8;;29.79;38.45;;1;45.68
MCOPED;2013;970211223;970211207;1;1;20;2;771;198;2407;8;;;;8;;0;0;0;0;14;3;;;;22;;;;;;14;;3;;;;21.99
MCOPED;2013;970211231;970211207;1;0;18;8;499;48;2878;;;;;;;0;0;0;0;1;;;;;3;;;;;;1;;;;;;3
MCOPED;2013;970211256;970211207;1;1;40;8;3430;1994;12644;11;3;;;7.06;1.7;0;0;1;1;22;4;;;;26;;;;;;21.71;;4;;;;26
MCOPED;2013;970300026;970302022;1;0;36;4;2376;544;9645;8;8;;;6.91;6.66;1;1;1;1;36;6;31;;1;18;2;0;0;;0;30.84;;4.43;24.04;;1;17.28
MCOPED;2013;970300083;970302121;1;0;21;2;803;28;4333;7;;;;6.73;;1;1;1;1;;;;;;;;;;;;;;;;;;
MCOPED;2013;970300265;750721334;1;;11;1;617;33;2655;1;1;3;3;0.97;0.97;1;1;1;1;7;5;5;;;;1;;;;;3.27;;1.11;2.82;;;
MCOPED;2013;970400024;970408589;1;1;52;15;2763;7026;15033;17;11;2;;18.36;11;1;1;0;0;21;7;31;;1;3;2;;3;;;22.6;2;7;33.6;;1;5
MCOPED;2013;970400057;970408589;1;1;36;4;3793;1837;12717;9;9;11;11;14.76;14.76;1;1;0;0;22;7;21;;1;4;6;3;5;1;;27.2;1;9.8;25.8;0.5;1;4.75
MCOPED;2013;970400065;970421038;1;1;21;;2161;;6518;9;9;3;3;6.52;6.52;1;1;0;0;15;13;0;0;1;23;2;4;0;0;0;16.25;2;11.26;0;0;0.5;22.32
MCOPED;2013;980500011;980500003;1;0;18;2;1117;233;8517;11;11;1;1;11.07;11.07;1;1;0;0;22;2;12;;;19;;;;;;21.31;;1.25;10.33;;;17.26
