BOR;AN;FI;FI_EJ;PALIA_A1;PALIA_A2;PALIA_A3;PALIA_A4;PALIA_A5;PALIA_A6;PALIA_A7;PALIA_A8;PALIA_A9;PALIA_A10;PALIA_A11;PALIA_A12;PALIA_A13;PALIA_A14;PALIA_A15;PALIA_A16;PALIA_A17;PALIA_A18;PALIA_A19;PALIA_A20
PALIA;2013;010000024;010780054;1;10;2;0;75;0;;;;1;1846;36;5;1131;;;;2629;70;28
PALIA;2013;010000065;010780096;0;;;;;1;1;10;143;0;;;;;;;;;;
PALIA;2013;010000214;010007987;1;5;;;34;0;;;;0;;;;;;;;;;
PALIA;2013;010005239;010008407;0;;;;;0;;;;1;137;2;0;3;1;0;2;0;0;0
PALIA;2013;010780195;010000156;1;4;;;136;0;;;;0;;;;;;;;;;
PALIA;2013;020000089;020000022;1;4;4;0;27;0;;;;0;;;;;;;;;;
PALIA;2013;020000097;020000048;0;;;;;1;1;6;82;0;;;;;;;;;;
PALIA;2013;020000105;020000055;1;6;2;;89;0;;;;1;0;5;0;7;0;;0;14;0;42
PALIA;2013;020000162;020000063;1;8;4;0;256;0;;;;1;1479;13;3;415;374;41;0;429;91;70
PALIA;2013;020000303;750814030;1;8;8;0;125;0;;;;1;72;0;0;0;0;0;0;25;46;7
PALIA;2013;020000394;020000253;1;7;;;245;0;;;83;1;1019;1;3;70;8;14;48;111;15;16
PALIA;2013;020000519;020000261;1;8;0;0;36;1;1;8;191;1;2273;3;1;114;0;114;0;396;294;57
PALIA;2013;020000535;020000287;1;5;0;0;23;0;;;;1;2156;2;0;504;385;119;0;238;33;2
PALIA;2013;020001061;020004404;1;6;;;92;0;;;;1;73;;;;;;;73;70;
PALIA;2013;020001087;020004495;1;6;0;0;67;0;;;;0;;;;;;;;;;
PALIA;2013;020010047;020001632;1;4;;;16;0;;;;0;;;;;;;;;;
PALIA;2013;030000061;030780092;1;4;0;0;46;0;;;;1;2355;0;0;0;;;;385;56;0
PALIA;2013;030000079;030780100;1;5;0;0;38;0;;;96;1;3814;1;1;0;0;0;0;664;27;0
PALIA;2013;030000087;030780118;1;3;3;;91;0;;;;1;10108;21;1;1002;623;282;330;1323;30;29
PALIA;2013;030000095;030780126;1;1;1;0;;0;;;;0;;;;;;;;;;
PALIA;2013;030781116;030000426;1;5;0;0;124;0;;;;0;;;;;;;;;;
PALIA;2013;040000093;040780215;1;3;0;0;100;0;;;;1;2666;7;3;1752;236;96;1420;388;0;0
PALIA;2013;050000231;050000116;1;4;;;92;0;;;;1;1643;;;;;;;110;;
PALIA;2013;050000256;050000124;1;2;;;44;0;;;;1;992;15;16;5582;4095;432;1055;444;0;226
PALIA;2013;050000348;050002948;0;;;;;1;1;10;138;0;;;;;;;;;;
PALIA;2013;050006436;050002948;0;;;;;1;1;10;;0;;;;;;;;;;
PALIA;2013;060000478;060780897;1;;;;;0;;;;1;594;56;3;1919;1840;79;;683;73;254
PALIA;2013;060000510;060780954;1;10;0;0;233;1;1;12;91;1;1020;56;3;1488;1425;63;;683;164;163
PALIA;2013;060000528;060780962;1;9;0;0;123;0;;;;1;9634;;;0;;;;;;
PALIA;2013;060000536;060006889;1;2;2;0;13;0;;;;0;;;;;;;;;;
PALIA;2013;060000544;060780988;0;;;;;0;;;;1;855;56;3;1653;1571;82;;683;67;260
PALIA;2013;060002102;060791761;1;2;0;0;26;0;;;;0;;;;;;;;;;
PALIA;2013;060019288;060017019;0;;;;;0;;;;1;247;;8;10;;;10;62;76;
PALIA;2013;060021631;060017019;1;2;;;;0;;;;1;93;;;;;;;;;
PALIA;2013;060780145;060000049;1;6;6;;88;0;;;;0;;;;;;;;;;
PALIA;2013;060780186;060006939;1;2;2;;72;0;;;;0;;;;;;;;;;
PALIA;2013;060780517;060000239;1;4;;;113;0;;;;0;;;;;;;;;;
PALIA;2013;060780715;060000361;1;3;0;0;37;0;;;;0;;;;;;;;;;
PALIA;2013;060780947;060800174;0;;;;;0;;;;1;247;0;8;10;;;10;62;76;0
PALIA;2013;060785219;060001468;1;6;;;323;0;;;;0;;;;;;;;;;
PALIA;2013;060789195;060785011;0;;;;;1;1;12;234;1;507;11;9;234;;163;71;523;138;196
PALIA;2013;070000013;070002878;0;;;;;1;1;6;125;1;737;7;2;728;605;105;18;237;15;15
PALIA;2013;070000062;070005558;1;5;5;;82;0;;;;0;;;;;;;;;;
PALIA;2013;070000179;070780358;1;4;0;0;114;0;;;;1;;10;2;146;24;124;0;239;0;100
PALIA;2013;070000195;070780374;1;3;0;0;66;0;;;;0;;;;;;;;;;
PALIA;2013;070000609;070005566;1;9;3;0;212;0;;;;1;2813;32;9;479;201;100;178;405;242;0
PALIA;2013;080000110;080000037;1;3;2;;87;0;;;;0;;;;;;;;;;
PALIA;2013;080000219;080001969;1;5;0;;144;0;;;;0;;;;;;;;;;
PALIA;2013;080000276;080001969;1;0;;;95;0;;;;0;;;;;;;;;;
PALIA;2013;080000425;080000615;1;10;0;0;223;0;;;;1;1740;9;3;1740;1539;63;138;312;130;110
PALIA;2013;090000175;090781774;1;9;6;0;127;0;;;;1;957;2;0;0;0;0;0;219;57;41
PALIA;2013;090000183;090781816;1;2;1;0;12;0;;;;0;;;;;;;;;;
PALIA;2013;090001629;090780107;1;3;0;0;35;0;;;;1;210;2;0;63;0;48;15;71;128;0
PALIA;2013;100000090;100000017;1;15;0;0;42;0;;;;0;;;;;;;;;;
PALIA;2013;100000199;100006279;0;;;;;1;1;5;139;1;;;;;;;;;;
PALIA;2013;100002351;100000561;1;3;;;236;0;;;;0;;;;;;;;;;
PALIA;2013;100009364;100000017;0;;;;;1;1;12;257;1;1131;25;13;520;125;77;318;584;222;85
PALIA;2013;110000023;110780061;1;6;0;0;44;0;;;;0;;;;;;;;;;
PALIA;2013;110000049;110780087;1;3;0;0;68;0;;;;0;;;;;;;;;;
PALIA;2013;110000056;110780137;1;7;0;0;215;0;;;;1;1742;12;0;107;8;51;48;351;81;26
PALIA;2013;110780210;110000114;1;7;;;341;0;;;;1;5489;9;;104;;8;96;397;14;14
PALIA;2013;110780483;110000155;0;;;;;1;1;10;201;1;174;41;4;1783;1694;89;0;596;25;112
PALIA;2013;110786746;110786324;1;3;3;;33;0;;;;0;;;;;;;;;;
PALIA;2013;120000039;120780044;0;;;;;0;;;;1;1571;;;106;20;51;35;419;84;593
PALIA;2013;120000054;120780069;1;3;0;0;34;0;;;;0;;;;;;;;;;
PALIA;2013;120000096;120780101;1;2;0;0;17;0;;;;0;;;;;;;;;;
PALIA;2013;120004668;120004619;1;3;1;;;0;;;;0;;;;;;;;;;
PALIA;2013;120780143;120000112;1;4;4;;48;0;;;;0;;;;;;;;;;
PALIA;2013;130000409;130041916;0;;;;;0;;;;1;1050;1;;23;10;3;10;510;320;124
PALIA;2013;130000516;130781339;1;2;0;0;51;0;;;;1;907;2;3;1524;1383;141;0;360;74;36
PALIA;2013;130000565;130781446;1;2;0;0;36;0;;;;0;;;;;;;;;;
PALIA;2013;130001225;130782634;1;2;0;0;46;1;1;8;209;1;3112;74;;392;;74;218;534;;
PALIA;2013;130001647;130784127;1;8;0;0;199;0;;;;1;3645;0;0;0;;;;729;119;12
PALIA;2013;130002827;130789274;1;2;;;46;0;;;;0;;;;;;;;;;
PALIA;2013;130002835;130789316;1;3;0;0;118;0;;;;1;1865;6;0;80;0;80;0;220;45;2
PALIA;2013;130043664;130002157;1;8;;;59;0;;;;1;3105;;;0;;;;110;35;12
PALIA;2013;130780521;130786049;1;8;;;;0;;;;1;3611;0;0;0;0;;0;941;242;7
PALIA;2013;130781255;220020739;0;;;;;1;1;10;208;1;0;11;0;349;0;25;324;208;;42
PALIA;2013;130781289;130002447;1;3;;;67;0;;;;0;;;;;;;;;;
PALIA;2013;130783152;130001365;1;8;8;0;142;1;1;12;355;1;32;20;20;313;0;21;292;203;3;0
PALIA;2013;130783293;130786049;1;12;;;;1;1;7;184;1;4263;;;;;;;777;120;
PALIA;2013;130783475;130001431;1;8;8;;92;0;;;;0;;;;;;;;;;
PALIA;2013;130784051;130037823;1;8;0;0;118;0;;;120;0;;;;;;;;;;
PALIA;2013;130785355;130002157;1;6;;;80;0;;;;1;4062;;;;;;174;;246;8
PALIA;2013;130785363;130042930;1;2;;;25;0;;;;1;2486;;;0;;;;66;978;24
PALIA;2013;130785652;130014228;1;4;0;0;;1;1;12;5727;1;2038;3;0;0;0;0;0;1302;436;0
PALIA;2013;130786742;750821092;1;6;0;0;102;0;;;;0;;;;;;;;;;
PALIA;2013;130804297;130786049;0;;;;;0;;;;1;626;0;0;7;7;7;0;57;24;36
PALIA;2013;130809015;130001928;1;2;;;49;0;;;;1;1;47;0;382;0;382;0;25;0;52
PALIA;2013;130811102;130007487;0;;;;;1;1;24;336;1;0;3;0;994;0;53;941;316;0;0
PALIA;2013;140000027;140000035;1;8;1;0;307;0;;;;1;6368;1;1;142;0;36;106;224;50;24
PALIA;2013;140000076;140000084;1;3;0;0;83;0;;;;1;1457;7;1;25;0;25;0;149;28;15
PALIA;2013;140000209;140000100;1;16;0;0;137;0;;;;1;5985;0;0;0;;;;780;180;176
PALIA;2013;140000233;140000118;1;2;0;0;41;0;;;;1;1425;4;1;225;0;125;100;170;54;5
PALIA;2013;140000340;140025800;0;;;;;1;1;12;200;0;;;;;;;;;;
PALIA;2013;140000373;140000159;1;2;0;0;18;0;;;;1;852;1;2;192;2;10;180;113;32;80
PALIA;2013;140000555;140000639;1;24;0;0;558;0;;;;1;5456;;;0;;;;;;
PALIA;2013;140004383;140000100;1;1;0;0;1;0;;;;0;;;;;;;;;;
PALIA;2013;140016759;140003146;1;2;;;16;0;;;;0;;;;;;;;;;
PALIA;2013;140024886;140000092;1;4;0;0;90;0;;;;1;2274;1;1;0;0;0;0;278;71;50
PALIA;2013;150000032;150780088;1;2;0;0;16;0;;;;0;;;;;;;;;;
PALIA;2013;150000040;150780096;1;3;3;;;0;;;;1;902;;;59;20;15;14;228;42;7
PALIA;2013;150780732;150000271;1;3;0;0;138;0;;;;0;;;;;;;;;;
PALIA;2013;160000253;160000451;1;8;1;1;125;0;;;;0;;;;;;;;;;
PALIA;2013;160000303;160006037;1;3;;;46;0;;;;1;974;18;7;357;;122;235;269;0;53
PALIA;2013;160000311;160000485;1;2;0;0;40;0;;;;0;;;;;;;;;;
PALIA;2013;160000337;160000493;1;3;;;47;0;;;;1;613;25;8;606;165;132;309;236;19;48
PALIA;2013;160000360;160000519;1;6;;;98;0;;;;1;98;25;5;1924;1184;201;539;446;0;103
PALIA;2013;160015368;160014411;1;6;2;0;83;0;;;;0;;;;;;;;;;
PALIA;2013;170000038;170780050;1;2;;;18;0;;;;0;;;;;;;;;;
PALIA;2013;170000061;170780118;1;9;9;;46;0;;;;0;;;;;;;;;;
PALIA;2013;170000087;170023279;1;10;;;153;0;;;;1;2730;2;2;0;;;;229;306;32
PALIA;2013;170000095;170780167;1;4;0;0;8;0;;;;0;;;;;;;;;;
PALIA;2013;170000103;170780175;1;6;0;0;28;0;;;;1;726;8;5;1002;543;23;27;;96;17
PALIA;2013;170000129;170780191;1;4;;;16;0;;;;0;;;;;;;;;;
PALIA;2013;170000152;170780225;1;5;;;81;0;;;;1;513;1;;3;;3;;113;3;11
PALIA;2013;180000010;180000028;1;15;3;0;266;0;;;;1;2497;18;16;615;16;37;548;3199;42;60
PALIA;2013;180000200;180000051;1;12;0;0;76;0;;;;1;1600;2;2;12;;10;2;325;8;28
PALIA;2013;180000283;180000069;1;8;;;103;0;;;;1;865;0;0;74;63;11;;110;;
PALIA;2013;180000333;180000093;1;3;;;53;0;;;;0;;;;;;;;;;
PALIA;2013;180000358;180000739;1;2;;;12;0;;;;0;;;;;;;;;;
PALIA;2013;180003287;180000028;1;3;3;0;42;0;;;;0;;;;;;;;;;
PALIA;2013;190000018;190000042;1;10;0;0;604;0;;;;0;;;;;;;;;;
PALIA;2013;190000026;190000059;1;6;2;;85;0;;;;1;1714;20;8;263;143;70;50;402;31;22
PALIA;2013;190000034;190000067;1;6;4;0;8;0;;;;0;;;;;;;;;;
PALIA;2013;190000091;190000075;1;4;0;0;85;0;;;;0;;;;;;;;;;
PALIA;2013;190000224;190000901;1;2;;;15;0;;;;1;0;;;;;;;;;
PALIA;2013;210006318;210006268;1;0;0;0;0;0;;;;0;;;;;;;;;;
PALIA;2013;210780789;210003208;1;4;0;0;48;0;;;;0;;;;;;;;;;
PALIA;2013;210987558;210780581;1;16;;;139;1;1;15;171;1;337;22;10;730;318;122;290;502;297;
PALIA;2013;210987574;210780623;1;2;0;0;12;0;;;;0;;;;;;;;;;
PALIA;2013;210987582;210780631;1;2;;;446;0;;;;0;;;;;;;;;;
PALIA;2013;210987590;210780649;1;2;0;0;120;0;;;;0;;;;;;;;;;
PALIA;2013;210987608;210011482;1;4;0;0;24;0;;;;0;;;;;;;;;;
PALIA;2013;210987616;210780656;1;1;;;;1;1;;;0;;;;;;;;;;
PALIA;2013;210987657;210780714;1;2;0;0;296;0;;;;1;1947;16;3;168;30;101;37;364;79;45
PALIA;2013;210987665;210010070;1;2;;;;0;;;;1;2291;6;5;1922;1841;834;907;272;75;53
PALIA;2013;210987681;210011482;1;1;0;0;;0;;;;0;;;;;;;;;;
PALIA;2013;210987699;210780706;1;2;0;0;36;0;;;;0;;;;;;;;;;
PALIA;2013;210987731;210780417;1;4;0;0;312;0;;;;0;;;;;;;;;;
PALIA;2013;220000012;220000020;1;9;0;0;143;0;;;;1;1280;1;0;7;0;7;0;261;60;0
PALIA;2013;220000095;220000046;1;14;6;0;375;0;;;;1;1028;14;2;193;14;43;136;;222;63
PALIA;2013;220000269;220000640;1;12;0;0;233;0;;;;0;;;;;;;;;;
PALIA;2013;220000343;220000079;1;5;0;0;82;0;;;;0;;;;;;;;;;
PALIA;2013;220000368;220000103;0;;;;;0;;;;1;1287;13;1;0;;;;203;57;2
PALIA;2013;220000541;220000152;1;4;0;0;70;0;;;;1;919;0;0;50;0;16;34;154;150;6
PALIA;2013;220001259;220005045;1;3;;;36;0;;;;0;;;;;;;;;;
PALIA;2013;230000820;230780041;1;9;0;0;87;0;;;;1;1593;18;6;433;88;283;62;405;0;0
PALIA;2013;230000846;230780066;1;4;0;0;;0;;;;0;;;;;;;;;;
PALIA;2013;230004657;230780058;1;2;0;0;13;0;;;;0;;;;;;;;;;
PALIA;2013;230780082;750005068;1;5;2;;142;0;;;;0;;;;;;;;;;
PALIA;2013;230780157;230000861;1;2;;;1;0;;;;0;;;;;;;;;;
PALIA;2013;240000190;240000596;1;6;;;171;0;;;;0;;;;;;;;;;
PALIA;2013;240000372;240000059;0;;;;;0;;;;1;45;0;0;0;;;;42;0;0
PALIA;2013;240000489;240000117;1;5;0;0;175;1;1;12;56;1;6755;3;1;40;;;30;775;31;6
PALIA;2013;250000114;900000365;0;;;;;1;1;10;179;1;1140;3;1;15;;13;2;653;85;39
PALIA;2013;250000270;250000643;1;3;;;;0;;;;0;;;;;;;;;;
PALIA;2013;250000627;250000221;1;2;0;0;;0;;;;0;;;;;;;;;;
PALIA;2013;250000700;250000452;1;2;0;0;24;1;1;2;20;1;2764;8;5;390;389;1;0;300;31;34
PALIA;2013;250004009;900000365;1;6;2;;220;0;;;;0;;;;;;;;;;
PALIA;2013;250006954;250000015;1;8;0;0;170;1;1;15;360;1;1934;10;3;114;21;79;14;1;115;203
PALIA;2013;260000013;260000021;1;5;0;0;102;1;1;10;299;1;7344;13;9;292;106;58;128;616;68;23
PALIA;2013;260000120;260016910;1;8;8;;215;0;;;;1;574;7;4;31;11;16;1;374;;
PALIA;2013;260000138;260000047;1;3;;;9;0;;;;1;621;2;7;132;50;31;43;213;159;10
PALIA;2013;260000146;260000054;0;;;;;1;1;5;119;1;57;21;5;754;48;138;568;191;14;25
PALIA;2013;260003017;260000781;1;3;;;34;0;;;;0;;;;;;;;;;
PALIA;2013;260006267;070000245;1;4;;;141;0;;;;0;;;;;;;;;;
PALIA;2013;270000045;270000060;1;2;0;0;20;0;;;;0;;;;;;;;;;
PALIA;2013;270000326;270000680;1;2;;;;0;;;;0;;;;;;;;;;
PALIA;2013;270000359;270023724;1;7;0;0;;0;;;;1;1902;1;1;10;10;0;0;344;300;
PALIA;2013;270000367;270000086;1;1;;;4;0;;;;0;;;;;;;;;;
PALIA;2013;270000425;270000102;1;2;0;0;126;0;;;;0;;;;;;;;;;
PALIA;2013;270000458;270023724;1;4;0;0;;0;;;;1;492;1;1;2;0;2;0;102;51;47
PALIA;2013;280000084;280000183;1;13;0;0;73;0;;;;1;1577;2;0;19;15;4;0;486;133;10
PALIA;2013;280000100;280000225;1;2;0;0;31;0;;;;0;;;;;;;;;;
PALIA;2013;280000662;280500075;1;6;0;0;73;0;;;;0;;;;;;;;;;
PALIA;2013;280502998;280000589;1;6;0;;62;0;;;;0;;;;;;;;;;
PALIA;2013;280504267;280000134;1;19;0;0;134;0;;;;1;702;1;0;0;0;0;0;271;156;28
PALIA;2013;290000025;290020700;1;9;0;0;113;0;;;;1;600;13;8;84;51;22;4;238;24;28
PALIA;2013;290000033;290021542;1;9;0;0;58;0;;;;1;764;10;3;108;49;25;34;288;200;156
PALIA;2013;290000058;290000017;1;3;0;1;159;0;;;;0;;;;;;;;;;
PALIA;2013;290000066;290020700;1;3;0;0;28;0;;;;1;77;;;;;;;;;
PALIA;2013;290000140;290000447;0;;;;;1;1;11;187;0;;;;;;;;;;
PALIA;2013;290000173;290000041;1;5;0;0;110;0;;;;0;;;;;;;;;;
PALIA;2013;290000181;290000074;1;4;0;0;25;1;1;10;255;0;;;;;;;;;;
PALIA;2013;290000256;290000017;1;6;0;0;122;0;;;;0;;;;;;;;;;
PALIA;2013;290000272;290000090;1;4;2;;28;0;;;;0;;;;;;;;;;
PALIA;2013;290000322;290000108;1;3;0;0;51;0;;;;0;;;;;;;;;;
PALIA;2013;290000389;290000116;1;3;0;0;30;0;;;;0;;;;;;;;;;
PALIA;2013;290000728;750821092;1;6;0;0;44;0;;;;1;89;;;0;;;;63;;
PALIA;2013;290000934;290000306;1;3;0;0;57;0;;;;0;;;;;;;;;;
PALIA;2013;290000975;290000546;1;2;2;0;23;0;;;;0;;;;;;;;;;
PALIA;2013;290001015;290000751;1;3;0;;21;0;;;;0;;;;;;;;;;
PALIA;2013;290004324;290000017;1;4;0;0;99;0;;;;0;;;;;;;;;;
PALIA;2013;290004365;290000017;0;;;;;1;2;10;172;1;608;18;0;28;1;27;0;282;47;9
PALIA;2013;290023431;290001049;1;3;0;0;33;0;;;;0;;;;;;;;;;
PALIA;2013;2A0000022;2A0000014;1;9;4;0;0;1;1;6;247;1;447;6;7;174;36;25;100;322;10;24
PALIA;2013;2A0000139;2A0000063;1;6;;;;0;;;;0;;;;;;;;;;
PALIA;2013;2A0000287;2A0000386;1;8;0;0;152;0;;;;0;;;;;;;;;;
PALIA;2013;2A0002614;2A0002606;1;2;2;0;24;0;;;;1;23;3;3;251;106;24;144;119;0;0
PALIA;2013;2B0000012;2B0000020;1;6;0;0;;0;;;;1;999;9;2;1022;846;164;12;386;0;1026
PALIA;2013;2B0000145;2B0000053;1;6;;;321;0;;;;1;842;9;2;1179;1003;164;12;386;100;1026
PALIA;2013;300000023;300780046;1;4;;;87;0;;;;1;1081;23;4;714;247;129;338;436;62;86
PALIA;2013;300000031;300780053;1;6;0;0;183;0;;;;1;1268;9;4;643;366;77;200;277;54;119
PALIA;2013;300000056;300780079;1;6;2;;56;0;;;;0;;;;;;;;;;
PALIA;2013;300000064;300780087;1;6;2;;86;0;;;;0;;;;;;;;;;
PALIA;2013;300000072;300780095;1;3;0;0;;0;;;;1;333;7;4;37;8;29;0;13;24;32
PALIA;2013;300000478;300781010;1;2;;;30;0;;;;0;;;;;;;;;;
PALIA;2013;300002169;780020715;1;3;3;;;0;;;;0;;;;;;;;;;
PALIA;2013;300780137;920028396;1;4;0;0;27;0;;;;0;;;;;;;;;;
PALIA;2013;300780152;300000114;1;4;0;0;54;0;;;;0;;;;;;;;;;
PALIA;2013;300780285;300000726;1;6;;;246;0;;;;0;;;;;;;;;;
PALIA;2013;300782117;300780038;1;9;;;118;1;1;10;248;1;6756;1;;;;;;385;51;117
PALIA;2013;310000310;310780671;1;2;0;0;110;0;;;;1;80;;;;;;;;;
PALIA;2013;310013628;310786256;1;2;2;;38;0;;;;0;;;;;;;;;;
PALIA;2013;310016977;310781406;1;1;;;56;0;;;;1;92;;10;14;4;;10;48;15;90
PALIA;2013;310019351;310781406;1;5;;;207;0;;;;0;;;;;;;;;;
PALIA;2013;310780259;310000096;1;14;0;0;312;0;;;;1;266;0;0;216;0;0;216;266;0;45
PALIA;2013;310780283;310000112;1;4;;;170;0;;;37;1;220;;;;;;;;;
PALIA;2013;310780309;310000120;1;2;;;10;0;;;;0;;;;;;;;;;
PALIA;2013;310780366;310000153;1;14;5;;148;0;;;;0;;;;;;;;;;
PALIA;2013;310780374;310000161;1;4;4;;;1;1;0;12;0;;;;;;;;;;
PALIA;2013;310781000;310788880;1;6;;;203;0;;;;0;;;;;;;;;;
PALIA;2013;310781067;310788898;1;2;0;0;31;1;1;10;183;1;83;;0;;;;;51;90;210
PALIA;2013;310781695;750043994;1;11;;;179;0;;;;1;124;;6;87;87;;;113;;1
PALIA;2013;310782347;310789136;1;12;0;0;233;0;;;;1;1580;0;0;0;;;;538;220;1240
PALIA;2013;310783048;310781406;1;6;;;231;0;;;;0;;;;;;;;;;
PALIA;2013;310783055;310781406;1;8;;;314;0;;;;0;;;;;;;;;;
PALIA;2013;310787304;310781406;1;3;;;98;1;1;10;202;1;2147;0;0;0;0;0;0;966;178;286
PALIA;2013;310792635;310002191;1;4;4;;61;0;;;;0;;;;;;;;;;
PALIA;2013;320000086;320780117;1;8;4;;118;0;;;;1;1377;10;10;125;86;0;39;349;185;185
PALIA;2013;320000102;320780133;1;4;1;0;1411;0;;;;0;;;;;;;;;;
PALIA;2013;320000110;320004310;1;5;3;;76;0;;;;0;;;;;;;;;;
PALIA;2013;320000128;320780158;1;5;3;;;0;;;;0;;;;;;;;;;
PALIA;2013;320000144;320780174;1;2;0;0;85;0;;;;0;;;;;;;;;;
PALIA;2013;320000151;320780182;1;2;1;0;36;0;;;;0;;;;;;;;;;
PALIA;2013;320000169;320780190;1;2;2;;;0;;;;0;;;;;;;;;;
PALIA;2013;320000185;320780216;1;2;2;;42;0;;;;0;;;;;;;;;;
PALIA;2013;330000217;330780347;0;;;;;1;1;12;233;1;28;0;14;508;508;0;0;367;15;83
PALIA;2013;330000340;330780552;1;4;;;84;0;;;;1;648;25;2;385;45;315;25;231;26;36
PALIA;2013;330000555;330781204;0;;;;;0;;;;1;2749;3;2;616;78;136;402;229;5;9
PALIA;2013;330000571;330781220;1;3;0;0;48;0;;;;0;;;;;;;;;;
PALIA;2013;330000589;330027509;1;5;0;0;141;0;;;;1;247;;;;;;;123;;
PALIA;2013;330000597;330027509;1;5;0;0;114;0;;;;0;;;;;;;;;;
PALIA;2013;330000605;330781253;1;3;3;0;39;0;;;;1;1556;33;12;32;0;20;12;303;118;24
PALIA;2013;330000662;330781329;1;9;0;0;196;0;;;;1;1937;;;245;;245;;;;
PALIA;2013;330780081;330000043;0;;;;;0;;;;1;44;;;44;;;;44;;
PALIA;2013;330780115;330000076;1;6;0;0;168;0;;;;0;;;;;;;;;;
PALIA;2013;330780263;330000134;1;11;6;0;112;0;;;;0;;;;;;;;;;
PALIA;2013;330780479;330000274;1;5;0;0;;0;;;;0;;;;;;;;;;
PALIA;2013;330780537;330000324;0;;;;;0;;;;1;514;1;1;26;2;6;18;103;24;2
PALIA;2013;330780743;330056540;1;4;4;;93;0;;;;0;;;;;;;;;;
PALIA;2013;330781303;750821092;1;6;0;0;90;0;;;;0;;;;;;;;;;
PALIA;2013;330781337;330781196;1;3;0;0;80;0;;;;0;;;;;;;;;;
PALIA;2013;330781352;330781196;1;12;0;0;364;1;1;11;210;1;7788;0;0;0;;;;;120;550
PALIA;2013;330781360;330781196;1;4;;2;51;0;;;;0;;;;;;;;;;
PALIA;2013;330783648;330781196;1;5;0;0;250;0;;;;0;;;;;;;;;;
PALIA;2013;340000025;340780048;1;3;3;3;18;0;;;;0;;;;;;;;;;
PALIA;2013;340000033;340780055;1;8;3;;634;0;;;;1;2388;8;;80;33;;47;410;311;
PALIA;2013;340000173;340780451;1;3;;;33;0;;;;0;;;;;;;;;;
PALIA;2013;340000207;340780493;1;12;0;0;321;0;;;;1;6022;0;0;0;0;0;0;488;316;0
PALIA;2013;340000223;340011295;1;8;3;;189;0;;;;1;5806;9;1;248;110;138;150;726;1159;107
PALIA;2013;340000231;340780535;1;6;3;;1102;0;;;;0;;;;;;;;;;
PALIA;2013;340000249;340780543;1;3;0;0;26;0;;;;0;;;;;;;;;;
PALIA;2013;340008275;340780477;1;6;3;;721;0;;;;0;;;;;;;;;;
PALIA;2013;340009018;340008978;1;3;3;;43;0;;;;0;;;;;;;;;;
PALIA;2013;340009885;340009877;1;8;0;0;159;0;;;;0;;;;;;;;;;
PALIA;2013;340015965;340000074;1;3;0;0;248;0;;;;0;;;;;;;;;;
PALIA;2013;340780436;340011295;1;2;;;33;0;;;;0;;;;;;;;;;
PALIA;2013;340780444;340009893;1;3;;;38;0;;;;0;;;;;;;;;;
PALIA;2013;340780667;340000280;1;6;0;0;59;0;;;;0;;;;;;;;;;
PALIA;2013;340780675;340000298;1;8;;;223;0;;;;0;;;;;;;;;;
PALIA;2013;340780683;340000306;1;5;;;4;0;;;;0;;;;;;;;;;
PALIA;2013;340781608;340015171;0;;;;;1;1;12;124;1;98;41;12;241;23;218;0;158;49;80
PALIA;2013;340782036;340780477;1;12;6;;1713;1;1;6;115;1;2707;1;0;0;;;;506;1969;0
PALIA;2013;350000063;220020739;0;;;;;1;1;10;111;0;;;;;;;;;;
PALIA;2013;350000071;750000218;1;5;5;0;36;0;;;;0;;;;;;;;;;
PALIA;2013;350000147;350000022;0;;;;;1;1;13;225;1;446;25;23;241;12;44;176;176;272;108
PALIA;2013;350000154;350000030;1;3;0;0;47;1;1;5;70;1;672;20;2;792;209;247;336;316;38;46
PALIA;2013;350000162;350000048;0;;;;;0;;;;1;1217;16;2;607;129;221;257;216;115;33
PALIA;2013;350000204;350023248;1;2;0;0;36;0;;;;0;;;;;;;;;;
PALIA;2013;350000410;350002291;1;3;0;0;27;0;;;;0;;;;;;;;;;
PALIA;2013;350000436;350002317;1;3;3;;;0;;;;0;;;;;;;;;;
PALIA;2013;350000444;350048518;1;2;;;21;0;;;;0;;;;;;;;;;
PALIA;2013;350000741;350005179;1;10;0;0;;0;;;;1;443;5;5;60;22;27;11;310;699;757
PALIA;2013;350002192;220020739;1;9;4;0;148;1;1;6;86;0;;;;;;;;;;
PALIA;2013;350002812;350023503;0;;;;;1;1;8;234;0;;;;;;;;;;
PALIA;2013;350005021;440042844;1;3;3;0;13;1;1;6;92;1;240;48;4;303;33;159;111;237;49;175
PALIA;2013;350005146;350000733;1;4;0;0;71;0;;;;0;;;;;;;;;;
PALIA;2013;350016135;350000055;1;3;3;;61;0;;;;0;;;;;;;;;;
PALIA;2013;360000038;360000046;1;4;0;0;32;0;;;;0;;;;;;;;;;
PALIA;2013;360000137;360000053;1;20;5;0;189;0;;;;1;2947;;;;;;;310;424;
PALIA;2013;360000145;360000061;1;2;0;0;56;0;;;;0;;;;;;;;;;
PALIA;2013;360000160;360000079;1;4;2;0;73;0;;;;0;;;;;;;;;;
PALIA;2013;360003149;360000053;1;;;;;0;;;;0;;;;;;;;;;
PALIA;2013;370000093;370000192;1;9;;;141;0;;;;0;;;;;;;;;;
PALIA;2013;370000515;370000481;0;;;;;0;;;;1;1;;;;;;;;;
PALIA;2013;370000531;370000606;1;4;4;0;;0;;;;1;1864;1;;27;15;12;0;212;0;0
PALIA;2013;370000861;370000481;1;14;0;0;198;0;;;;1;508;;;;;;;3987;89;24
PALIA;2013;370001109;370002701;0;;;;;1;1;10;207;0;;;;;;;;;;
PALIA;2013;370004467;370000481;1;4;0;0;94;0;;;;1;97;;;;;;;;;
PALIA;2013;370007569;370007528;1;18;0;0;421;0;;;;1;155;0;2;0;0;0;0;493;10;5
PALIA;2013;380000034;380780049;1;5;;;424;0;;;;1;3472;;;;;;;276;;
PALIA;2013;380000042;380780056;1;3;;;;0;;;;0;;;;;;;;;;
PALIA;2013;380000059;380780072;1;3;;;26;0;;;;0;;;;;;;;;;
PALIA;2013;380000067;380780080;1;16;;;525;1;1;10;270;1;7126;;;;;;;715;138;175
PALIA;2013;380000091;380780171;1;3;0;0;41;0;;;;0;;;;;;;;;;
PALIA;2013;380000174;380781435;1;16;8;0;128;0;;;;1;4001;13;5;58;20;38;0;401;162;124
PALIA;2013;380000406;380784751;1;3;0;0;35;0;;;;1;2334;10;18;769;;;;190;;
PALIA;2013;380012658;380012609;1;11;0;0;54;0;;;;1;2592;0;0;0;;;;259;20;19
PALIA;2013;380780379;380798249;1;5;5;;42;0;;;;0;;;;;;;;;;
PALIA;2013;380785956;380795211;1;3;0;0;64;0;;;;0;;;;;;;;;;
PALIA;2013;390000040;390780146;1;3;0;0;49;0;;;379;1;1893;6;5;25;5;14;6;398;14;14
PALIA;2013;390000065;390780161;1;3;0;0;67;0;;;;1;689;1;0;2;0;2;0;75;67;14
PALIA;2013;390000131;390780377;1;2;2;;13;0;;;;0;;;;;;;;;;
PALIA;2013;390000214;390780591;0;;;;;0;;;;1;249;2;0;22;0;20;2;91;21;0
PALIA;2013;390000222;390780609;1;3;1;0;87;0;;;;1;5310;13;3;57;20;25;12;356;70;70
PALIA;2013;400000105;400780193;1;5;;;178;0;;;;1;4585;23;9;399;176;198;25;385;77;108
PALIA;2013;400000139;400011177;1;5;0;0;114;0;;;;1;4578;13;16;37;1;24;12;379;5;75
PALIA;2013;400000147;400780268;1;3;0;0;60;0;;;;0;;;;;;;;;;
PALIA;2013;400000261;400780458;1;2;2;0;27;0;;;;0;;;;;;;;;;
PALIA;2013;410000020;410000087;1;12;6;0;173;0;;;;1;4327;26;8;598;134;118;346;787;39;112
PALIA;2013;410000038;410000095;1;9;0;0;152;0;;;;1;388;0;0;0;0;0;0;117;26;0
PALIA;2013;410000046;410000103;1;6;2;0;46;0;;;;0;;;;;;;;;;
PALIA;2013;410000053;410000111;1;2;1;;715;0;;;;0;;;;;;;;;;
PALIA;2013;410000178;410000137;1;5;5;0;43;0;;;;0;;;;;;;;;;
PALIA;2013;410000202;410000319;1;12;;;199;0;;;7324;0;;;;;;;;;;
PALIA;2013;420000010;420780033;1;5;;;48;0;;;;1;1811;22;3;870;105;249;516;441;90;45
PALIA;2013;420000226;420013831;1;3;0;0;152;0;;;;0;;;;;;;;;;
PALIA;2013;420000234;420780652;0;;;;;0;;;;1;3410;17;1;5745;5577;168;0;502;209;1502
PALIA;2013;420000242;420780660;1;8;8;;97;0;;;;0;;;;;;;;;;
PALIA;2013;420000267;420013831;1;4;0;0;107;0;;;;1;2858;19;3;9035;6652;2591;789;547;57;195
PALIA;2013;420010241;420013492;1;6;;;128;0;;;;0;;;;;;;;;;
PALIA;2013;420780546;420000168;1;4;0;0;9;0;;;;0;;;;;;;;;;
PALIA;2013;420780637;420002495;1;3;0;0;32;0;;;;1;2538;;;;;;;141;;
PALIA;2013;420782559;420784878;0;;;;;1;1;8;226;1;323;33;4;114;23;56;4;944;840;660
PALIA;2013;420782567;420784878;1;3;0;0;72;0;;;;0;;;;;;;;;;
PALIA;2013;420785354;420784878;1;9;0;0;371;0;;;;0;;;;;;;;;;
PALIA;2013;430000117;430000018;1;9;2;0;104;0;;;;1;2667;2;6;;;;;330;313;324
PALIA;2013;430000190;430000034;1;1;0;0;31;0;;;;0;;;;;;;;;;
PALIA;2013;430000307;430000067;1;2;2;0;15;0;;;;1;33;1;1;18;4;14;0;33;28;0
PALIA;2013;430000356;430000091;1;2;0;0;28;0;;;;0;;;;;;;;;;
PALIA;2013;440000016;440000057;1;9;;;;0;;;;1;318;35;6;84;45;37;2;578;87;112
PALIA;2013;440000271;440000289;1;;;;261;1;1;8;211;1;;;;;;;;;;
PALIA;2013;440000396;440000297;1;5;0;0;102;0;;;;1;362;26;0;153;;153;;172;84;27
PALIA;2013;440000503;440000313;1;4;2;;122;0;;;;1;1038;14;5;299;184;111;4;295;120;7
PALIA;2013;440000560;850009010;1;10;7;0;152;0;;;;1;321;15;4;51;24;11;16;232;104;100
PALIA;2013;440000883;440042141;1;10;8;0;87;0;;;;0;;;;;;;;;;
PALIA;2013;440001113;490017258;1;12;;;121;0;;;;0;;;;;;;;;;
PALIA;2013;440001253;440028538;1;6;0;0;17;0;;;;0;;;;;;;;;;
PALIA;2013;440001261;440028538;1;0;;;59;0;;;;0;;;;;;;;;;
PALIA;2013;440001287;440041531;1;6;0;0;113;0;;;;0;;;;;;;;;;
PALIA;2013;440002459;440001501;1;6;;;66;0;;;;1;5;;1;;;;;;546;
PALIA;2013;440017598;440000289;1;4;;;;0;;;;0;;;;;;;;;;
PALIA;2013;440023364;440006377;1;16;0;0;362;0;;;;0;;;;;;;;;;
PALIA;2013;440024669;440042844;1;10;10;;105;0;;;;0;;;;;;;;;;
PALIA;2013;440024982;440000461;1;4;;;129;0;;;;0;;;;;;;;;;
PALIA;2013;440048239;440041895;1;4;;;85;0;;;;0;;;;;;;;;;
PALIA;2013;440050433;440041895;1;16;12;0;170;0;;;;0;;;;;;;;;;
PALIA;2013;450000021;450000088;1;0;0;0;64;0;;;;0;;;;;;;;;;
PALIA;2013;450000062;450000104;1;10;4;0;93;0;;;;1;1676;15;1;41;0;41;0;318;60;0
PALIA;2013;450000070;450000112;1;5;3;;50;0;;;;0;;;;;;;;;;
PALIA;2013;450002613;450000088;1;37;6;0;273;0;;;;1;2834;0;3;0;;;;735;558;45
PALIA;2013;460000045;460780083;1;2;0;0;37;0;;;;0;;;;;;;;;;
PALIA;2013;460000052;460780091;1;4;2;;86;0;;;;1;1205;2;2;160;73;4;83;220;60;41
PALIA;2013;460000102;460780208;1;5;3;0;88;0;;;;0;;;;;;;;;;
PALIA;2013;460000110;460780216;1;8;0;0;185;0;;;;1;1886;0;0;0;0;0;0;166;543;0
PALIA;2013;460006075;460006067;1;2;;;52;0;;;;0;;;;;;;;;;
PALIA;2013;470000027;470014069;1;5;0;0;86;0;;;;0;;;;;;;;;;
PALIA;2013;470000431;470000324;1;5;;;83;0;;;;1;986;6;4;172;48;9;106;233;76;3
PALIA;2013;470000480;470001660;0;;;;;0;;;;1;109;2;1;12;4;4;4;121;3;5
PALIA;2013;470005406;470000316;1;5;0;0;158;0;;;;1;851;10;4;767;131;34;602;195;34;0
PALIA;2013;480000017;480780097;1;5;;;158;0;;;;1;996;18;19;239;213;26;;226;195;27
PALIA;2013;480000041;480780139;1;2;;;;0;;;;0;;;;;;;;;;
PALIA;2013;490000049;490000031;1;8;0;0;111;1;1;5;205;1;181;45;14;61;20;40;1;383;192;576
PALIA;2013;490000155;490017258;1;14;;;231;0;;;;0;;;;;;;;;;
PALIA;2013;490000239;490015765;1;2;2;;20;0;;;;0;;;;;;;;;;
PALIA;2013;490000254;490015765;1;3;1;;28;0;;;;0;;;;;;;;;;
PALIA;2013;490000262;490000171;1;3;;;49;0;;;;0;;;;;;;;;;
PALIA;2013;490000320;490000395;1;2;;;39;0;;;;0;;;;;;;;;;
PALIA;2013;490000494;490000429;1;2;0;0;30;0;;;;0;;;;;;;;;;
PALIA;2013;490000569;490000437;1;4;4;0;26;0;;;;0;;;;;;;;;;
PALIA;2013;490000601;490015856;1;3;3;0;67;0;;;;1;26;16;5;150;;150;;236;0;59
PALIA;2013;490000635;490000676;1;10;0;0;130;0;;;;1;1881;26;5;88;27;19;42;299;56;68
PALIA;2013;490001765;490528452;1;7;4;0;188;0;;;;1;401;;;;;;;173;16;20
PALIA;2013;490004256;490001716;1;2;0;0;33;0;;;;0;;;;;;;;;;
PALIA;2013;490009248;490535168;1;6;6;0;132;0;;;;0;;;;;;;;;;
PALIA;2013;490532173;530000025;1;2;2;0;29;0;;;;0;;;;;;;;;;
PALIA;2013;490537818;490011384;0;;;;;0;;;;1;4;0;1;0;0;0;0;0;0;0
PALIA;2013;500000021;500000054;0;;;;;0;;;;1;1719;1;1;120;115;9;;376;;
PALIA;2013;500000146;500000500;1;7;0;0;129;0;;;;0;;;;;;;;;;
PALIA;2013;500000187;500000013;1;8;0;0;;0;;;;1;3329;22;5;3191;;655;2536;991;125;72
PALIA;2013;500000195;500000039;1;3;;;67;0;;;;0;;;;;;;;;;
PALIA;2013;500000302;500000062;1;3;;;23;0;;;;0;;;;;;;;;;
PALIA;2013;500000435;500000104;1;5;0;0;71;0;;;;0;;;;;;;;;;
PALIA;2013;500000450;500000112;1;5;0;0;68;0;;;;1;3829;1;;1;;1;;187;68;
PALIA;2013;500000476;500000138;1;4;;;54;0;;;39;0;;;;;;;;;;
PALIA;2013;500000591;500000393;0;;;;;0;;;;1;1381;1;1;157;0;125;32;;;
PALIA;2013;510000169;510000037;1;5;0;0;31;0;;;;1;11238;9;4;2440;35;780;519;1300;102;155
PALIA;2013;510000185;510000532;1;5;;;220;0;;;;0;;;;;;;;;;
PALIA;2013;510000235;510000060;1;5;;;60;0;;;;0;;;;;;;;;;
PALIA;2013;510000250;510000078;1;6;0;0;52;0;;;;0;;;;;;;;;;
PALIA;2013;510000466;510000102;1;2;0;0;17;0;;;;0;;;;;;;;;;
PALIA;2013;510000516;510000136;1;10;;;247;0;;;;1;5764;1;2;462;458;0;4;691;92;103
PALIA;2013;510002447;510000029;1;13;0;0;314;0;;;;0;;;;;;;;;;
PALIA;2013;510002454;510000029;0;;;;;1;1;14;261;1;1082;16;6;816;275;205;336;419;36;38
PALIA;2013;510002470;510000029;1;2;0;2;61;0;;;;1;57;;0;16;0;7;9;18;8;6
PALIA;2013;510004302;510000029;1;12;0;0;262;0;;;;0;;;;;;;;;;
PALIA;2013;510012040;510000557;1;5;;;71;0;;;;0;;;;;;;;;;
PALIA;2013;520000043;520780057;1;5;0;0;180;0;;;;1;2529;8;4;397;98;260;39;201;84;73
PALIA;2013;520000068;520780073;1;6;;;83;0;;;;1;6828;8;7;183;4;28;151;519;45;12
PALIA;2013;530000017;530000025;1;4;4;0;48;0;;;;1;441;17;1;550;403;85;62;406;4610;1359
PALIA;2013;530000132;530007202;1;3;;;26;0;;;;1;116;6;1;;;;;;;
PALIA;2013;530000140;530000058;1;5;0;0;75;0;;;;0;;;;;;;;;;
PALIA;2013;530000165;530000066;1;4;1;;50;0;;;;0;;;;;;;;;;
PALIA;2013;530000173;530000074;1;3;0;0;62;0;;;;1;1180;22;8;593;48;171;374;206;107;24
PALIA;2013;530000181;530007202;1;2;;;57;0;;;;1;65;6;1;61;;52;9;162;14;6
PALIA;2013;530000264;530000371;1;3;0;0;51;0;;;;1;1502;18;3;128;40;42;46;369;1344;413
PALIA;2013;540000023;540000049;0;;;;;0;;;;1;2018;6;0;1274;;;;150;22;7
PALIA;2013;540000072;540014081;1;6;;;65;0;;;;0;;;;;;;;;;
PALIA;2013;540000155;540000080;0;;;;;0;;;;1;230;3;4;71;52;19;;120;21;0
PALIA;2013;540000270;540003399;1;5;5;;48;0;;;;1;1903;2;2;1690;213;325;1152;106;0;0
PALIA;2013;540000296;540000106;1;5;;;63;0;;;;0;;;;;;;;;;
PALIA;2013;540000395;540000122;1;6;6;;42;0;;;;0;;;;;;;;;;
PALIA;2013;540000486;540000932;1;8;0;0;450;0;;;;0;;;;;;;;;;
PALIA;2013;540000585;540006707;1;13;13;;113;0;;;;0;;;;;;;;;;
PALIA;2013;540001096;570010181;1;7;;;97;0;;;;1;800;2;1;21;0;0;21;157;;
PALIA;2013;540001104;540000882;1;8;4;;43;0;;;;1;322;3;2;180;6;174;0;199;38;0
PALIA;2013;540001138;540002078;0;;;;;1;1;15;245;1;1169;12;3;66;26;40;;415;5368;0
PALIA;2013;540001286;540003019;1;12;;;219;0;;;;1;2174;0;0;0;;;;284;25;36
PALIA;2013;540002698;540002078;1;11;;1;420;0;;;;0;;;;;;;;;;
PALIA;2013;550000012;550000020;1;8;2;0;63;0;;;;1;2792;7;1;119;19;23;77;334;96;40
PALIA;2013;550000038;550000046;1;3;0;0;55;0;;;;0;;;;;;;;;;
PALIA;2013;550000434;550003354;1;8;3;;116;0;;;;1;1096;3;5;342;326;16;25;476;91;168
PALIA;2013;560000127;560023210;1;7;0;0;163;0;;;;1;816;10;2;62;2;35;25;297;112;62
PALIA;2013;560000135;560005746;1;12;;;300;0;;;;1;1635;26;6;127;28;71;28;418;105;70
PALIA;2013;560000143;560014748;0;;;;;0;;;;1;1233;;;0;;;;;;
PALIA;2013;560000184;560006017;0;;;;;1;2;8;116;0;;;;;;;;;;
PALIA;2013;560000291;560000085;1;2;;;594;0;;;;0;;;;;;;;;;
PALIA;2013;560000366;560000259;1;6;0;0;90;0;;;;0;;;;;;;;;;
PALIA;2013;560008799;560013989;1;20;0;0;;0;;;;0;;;;;;;;;;
PALIA;2013;560015422;560002214;1;4;4;;49;0;;;;0;;;;;;;;;;
PALIA;2013;570000026;570024794;1;7;5;;0;0;;;;0;;;;;;;;;;
PALIA;2013;570000091;750050759;1;3;0;0;122;0;;;;0;;;;;;;;;;
PALIA;2013;570000109;570000034;1;2;2;;;0;;;;0;;;;;;;;;;
PALIA;2013;570000117;570015099;0;;;;;0;;;;1;1409;6;2;324;44;145;135;;10;3
PALIA;2013;570000125;570015099;1;5;0;0;79;0;;;;0;;;;;;;;;;
PALIA;2013;570000216;570010173;1;2;2;0;27;0;;;;0;;;;;;;;;;
PALIA;2013;570000281;570005165;1;2;0;0;12;1;1;10;164;1;2217;26;38;426;30;196;81;818;68;378
PALIA;2013;570000349;570005165;1;8;0;0;127;0;;;;0;;;;;;;;;;
PALIA;2013;570000448;750050759;1;10;10;;30;0;;;;0;;;;;;;;;;
PALIA;2013;570000455;570010173;1;3;;;35;0;;;;0;;;;;;;;;;
PALIA;2013;570000547;540019726;1;10;10;;89;0;;;;0;;;;;;;;;;
PALIA;2013;570000596;750821092;1;5;0;0;56;0;;;;0;;;;;;;;;;
PALIA;2013;570000901;570000158;1;3;0;0;;0;;;;1;386;;;0;;;;182;48;5
PALIA;2013;570000950;570000398;1;6;2;;13;0;;;;0;;;;;;;;;;
PALIA;2013;570000968;570000430;1;3;1;;22;0;;;;0;;;;;;;;;;
PALIA;2013;570001057;570023630;0;;;;;0;;;;1;1481;17;1;42;7;28;34;443;7;36
PALIA;2013;570003079;570010181;1;2;;;75;0;;;;0;;;;;;;;;;
PALIA;2013;570005256;570005165;1;1;0;0;10;0;;;;0;;;;;;;;;;
PALIA;2013;570009670;570000307;1;12;4;0;73;0;;;;0;;;;;;;;;;
PALIA;2013;570026682;570005165;1;21;0;0;178;1;1;10;177;0;;;;;;;;;;
PALIA;2013;580780138;580000024;1;3;;;50;0;;;;0;;;;;;;;;;
PALIA;2013;580972677;580780088;1;2;;;39;0;;;;0;;;;;;;;;;
PALIA;2013;580972685;580780096;1;2;;;;0;;;;1;1552;2;;9;;9;;199;42;21
PALIA;2013;580972693;580780039;1;8;;;127;1;1;12;335;1;6782;3;4;57;17;22;18;746;55;16
PALIA;2013;590000113;590053120;0;;;;;1;2;10;;1;119;16;0;111;0;111;0;79;3;90
PALIA;2013;590000121;590780227;1;6;3;0;25;0;;;;1;958;;;;;;;278;;
PALIA;2013;590000188;590780334;1;14;0;0;290;1;1;11;234;1;260;0;0;0;0;0;0;176;28;0
PALIA;2013;590000337;590781415;1;10;;;14;0;;;;1;1361;1;1;229;38;50;0;331;1230;1275
PALIA;2013;590000428;590781605;1;6;;;91;0;;;;1;3404;4;2;0;;;;264;7;0
PALIA;2013;590000477;590781670;1;5;2;;50;0;;;;0;;;;;;;;;;
PALIA;2013;590000527;590781795;0;;;;;1;2;10;149;1;54;5;7;292;234;5;53;149;56;0
PALIA;2013;590000535;590781803;1;7;;;10;0;;;;0;;;;;;;;;;
PALIA;2013;590000592;590782165;1;6;3;0;123;0;;;;1;2793;4;2;88;0;10;78;127;72;18
PALIA;2013;590000618;590782215;1;12;2;0;254;1;1;10;316;1;4848;12;5;275;63;107;105;717;170;166
PALIA;2013;590000691;590782439;1;2;0;0;;0;;;;0;;;;;;;;;;
PALIA;2013;590000758;590782637;1;5;2;0;92;0;;;;0;;;;;;;;;;
PALIA;2013;590000774;590782652;1;4;2;0;1171;0;;;;0;;;;;;;;;;
PALIA;2013;590001004;590783239;0;;;;;1;1;10;218;1;391;1;1;7;0;7;0;147;0;0
PALIA;2013;590001582;590785663;1;5;5;0;33;0;;;;1;350;12;0;772;0;772;0;90;20;28
PALIA;2013;590001749;590788956;1;2;;;59;0;;;;0;;;;;;;;;;
PALIA;2013;590008041;590008033;0;;;;;1;1;8;231;0;;;;;;;;;;
PALIA;2013;590046520;590046512;1;4;;;7;0;;;;1;290;;;;;;;34;;
PALIA;2013;590049565;780020715;0;;;;;1;1;20;271;1;0;41;20;1256;312;869;75;333;2;73
PALIA;2013;590780268;590053955;0;;;;;1;1;8;151;0;;;;;;;;;;
PALIA;2013;590780284;590051801;1;10;6;;;0;;;;1;742;;;;;;;310;;
PALIA;2013;590782298;590000675;1;2;2;;27;0;;;;0;;;;;;;;;;
PALIA;2013;590782496;590000139;1;4;0;0;59;0;;;;0;;;;;;;;;;
PALIA;2013;590782546;590000733;1;5;;;131;0;;;;0;;;;;;;;;;
PALIA;2013;590783189;590004552;0;;;;;1;2;10;;0;;;;;;;;;;
PALIA;2013;590784864;590780193;1;4;;;;1;1;10;234;1;115;;;907;;;;727;;
PALIA;2013;590791091;590780193;0;;;;;1;2;5;;0;;;;;;;;;;
PALIA;2013;590796975;590780193;1;2;;;;0;;;;0;;;;;;;;;;
PALIA;2013;590797353;590051801;1;3;;;;1;1;12;285;1;687;;;;;;;370;;
PALIA;2013;590801106;590782421;1;10;0;0;1;1;1;12;252;1;2096;3;0;0;0;0;0;782;;194
PALIA;2013;590804696;590781902;0;;;;;1;1;10;276;1;7000;4;1;1939;984;955;0;589;61;11
PALIA;2013;590811279;590780193;1;11;;;;0;;;;0;;;;;;;;;;
PALIA;2013;600000020;600100085;1;6;4;0;38;0;;;;0;;;;;;;;;;
PALIA;2013;600000046;600100127;1;3;3;0;13;0;;;;0;;;;;;;;;;
PALIA;2013;600000053;600101984;1;4;0;0;4;1;1;12;131;1;2771;0;0;0;0;0;0;161;0;0
PALIA;2013;600000152;600100572;1;2;0;0;36;0;;;;0;;;;;;;;;;
PALIA;2013;600000186;600100648;1;2;0;0;3;0;;;;0;;;;;;;;;;
PALIA;2013;600000194;600100713;1;10;0;0;283;1;1;10;179;1;10470;9;6;772;362;202;208;580;212;37
PALIA;2013;600000285;600100721;1;9;3;;93;1;1;8;34;0;;;;;;;;;;
PALIA;2013;600000467;600101984;1;6;0;0;37;0;;;;1;9022;0;12;152;4;7;141;366;12;45
PALIA;2013;600100101;750712184;0;;;;;0;;;;1;148;;;;;;;73;;
PALIA;2013;600100168;600106629;1;2;0;0;53;0;;;;0;;;;;;;;;;
PALIA;2013;600100275;600000111;1;7;7;0;65;0;;;;1;5;0;;0;0;0;0;;0;0
PALIA;2013;600100754;600000228;1;8;4;0;;0;;;;0;;;;;;;;;;
PALIA;2013;600113476;600100721;1;9;2;0;;0;;;;1;9790;21;3;1870;1184;181;505;729;39;78
PALIA;2013;610000044;610780074;1;2;0;0;61;0;;;;1;744;4;1;212;21;24;167;121;42;2
PALIA;2013;610000051;610780082;0;;;;;0;;;;1;2649;5;4;259;87;42;130;210;63;35
PALIA;2013;610000069;610780090;1;4;0;0;76;0;;;;1;1700;4;;137;;24;113;542;11;119
PALIA;2013;610000077;610780124;1;3;;;56;0;;;56;0;;;;;;;;;;
PALIA;2013;610000119;610780165;1;8;0;0;100;0;;;;1;685;12;2;294;225;29;40;360;52;22
PALIA;2013;620000034;620100057;1;9;;;73;0;;;;1;1638;3;1;925;596;329;;259;48;8
PALIA;2013;620000059;620100073;1;5;5;0;71;0;;;;1;3927;3;2;806;508;294;4;168;6;0
PALIA;2013;620000224;620100651;0;;;;;1;1;9;209;1;1305;29;13;399;79;144;176;575;0;34
PALIA;2013;620000240;620100677;1;6;0;;44;0;;;;0;;;;;;;;;;
PALIA;2013;620000257;620100685;0;;;;;1;1;10;315;1;3610;;;;;;;640;45;6
PALIA;2013;620000299;620101295;1;4;;;57;0;;;;0;;;;;;;;;;
PALIA;2013;620000323;620101337;1;6;0;0;220;0;;;;1;3332;9;0;40;5;35;0;799;56;50
PALIA;2013;620000349;620101360;1;15;8;;;0;;;;1;1635;;;;;;;;;
PALIA;2013;620000653;620103440;1;13;4;0;150;0;;;;1;5820;5;0;124;69;55;;461;0;0
PALIA;2013;620003202;620103432;1;4;0;0;13;0;;;;1;1542;0;3;5;5;0;0;366;21;17
PALIA;2013;620003350;620001834;1;10;3;0;206;0;;;;1;5244;6;2;201;156;45;;366;7;8
PALIA;2013;620003376;620001834;1;5;;;84;0;;;;1;1231;6;2;201;156;45;;366;7;8
PALIA;2013;620012948;620000265;0;;;;;1;2;10;158;0;;;;;;;;;;
PALIA;2013;620100099;620014779;0;;;;;1;1;10;260;0;;;;;;;;;;
PALIA;2013;620100487;620000125;0;;;;;1;2;10;210;0;;;;;;;;;;
PALIA;2013;620100750;620000273;1;2;0;0;10;0;;;;0;;;;;;;;;;
PALIA;2013;620101311;620027763;1;2;0;0;88;0;;;;0;;;;;;;;;;
PALIA;2013;620106088;620000976;1;3;3;;44;0;;;;0;;;;;;;;;;
PALIA;2013;620118513;620002915;0;;;;;1;1;10;258;0;;;;;;;;;;
PALIA;2013;630000016;630180032;1;1;0;0;42;0;;;38;0;;;;;;;;;;
PALIA;2013;630000404;630780989;1;8;0;0;100;0;;;;0;;;;;;;;;;
PALIA;2013;630000412;630780997;1;1;;;62;0;;;;1;1725;7;1;36;0;22;14;168;123;112
PALIA;2013;630000420;630781003;1;1;0;0;20;0;;;;1;287;1;0;3;0;3;0;63;30;0
PALIA;2013;630000438;630781011;1;4;;;;0;;;;0;;;;;;;;;;
PALIA;2013;630000446;630781029;1;2;2;;;0;;;;0;;;;;;;;;;
PALIA;2013;630000479;630781110;1;9;0;0;193;0;;;;0;;;;;;;;;;
PALIA;2013;630000560;630781367;1;2;0;0;29;0;;;;0;;;;;;;;;;
PALIA;2013;630780179;630011534;1;7;7;0;68;0;;;;0;;;;;;;;;;
PALIA;2013;630780211;630000107;1;5;0;0;135;0;;;;0;;;;;;;;;;
PALIA;2013;630781268;630780989;1;9;;1;238;0;;;;0;;;;;;;;;;
PALIA;2013;630781755;630011518;1;2;2;2;13;0;;;;0;;;;;;;;;;
PALIA;2013;630781839;630000826;1;4;;;20;0;;;;0;;;;;;;;;;
PALIA;2013;630783538;630780989;0;;;;;1;1;14;244;1;26;13;;243;;100;;;107;162
PALIA;2013;640000162;640780417;0;;;;;0;;;;1;2066;4;10;291;0;238;53;718;55;15
PALIA;2013;640000402;640780813;0;;;;;0;;;;1;2569;12;1;912;3;270;639;236;65;0
PALIA;2013;640000410;640780821;1;3;3;0;0;0;;;;0;;;;;;;;;;
PALIA;2013;640000600;640781290;1;7;0;0;174;0;;;;1;6166;0;0;36;0;0;36;448;100;120
PALIA;2013;640780433;640012209;1;2;0;0;48;0;;;;0;;;;;;;;;;
PALIA;2013;640780490;640000212;1;5;;;82;0;;;;0;;;;;;;;;;
PALIA;2013;640780623;640000287;1;10;10;0;146;1;1;10;218;0;;;;;;;;;;
PALIA;2013;640780714;750720427;1;5;5;;43;0;;;;0;;;;;;;;;;
PALIA;2013;640780748;640000360;1;;;;;0;;;;0;;;;;;;;;;
PALIA;2013;640780938;640000451;1;10;;;;0;;;;0;;;;;;;;;;
PALIA;2013;650000045;650780158;1;4;2;;;0;;;;1;2704;8;1;244;34;116;94;154;15;19
PALIA;2013;650000052;650780166;1;4;2;;355;0;;;;1;981;2;2;170;127;39;4;139;28;21
PALIA;2013;650000078;650780190;1;2;2;0;16;0;;;;0;;;;;;;;;;
PALIA;2013;650000417;650783160;1;8;4;;114;0;;;;1;521;;;;;;;;;
PALIA;2013;650780141;650783160;1;2;2;;13;0;;;;1;36;;;;;;;;;
PALIA;2013;650780679;650000243;1;10;0;0;239;1;1;10;251;1;;;;;;;;;0;
PALIA;2013;650784218;650780174;1;2;0;0;84;0;;;;1;1167;12;1;1226;50;135;941;281;0;0
PALIA;2013;660000084;660780180;1;8;;;170;0;;;;1;1870;40;10;617;32;74;494;603;79;113
PALIA;2013;660000167;660780271;1;3;0;0;10;0;;;;0;;;;;;;;;;
PALIA;2013;660000605;660786799;1;3;3;;18;0;;;;0;;;;;;;;;;
PALIA;2013;660006990;340019363;1;3;0;0;24;0;;;;0;;;;;;;;;;
PALIA;2013;660780099;660000043;1;3;3;0;58;0;;;;0;;;;;;;;;;
PALIA;2013;660780784;660000407;1;8;0;0;108;0;;;;1;19;16;9;623;334;100;189;198;0;50
PALIA;2013;660790387;660790379;1;5;0;0;148;0;;;;0;;;;;;;;;;
PALIA;2013;670000025;670780055;1;13;0;0;47;1;1;10;188;1;989;23;17;509;72;89;348;617;202;83
PALIA;2013;670000033;670780063;1;10;0;0;224;0;;;;1;2247;0;0;0;;;;779;4;24
PALIA;2013;670000157;670780337;1;9;4;0;35;1;1;8;159;1;336;16;12;609;361;35;213;419;10;130
PALIA;2013;670000165;670780345;1;3;0;0;41;0;;;;0;;;;;;;;;;
PALIA;2013;670000215;680000643;1;4;0;0;35;0;;;;0;;;;;;;;;;
PALIA;2013;670000272;670780543;1;3;3;0;59;0;;;;0;;;;;;;;;;
PALIA;2013;670000306;670780584;1;5;3;0;89;0;;;;1;1217;25;7;899;96;427;376;341;79;143
PALIA;2013;670000397;670780691;1;4;0;0;158;0;;;;0;;;;;;;;;;
PALIA;2013;670780170;670000116;1;7;0;0;49;0;;;;0;;;;;;;;;;
PALIA;2013;670780212;670014604;1;15;0;0;;0;;;;0;;;;;;;;;;
PALIA;2013;670783133;670780055;1;2;;;5;0;;;;0;;;;;;;;;;
PALIA;2013;670783273;670780055;1;10;;1;32;0;;;;0;;;;;;;;;;
PALIA;2013;670797539;670014604;1;12;12;;;1;1;8;144;1;419;31;12;515;41;146;328;;156;66
PALIA;2013;680000031;680000171;1;2;2;;25;0;;;;0;;;;;;;;;;
PALIA;2013;680000130;680000353;1;1;1;;2;0;;;;0;;;;;;;;;;
PALIA;2013;680000189;680000643;1;2;2;0;32;0;;;;0;;;;;;;;;;
PALIA;2013;680000197;680000049;1;4;;;74;0;;;;0;;;;;;;;;;
PALIA;2013;680000544;680000395;1;3;;;174;0;;;;0;;;;;;;;;;
PALIA;2013;680000577;680000411;1;5;5;0;61;0;;;;1;286;36;11;946;88;553;305;329;162;26
PALIA;2013;680000601;680000437;1;3;0;0;62;0;;;;0;;;;;;;;;;
PALIA;2013;680000627;680000486;1;1;;;9;0;;;;0;;;;;;;;;;
PALIA;2013;680000684;680000973;1;21;;;230;1;1;6;102;1;659;30;15;1046;210;106;71;469;420;560
PALIA;2013;680000700;680001005;1;5;2;0;49;0;;;832;0;;;;;;;;;;
PALIA;2013;680000742;680001054;1;3;3;;34;0;;;;0;;;;;;;;;;
PALIA;2013;680000833;680001138;1;3;3;;43;0;;;;0;;;;;;;;;;
PALIA;2013;680001328;750005068;1;6;6;0;70;0;;;;0;;;;;;;;;;
PALIA;2013;680003324;680014495;1;3;;;52;0;;;;0;;;;;;;;;;
PALIA;2013;680004546;680000486;1;21;;;304;1;1;9;235;1;1199;;;39;;5;34;262;14;8
PALIA;2013;680004553;680000486;1;3;3;;;0;;;;0;;;;;;;;;;
PALIA;2013;680007648;680007598;0;;;;;0;;;;1;50;3;;175;;2;172;133;12;50
PALIA;2013;690000013;690780036;1;5;;;62;0;;;;1;715;13;1;367;2;346;19;198;9;26
PALIA;2013;690000039;690780051;1;5;5;;49;0;;;;1;52;;;;;;;;;
PALIA;2013;690000047;690780069;1;3;0;0;59;0;;;;0;;;;;;;;;;
PALIA;2013;690000575;690782222;0;;;;;0;;;;1;2278;9;4;238;130;86;22;424;89;86
PALIA;2013;690000583;690782230;1;4;0;0;42;0;;;;0;;;;;;;;;;
PALIA;2013;690000591;690782248;1;4;;;1460;0;;;;0;;;;;;;;;;
PALIA;2013;690000617;690031455;1;5;;;;0;;;;0;;;;;;;;;;
PALIA;2013;690000625;690782271;1;3;;;58;0;;;;0;;;;;;;;;;
PALIA;2013;690000880;690783220;1;20;0;2;305;0;;;;1;1665;0;0;0;;;;501;46;44
PALIA;2013;690023411;690000252;1;20;0;0;;0;;;;0;;;;;;;;;;
PALIA;2013;690034558;690006598;0;;;;;0;;;;1;5;0;2;0;0;0;0;0;0;0
PALIA;2013;690780093;750821092;1;6;0;0;101;0;;;;0;;;;;;;;;;
PALIA;2013;690780366;690000203;1;3;;;92;0;;;;0;;;;;;;;;;
PALIA;2013;690780390;690000229;1;5;;;134;0;;;;0;;;;;;;;;;
PALIA;2013;690780416;690031190;0;;;;;0;;;;1;721;0;;0;;;;232;;7
PALIA;2013;690780648;690036900;1;3;;;78;0;;;;0;;;;;;;;;;
PALIA;2013;690780655;690000377;1;8;;;123;0;;;;0;;;;;;;;;;
PALIA;2013;690781737;750721334;0;;;;;1;1;10;194;1;149;14;5;358;237;112;9;222;60;40
PALIA;2013;690781836;690006598;0;;;;;0;;;;1;745;0;5;794;794;0;0;514;10;45
PALIA;2013;690782834;690000724;1;4;;;18;0;;;;0;;;;;;;;;;
PALIA;2013;690783154;690781810;1;12;0;0;48;1;1;12;34;1;1430;0;5;308;308;;;286;147;
PALIA;2013;690784061;690006598;0;;;;;0;;;;1;73;0;2;0;0;0;0;;11;
PALIA;2013;690784137;690781810;1;12;0;0;242;1;1;12;329;1;6775;;;137;137;;;924;;
PALIA;2013;690784152;690781810;1;12;0;0;76;0;;;;1;3715;;1;0;;;;438;;
PALIA;2013;690784178;690781810;1;4;0;0;64;0;;;;0;;;;;;;;;;
PALIA;2013;690784186;690781810;1;2;0;0;62;0;;;;0;;;;;;;;;;
PALIA;2013;690784194;690781810;1;2;;;;1;1;10;102;0;;;;;;;;;;
PALIA;2013;690788930;690001623;1;110;0;0;;0;;;;1;0;;;1010;20;17;973;212;3;
PALIA;2013;690793468;690002068;1;4;;;61;0;;;;0;;;;;;;;;;
PALIA;2013;690805361;690805353;0;;;;;0;;;;1;;;;;;;;;;
PALIA;2013;700000011;700780026;1;3;;;;0;;;;1;1486;8;8;253;;95;7;176;48;2
PALIA;2013;710006859;710000118;1;3;0;0;63;0;;;;0;;;;;;;;;;
PALIA;2013;710010067;710780644;1;6;;;56;0;;;;1;983;7;4;979;779;96;104;212;15;2
PALIA;2013;710010786;710781451;1;2;0;0;;0;;;;0;;;;;;;;;;
PALIA;2013;710780917;710000274;1;4;0;0;128;0;;;0;0;;;;;;;;;;
PALIA;2013;710978107;710781592;1;2;;;52;0;;;;0;;;;;;;;;;
PALIA;2013;710978131;710781089;1;4;;;54;0;;;;0;;;;;;;;;;
PALIA;2013;710978156;710780214;1;4;;;;0;;;;0;;;;;;;;;;
PALIA;2013;710978180;710781360;1;1;0;0;22;0;;;;0;;;;;;;;;;
PALIA;2013;710978255;710781568;1;2;2;0;;1;1;2;13;0;;;;;;;;;;
PALIA;2013;710978263;710780958;1;6;0;0;83;0;;;;1;11182;16;;839;0;259;580;426;;
PALIA;2013;710978289;710780263;0;;;;;1;1;10;151;1;1914;8;9;1328;314;255;759;519;38;104
PALIA;2013;710978313;710976705;1;6;;;110;0;;;;1;160;15;5;134;8;54;66;149;28;14
PALIA;2013;720000033;720000025;1;13;;;249;0;;;;1;2696;1;;;;;;611;111;15
PALIA;2013;720000124;720000066;1;3;3;;48;0;;;;0;;;;;;;;;;
PALIA;2013;720000249;720000645;1;14;0;0;299;0;;;;0;;;;;;;;;;
PALIA;2013;720000389;720012749;1;8;5;;193;0;;;;0;;;;;;;;;;
PALIA;2013;720000470;610780082;1;8;0;0;178;0;;;;0;;;;;;;;;;
PALIA;2013;720000520;720000140;1;3;0;0;23;0;;;;0;;;;;;;;;;
PALIA;2013;720001437;720006022;1;2;0;0;49;0;;;;0;;;;;;;;;;
PALIA;2013;720016179;720016724;1;2;0;0;35;0;;;;1;265;0;0;8;0;8;0;170;0;0
PALIA;2013;720016823;720012749;1;12;12;;133;0;;;;1;4;56;17;856;13;24;819;277;21;607
PALIA;2013;720016856;720008390;1;10;;;265;0;;;;0;;;;;;;;;;
PALIA;2013;720017748;720000561;1;3;0;0;43;0;;;;1;780;;;;;;;280;;
PALIA;2013;730000031;730000015;1;4;0;0;;1;1;11;118;1;1976;7;0;8;;8;0;483;12;6
PALIA;2013;730000049;730002839;1;2;0;0;16;0;;;;1;151;;;;;;;54;50;0
PALIA;2013;730000080;730780103;1;3;0;0;53;0;;;;1;1489;5;1;152;0;62;90;162;4;2
PALIA;2013;730000098;730780111;1;8;4;0;173;0;;;;0;;;;;;;;;;
PALIA;2013;730000262;730002839;1;1;0;0;17;0;;;;1;355;;;;;;;94;51;
PALIA;2013;730004298;730010048;1;10;;;81;0;;;;0;;;;;;;;;;
PALIA;2013;730780475;690029723;1;10;10;0;121;0;;;;0;;;;;;;;;;
PALIA;2013;740000237;740781133;1;5;;;90;0;;;;1;2730;3;0;16;3;9;4;384;978;6
PALIA;2013;740000302;740781216;0;;;;;0;;;;1;2209;8;1;720;131;473;116;330;104;22
PALIA;2013;740000328;740790381;1;4;0;0;;0;;;;1;2995;9;0;27;3;16;8;237;84;4
PALIA;2013;740014345;740000617;1;4;0;0;;0;;;;0;;;;;;;;;;
PALIA;2013;740780143;750005068;1;3;3;;49;0;;;;0;;;;;;;;;;
PALIA;2013;740780192;740780168;1;30;0;0;85;0;;;;1;454;3;7;1874;;;;299;42;0
PALIA;2013;740780424;740000120;1;3;0;0;111;0;;;;0;;;;;;;;;;
PALIA;2013;740780952;740000179;1;6;6;0;98;0;;;;0;;;;;;;;;;
PALIA;2013;740781141;740790258;1;6;;;109;0;;;;1;4924;3;;10;;7;3;254;295;8
PALIA;2013;740781224;740001839;0;;;;;0;;;;1;1875;2;2;454;318;45;0;311;80;38
PALIA;2013;750041543;750712184;0;;;;;1;3;9;145;1;55;;;;;;;;;
PALIA;2013;750100018;750712184;1;2;;;83;0;;;;0;;;;;;;;;;
PALIA;2013;750100042;750712184;1;4;;;;0;;;;1;1097;;;;;;;460;43;55
PALIA;2013;750100075;750712184;1;15;;;351;0;;;;1;1491;0;0;0;;;;270;16;3
PALIA;2013;750100091;750712184;1;14;0;0;223;0;;;;1;2358;0;0;0;0;0;0;517;38;25
PALIA;2013;750100109;750712184;1;4;0;3;9;0;;;;0;;;;;;;;;;
PALIA;2013;750100125;750712184;1;20;;;443;0;;;;1;5237;;;4228;4218;;10;1127;60;40
PALIA;2013;750100166;750712184;1;8;;;108;0;;;;1;8386;;2;77;77;;;598;68;74
PALIA;2013;750100208;750712184;0;;;;;0;;;;1;2419;0;2;25;5;20;0;309;6;725
PALIA;2013;750100216;750712184;1;4;4;;44;0;;;;1;1205;;;;;;;193;34;
PALIA;2013;750100232;750712184;1;16;;;;0;;;;1;7000;0;0;;;;;;15;12
PALIA;2013;750100273;750712184;1;11;0;0;339;0;;;;1;2280;0;0;0;0;0;0;291;91;0
PALIA;2013;750100299;750712184;0;;;;;1;1;10;261;1;885;0;0;0;;;;186;25;50
PALIA;2013;750120016;750821092;1;6;;;115;0;;;0;0;;;;;;;;;;
PALIA;2013;750150187;750000143;0;;;;;1;1;81;1155;0;;;;;;;;;;
PALIA;2013;750150260;750006728;0;;;;;1;1;15;239;1;819;;;0;;;;;;
PALIA;2013;750150286;750015968;0;;;;;1;1;40;668;0;;;;;;;;;;
PALIA;2013;750150344;750720468;0;;;;;1;1;36;461;0;;;;;;;;;;
PALIA;2013;750160012;750813321;1;30;;;287;0;;;;1;1678;;;;;;;405;42;20
PALIA;2013;750300360;750026569;1;6;;;72;0;;;73;0;;;;;;;;;;
PALIA;2013;750801441;750712184;0;;;;;0;;;;1;669;;;;;;;721;200;63
PALIA;2013;750803447;750712184;1;6;;;;0;;;;1;3441;;;;;;;418;3588;
PALIA;2013;750808578;750813032;0;;;;;0;;;;1;45;;;;;;;15;0;0
PALIA;2013;760000018;760780023;1;11;4;0;27;0;;;;1;1973;6;0;9;0;9;0;249;3;0
PALIA;2013;760000042;760780056;1;1;0;0;33;0;;;;0;;;;;;;;;;
PALIA;2013;760000141;760780239;1;1;;;11;0;;;;0;;;;;;;;;;
PALIA;2013;760000158;760780239;1;9;;;235;1;1;10;182;1;2907;32;7;73;23;50;;710;;
PALIA;2013;760000166;760780247;1;7;;;;0;;;;1;1905;;;;;;;508;52;14
PALIA;2013;760000364;760780734;1;3;2;0;;0;;;;0;;;;;;;;;;
PALIA;2013;760000372;760780742;1;1;0;0;51;0;;;;0;;;;;;;;;;
PALIA;2013;760000463;760024042;1;12;4;0;;0;;;;1;5878;31;7;72;0;72;0;802;0;0
PALIA;2013;760021329;760000448;1;6;;;197;0;;;;0;;;;;;;;;;
PALIA;2013;760027292;760027300;1;1;0;0;2;0;;;;0;;;;;;;;;;
PALIA;2013;760780510;760000257;1;4;;;62;0;;;;0;;;;;;;;;;
PALIA;2013;760780791;760000414;1;8;0;0;157;0;;;100;0;;;;;;;;;;
PALIA;2013;760783522;760780239;1;9;5;;104;0;;;;0;;;;;;;;;;
PALIA;2013;760783530;760780239;1;3;3;;;0;;;;0;;;;;;;;;;
PALIA;2013;760805770;760780726;1;8;0;0;105;0;;;;1;2123;15;5;25;17;8;0;347;133;23
PALIA;2013;760921809;760000273;1;2;0;0;;0;;;;0;;;;;;;;;;
PALIA;2013;770000131;770110013;1;8;4;;52;0;;;;1;796;;;;;;;126;85;
PALIA;2013;770000149;770110021;1;16;6;;316;0;;;;1;2482;3;0;193;0;193;0;157;27;42
PALIA;2013;770000156;770110054;1;5;0;0;;0;;;;1;1586;1;0;0;;;;;67;0
PALIA;2013;770000164;770110062;1;5;0;0;24;0;;;;0;;;;;;;;;;
PALIA;2013;770000172;770110070;1;3;3;;26;0;;;;1;492;1;1;28;1;27;0;133;2;0
PALIA;2013;770000446;770700185;1;10;0;0;84;0;;;;1;2359;0;0;0;0;0;0;266;45;0
PALIA;2013;770019032;770170017;1;15;0;0;47;0;;;;1;3015;0;1;2;1;0;1;650;29;23
PALIA;2013;770300143;770000362;0;;;;;1;1;7;194;0;;;;;;;;;;
PALIA;2013;770813400;770001014;1;6;;;;0;;;;0;;;;;;;;;;
PALIA;2013;780000287;780110011;1;6;0;0;;0;;;;1;1788;;;;;;0;384;0;0
PALIA;2013;780000295;780002697;0;;;;;0;;;;1;1329;;;3;;;3;170;85;
PALIA;2013;780000303;780110037;1;4;4;0;62;0;;;;1;2157;0;0;0;0;0;0;222;23;0
PALIA;2013;780000311;780001236;1;4;0;0;118;0;;;;1;4803;0;0;0;;;;389;40;0
PALIA;2013;780000329;780110052;1;3;0;0;82;0;;;;1;3348;2;2;137;32;125;0;434;92;21
PALIA;2013;780000337;780001236;1;4;0;0;164;0;;;;1;5288;0;0;0;;;;362;40;0
PALIA;2013;780000352;780110094;0;;;;;0;;;;1;490;;;;;;;82;108;
PALIA;2013;780000378;780130027;0;;;;;1;1;5;121;1;361;4;1;1;;1;;291;30;
PALIA;2013;780140018;750005068;0;;;;;1;1;10;147;0;;;;;;;;;;
PALIA;2013;780150033;780020715;0;;;;;1;1;16;257;0;;;;;;;;;;
PALIA;2013;780300414;780000675;1;6;0;0;;0;;;;0;;;;;;;;;;
PALIA;2013;780800256;780110078;1;16;0;0;192;0;;;;1;1571;0;0;0;;;;479;67;17
PALIA;2013;790000087;790000012;1;10;0;0;338;0;;;;1;7898;3;5;744;666;15;63;496;169;7
PALIA;2013;790000103;790006654;1;12;0;0;154;0;;;;1;812;31;5;213;0;77;136;276;294;51
PALIA;2013;790000111;790000046;1;5;5;;54;0;;;;1;1247;1;1;113;41;16;0;102;14;
PALIA;2013;790000137;790000061;1;4;4;0;52;0;;;;1;589;1;1;67;39;8;20;67;;
PALIA;2013;790009948;790001242;1;4;0;0;14;0;;;;0;;;;;;;;;;
PALIA;2013;800000143;800000028;1;10;1;0;101;0;;;;1;5176;10;4;93;44;16;33;222;33;319
PALIA;2013;800000184;800000036;1;5;3;0;51;0;;;;0;;;;;;;;;;
PALIA;2013;800000192;800000044;1;9;0;2;123;0;;;;1;12258;1;7;27;27;0;0;438;145;32
PALIA;2013;800000200;800000051;1;6;4;0;25;0;;;;0;;;;;;;;;;
PALIA;2013;800000226;800000069;1;4;2;0;97;0;;;;1;761;1;1;6;0;6;0;;6;6
PALIA;2013;800000390;800000085;1;5;;;95;0;;;;0;;;;;;;;;;
PALIA;2013;800000432;800000093;1;5;3;;871;0;;;;0;;;;;;;;;;
PALIA;2013;800000440;800000085;1;5;5;;;0;;;;0;;;;;;;;;;
PALIA;2013;800000507;800000135;1;8;;;344;0;;;;0;;;;;;;;;;
PALIA;2013;800000614;800000044;0;;;;;1;1;10;157;0;;;;;;;;;;
PALIA;2013;800002610;800000044;1;1;0;0;31;0;;;;0;;;;;;;;;;
PALIA;2013;800006124;800000044;1;8;0;0;216;0;;;;0;;;;;;;;;;
PALIA;2013;800009920;800003071;1;3;0;0;62;0;;;;0;;;;;;;;;;
PALIA;2013;800013179;800013138;1;4;;;137;0;;;;0;;;;;;;;;;
PALIA;2013;810000224;810000471;1;12;0;0;285;0;;;285;1;302;0;0;0;0;0;0;253;110;0
PALIA;2013;810000448;810099945;1;5;5;;72;0;;;;0;;;;;;;;;;
PALIA;2013;810000505;810000331;1;8;4;;98;0;;;;1;1002;;;0;;;;221;14;
PALIA;2013;810000513;810000349;1;2;0;0;44;0;;;0;0;;;;;;;;;;
PALIA;2013;810000521;810000380;1;8;0;0;366;0;;;;1;998;0;0;55;12;43;0;228;76;2
PALIA;2013;810000539;810000398;1;2;;;72;0;;;;0;;;;;;;;;;
PALIA;2013;810000562;810000455;1;1;0;0;59;0;;;;1;918;0;0;0;0;0;0;96;45;0
PALIA;2013;820000032;820000016;1;10;2;0;250;0;;;;1;2720;2;1;375;0;4;363;530;45;23
PALIA;2013;820000057;820000131;1;4;;;186;0;;;;0;;;;;;;;;;
PALIA;2013;820000198;820004950;1;4;4;0;33;0;;;;1;157;8;1;498;0;24;474;150;126;39
PALIA;2013;820000883;820004950;1;2;0;0;76;0;;;;0;;;;;;;;;;
PALIA;2013;830000287;830100525;1;4;0;0;72;0;;;;0;;;;;;;;;;
PALIA;2013;830000311;830100566;1;4;;;45;0;;;;1;1570;11;8;1555;1519;36;0;733;14;75
PALIA;2013;830000337;830100590;1;2;0;0;19;0;;;;0;;;;;;;;;;
PALIA;2013;830000345;830100616;1;5;;;382;0;;;;1;3669;;;;;;;655;71;47
PALIA;2013;830100251;830000063;1;3;;;;0;;;;0;;;;;;;;;;
PALIA;2013;830100574;750821092;1;7;;;205;0;;;;1;1400;;;;;;;344;170;49
PALIA;2013;830100608;830100616;1;4;;;;1;1;12;226;0;;;;;;;;;;
PALIA;2013;830212759;750721235;1;10;10;;70;0;;;;1;83;2;11;987;928;59;;285;49;49
PALIA;2013;830213880;830100566;1;4;4;;42;0;;;;0;;;;;;;;;;
PALIA;2013;840000343;840000012;1;2;;;36;1;3;1;65;1;448;3;1;70;50;20;;152;20;4
PALIA;2013;840000350;840000657;1;13;0;0;265;0;;;;1;5427;0;0;0;0;0;0;537;41;0
PALIA;2013;840000418;840004659;0;;;;;0;;;;1;444;;;;;;;;;
PALIA;2013;840000434;840000079;1;10;5;;91;0;;;;0;;;;;;;;;;
PALIA;2013;840000483;840000087;1;4;0;0;104;0;;;;0;;;;;;;;;;
PALIA;2013;840000525;840000111;1;6;0;0;83;0;;;;1;2074;17;7;1412;1196;169;47;359;0;56
PALIA;2013;840001861;840006597;1;6;0;0;58;1;1;10;182;1;4382;;;;;;;735;;
PALIA;2013;850000118;850013244;1;4;;;36;0;;;;0;;;;;;;;;;
PALIA;2013;850000126;850022948;0;;;;;0;;;;1;18;;;;;;;;168;
PALIA;2013;850000142;850000019;1;19;15;;;0;;;;1;1509;53;;352;;129;223;760;177;188
PALIA;2013;850000191;850000043;1;2;1;;14;0;;;;0;;;;;;;;;;
PALIA;2013;850000241;850000084;1;4;4;;53;0;;;;0;;;;;;;;;;
PALIA;2013;850000399;750005068;1;13;13;;141;0;;;;0;;;;;;;;;;
PALIA;2013;850000647;850011453;1;5;5;0;78;0;;;;1;43;29;3;597;257;153;187;227;42;452
PALIA;2013;850006008;850005968;0;;;;;0;;;;1;0;0;0;1512;0;0;1512;277;0;0
PALIA;2013;860000025;860780063;1;6;;;35;0;;;;1;2085;;;;;;;273;56;38
PALIA;2013;860000033;860780071;1;5;;;32;0;;;;1;2789;1;0;0;;;;157;0;0
PALIA;2013;860000058;860780097;1;2;;;12;0;;;;1;285;0;;;;;;106;;
PALIA;2013;860000223;860013077;1;17;0;0;389;1;1;10;188;1;7543;0;0;0;0;0;0;768;313;0
PALIA;2013;860010321;860010313;1;9;;;76;0;;;;0;;;;;;;;;;
PALIA;2013;870000064;870000015;1;27;7;0;287;1;1;10;359;1;7674;24;12;1634;;;;1054;132;55
PALIA;2013;870000098;870000023;1;10;5;;;0;;;;0;;;;;;;;;;
PALIA;2013;870000270;870000031;1;6;2;0;113;0;;;;0;;;;;;;;;;
PALIA;2013;870000601;870014248;1;5;0;0;60;0;;;;0;;;;;;;;;;
PALIA;2013;870001567;870014503;1;5;3;0;0;0;;;;1;3106;4;0;47;;;;133;;
PALIA;2013;870014859;870000015;1;2;;2;1;0;;;;1;2;;;0;;;;2;7;
PALIA;2013;880000021;880007059;1;2;0;0;111;0;;;;0;;;;;;;;;;
PALIA;2013;880000039;880780069;1;4;4;0;28;0;;;;1;987;14;14;421;79;334;8;177;30;6
PALIA;2013;880000047;880780077;1;6;2;0;182;0;;;;1;1258;5;2;1006;;;;235;69;63
PALIA;2013;880000054;880007299;1;4;0;0;41;0;;;;1;1060;5;5;235;125;110;0;318;4;17
PALIA;2013;880000062;880780093;1;4;0;0;46;0;;;;0;;;;;;;;;;
PALIA;2013;880000070;880007299;1;2;0;0;19;0;;;;0;;;;;;;;;;
PALIA;2013;880000146;880780291;1;2;2;;25;0;;;;0;;;;;;;;;;
PALIA;2013;880000336;880007059;1;10;10;0;178;0;;;;1;10001;22;5;1687;1446;241;13;659;89;93
PALIA;2013;890000169;890000151;1;2;0;0;23;0;;;;0;;;;;;;;;;
PALIA;2013;890975527;890000037;1;10;;;89;0;;;;1;2922;0;0;108;0;0;0;282;61;22
PALIA;2013;890975535;890000409;1;5;5;;48;0;;;;0;;;;;;;;;;
PALIA;2013;890975543;890000417;1;3;;;37;0;;;;1;898;9;1;48;0;29;19;125;;14
PALIA;2013;890975550;890970569;1;6;0;0;78;0;;;;1;2500;0;0;0;0;0;0;379;134;60
PALIA;2013;890975568;890000433;1;6;0;0;109;0;;;;1;1541;;;258;0;130;128;153;38;6
PALIA;2013;900000167;900000365;1;6;;;165;0;;;;0;;;;;;;;;;
PALIA;2013;900003070;900000365;1;2;2;;37;0;;;;0;;;;;;;;;;
PALIA;2013;910000272;910110014;0;;;;;1;1;7;105;1;260;1;;80;22;58;;140;57;24
PALIA;2013;910000298;910110055;1;8;0;0;63;0;;;;1;7000;1;1;36;0;36;0;233;10;10
PALIA;2013;910001973;910019447;1;4;2;;;0;;;;0;;;;;;;;;;
PALIA;2013;910018423;910019454;0;;;;;1;1;12;222;0;;;;;;;;;;
PALIA;2013;910020254;910002773;1;3;0;0;34;0;;;;1;1549;1;0;0;0;0;0;542;1979;100
PALIA;2013;910100015;750712184;0;;;;;1;1;10;187;1;519;;;;;;;163;682;0
PALIA;2013;910100023;750712184;0;;;;;1;1;11;131;1;1666;;;;;;;244;2138;744
PALIA;2013;910150028;750811184;1;18;8;10;384;1;1;8;239;1;884;0;0;0;;;;;96;49
PALIA;2013;910150069;910000033;1;8;;;237;0;;;;1;541;2;;2;;;;45;30;0
PALIA;2013;910300144;910000447;1;8;0;0;145;0;;;;0;;;;;;;;;;
PALIA;2013;910300326;910000553;1;5;0;0;52;0;;;;0;;;;;;;;;;
PALIA;2013;910803543;910017615;1;;;;;0;;;;0;;;;;;;;;;
PALIA;2013;920000460;750813321;1;15;;;109;0;;;;1;782;;;;;;;261;10;2
PALIA;2013;920000577;920110020;1;8;0;0;98;0;;;;1;1252;1;0;15;0;15;0;144;21;14
PALIA;2013;920000593;920026374;0;;;;;1;1;12;248;0;;;;;;;;;;
PALIA;2013;920000643;920150034;1;5;;;189;0;;;;1;;;;;;;;;;
PALIA;2013;920000650;920150059;1;6;;;34;0;;;;1;3000;;;0;;;;574;8;80
PALIA;2013;920100013;750712184;1;6;;;;0;;;;1;2889;;;0;;;;;;
PALIA;2013;920100021;750712184;1;7;0;0;116;0;;;;1;1217;;;;;;;350;33;18
PALIA;2013;920100039;750712184;1;;;;;0;;;;1;;;;;;;;;;
PALIA;2013;920100047;750712184;1;6;;;88;0;;;;1;2619;;;274;;;;;11;75
PALIA;2013;920100062;750712184;0;;;;;0;;;;1;1825;;;;;;;;;
PALIA;2013;920120011;750821092;1;8;0;0;54;0;;;;1;279;0;0;0;;;;93;;
PALIA;2013;920300043;920001526;1;8;0;0;179;0;;;;0;;;;;;;;;;
PALIA;2013;920300266;920000940;1;4;0;0;127;0;;;;1;103;;;0;;;;103;69;0
PALIA;2013;920300415;920000890;1;9;0;0;;0;;;;0;;;;;;;;;;
PALIA;2013;920300597;920000940;1;4;0;0;95;0;;;;1;89;0;0;0;;;;89;45;0
PALIA;2013;920300845;780020715;0;;;;;1;1;32;499;1;4;22;8;726;98;74;220;241;28;165
PALIA;2013;920803798;920002037;1;10;0;0;52;0;;;52;0;;;;;;;;;;
PALIA;2013;930000286;930021480;1;8;0;0;124;1;1;14;229;1;5743;0;0;20;0;0;20;678;43;54
PALIA;2013;930000328;930110051;1;6;;;1660;1;;;0;1;3009;6;3;20;14;;;266;78;16
PALIA;2013;930000336;930110069;1;5;;;2911;1;1;5;2911;1;2150;;;;;;;96;;
PALIA;2013;930100011;750712184;0;;;;;1;1;15;231;1;203;;;;;;;;;
PALIA;2013;930100037;750712184;1;4;;;77;0;;;;1;1676;;;;;;;;;
PALIA;2013;930100045;750712184;1;3;;;25;0;;;;1;962;;;;;;;;;
PALIA;2013;930300025;930000393;1;8;;;;0;;;;0;;;;;;;;;;
PALIA;2013;930300553;930000633;1;6;;;78;0;;;;0;;;;;;;;;;
PALIA;2013;930300595;930000658;1;6;;;53;0;;;;0;;;;;;;;;;
PALIA;2013;930706239;930110051;0;;;;;1;1;10;200;1;3009;6;3;20;14;;;266;78;16
PALIA;2013;940000573;940110018;1;5;0;0;111;0;;;;1;2722;0;0;0;0;0;0;457;30;10
PALIA;2013;940000599;940110042;1;8;0;0;;0;;;;1;2469;1;1;12;;;;300;46;6
PALIA;2013;940000649;940150014;1;6;0;0;63;0;;;;1;2710;0;1;101;101;0;0;206;18;13
PALIA;2013;940000656;940150022;1;10;;;37;0;;;;0;;;;;;;;;;
PALIA;2013;940000664;940160013;1;30;;;160;0;;;724;1;5628;0;0;0;;;;;47;
PALIA;2013;940100027;750712184;1;8;;;;1;1;10;166;1;2449;1;1;0;;;;736;23;60
PALIA;2013;940100035;750712184;0;;;;;1;1;8;178;1;1040;0;0;0;0;0;0;280;69;61
PALIA;2013;940100043;750712184;1;7;;;91;0;;;;1;1254;;;;;0;0;160;;
PALIA;2013;940100050;750712184;1;4;4;0;65;0;;;;1;1279;;;;;;;377;1532;60
PALIA;2013;940100068;750712184;1;4;0;;52;1;1;22;432;0;;;;;;;;;;
PALIA;2013;940120017;750821092;1;6;;;65;0;;;;1;21;;;0;;;;21;1;
PALIA;2013;940300494;940000896;1;4;;;12;0;;;11;0;;;;;;;;;;
PALIA;2013;950000307;950110015;1;16;;;238;1;1;9;223;1;1817;16;;;;;;504;61;31
PALIA;2013;950000315;950001370;1;6;4;0;15;0;;;;0;;;;;;;;;;
PALIA;2013;950000323;950013870;1;18;6;;;0;;;;1;1300;13;0;25;0;10;15;512;85162;
PALIA;2013;950000331;950110049;1;10;0;0;57;0;;;;1;1868;0;0;111;0;0;111;349;50;62
PALIA;2013;950000349;950015289;1;5;;;102;0;;;;1;99;2;3;86;53;16;17;131;118;84
PALIA;2013;950000364;950110080;1;10;0;1;101;1;1;10;351;1;1109;2;3;75;10;65;0;416;24;15
PALIA;2013;950000406;950150037;1;1;1;0;11;0;;;;0;;;;;;;;;;
PALIA;2013;950000695;950500033;1;10;10;0;56;0;;;;0;;;;;;;;;;
PALIA;2013;950016139;950015289;1;5;0;0;102;0;;;;1;99;2;3;86;53;16;17;131;118;84
PALIA;2013;950100016;750712184;0;;;;;1;1;10;187;1;859;;;0;;;;77;;
PALIA;2013;950300244;950000539;1;12;0;0;256;0;;;;0;;;;;;;;;;
PALIA;2013;950300277;950000547;1;8;0;0;59;0;;;55;0;;;;;;;;;;
PALIA;2013;950300301;950000562;1;8;0;0;190;0;;;;0;;;;;;;;;;
PALIA;2013;970100020;970100152;1;10;10;;222;0;;;;0;;;;;;;;;;
PALIA;2013;970100392;970100178;0;;;;;0;;;;1;1458;0;0;19;0;0;19;269;46;63
PALIA;2013;970100442;970100228;0;;;;;0;;;;1;689;;;;;;;340;;
PALIA;2013;970200044;970202164;1;4;1;;84;0;;;;1;199;6;5;66;48;18;;116;67;48
PALIA;2013;970211215;970211207;1;4;;;0;0;;;;0;;;;;;;;;;
PALIA;2013;970211231;970211207;1;2;;;71;0;;;;0;;;;;;;;;;
PALIA;2013;970211249;970211207;1;4;;;;1;1;11;298;1;1864;;;;;;;383;399;65
PALIA;2013;970300026;970302022;1;9;0;0;74;0;;;;1;2707;1;1;137;0;33;73;215;146;45
PALIA;2013;970400024;970408589;1;2;;;44;0;;;;1;1172;4;6;32;8;18;6;1075;37;18
PALIA;2013;970400057;970408589;1;2;0;0;79;0;;;;1;1296;5;3;26;5;17;4;285;89;76
PALIA;2013;970400065;970421038;0;;;;;0;;;;1;820;3;12;318;;;55;288;483;600
PALIA;2013;970462107;970400305;1;6;;;36;1;1;6;134;0;;;;;;;;;;
