BOR;AN;FI;FI_EJ;PSY_A22;PSY_A23;PSY_A24;PSY_A25;PSY_A26;PSY_A27;PSY_A28;PSY_B23;PSY_B24;PSY_B25;PSY_B26;PSY_B27;PSY_B28;PSY_C22;PSY_C23;PSY_C24;PSY_C25;PSY_C26;PSY_C27;PSY_C28;PSY_D22;PSY_D23;PSY_D24;PSY_D25;PSY_D26;PSY_D27;PSY_D28;PSY_E22;PSY_E23;PSY_E24;PSY_E25;PSY_E26;PSY_E27;PSY_E28;PSY_A37;PSY_A38;PSY_B38;PSY_A39;PSY_B39;PSY_A40;PSY_B40;PSY_A41;PSY_B41;PSY_A42;PSY_B42
PSY2;2013;010000495;010783009;16635;88;9;2;36;694;185;89;10;2;38;893;196;81719;6214;418;22;485;42634;6973;15698;364;124;;;1324;765;164749;1603;138;2;18;8538;730;;1;2.3;1;7.02;0;;1;28.14;0;
PSY2;2013;020000386;020000600;1087;;;;;;;;;;;;;27291;;;;;;;;;;;;;;;;;;;;;5;0;;0;;0;;0;;;
PSY2;2013;020000543;020000295;2278;92;4;1;60;249;120;81;2;1;80;209;110;181799;8130;750;73;830;12987;3781;22000;223;0;0;0;71;0;159123;1071;12;0;0;1048;412;60.4;0;;0;;0;;0;;0;
PSY2;2013;020004156;590805065;388;;;;;;;;;;;;;15594;;;;;;;2725;;;;;;;;;;;;;;;0;;1;19;0;;0;;0;
PSY2;2013;020006664;020000063;3347;36;0;1;0;126;14;104;0;1;0;228;71;13166;3372;0;41;0;3861;860;12341;930;0;0;0;276;364;30875;14;0;0;0;51;0;9.4;1;1;0;;0;;0;;0;
PSY2;2013;030000061;030780092;4454;30;1;3;3;146;13;;;;;;;59527;2366;214;46;72;5613;316;15535;283;0;0;0;194;0;55426;57;4;22;1;180;34;;1;;1;1.57;1;1;0;;0;
PSY2;2013;030000087;030780118;;2;;;;;;;;;;;;;1007;;;;;;;;;;;;;;9846;;;;;;15.95;1;10.4;1;39.73;1;4.02;0;;0;
PSY2;2013;030000160;030780282;227;;;;;;;;;;;;;129428;;;;;;;;;;;;;;;;;;;;;3.6;0;;0;;0;;0;;0;
PSY2;2013;030781637;030780100;287;17;;;;85;;21;;;;;;11032;206;;;;2610;;4234;116;;;;;;;;;;;;;;1;;1;;1;3.5;0;;0;
PSY2;2013;040000911;040788879;1260;41;2;;;119;83;;;;;;;48864;2929;365;;;3586;2275;;;;;;;;;;;;;;;;0;;1;29.05;1;15.8;0;;0;
PSY2;2013;050000132;050007145;2694;13;5;5;;45;55;13;5;5;;45;56;37077;1183;380;7;;1914;1219;3617;;;;;17;;39669;;;;;;;12;0;;0;;0;;0;;0;
PSY2;2013;050000231;050000116;160;;;;;;;;;;;;;7041;;;;;;;3574;;;;;;;11999;;;;;;;4;1;5;0;;1;2;0;;0;
PSY2;2013;050000454;050000645;87;;;;;;;;;;;;;9675;;;;;;;;;;;;;;;;;;;;;;0;;0;;;;0;;0;
PSY2;2013;050000991;050000546;373;;;;;;;;;;;;;13591;;;;;;;;;;;;;;;;;;;;;;0;;0;;0;;0;;0;
PSY2;2013;060000478;060780897;1745;43;2;0;10;72;0;;;;;;;6389;1428;415;0;0;2758;;2051;;;;;4;;17847;311;8;0;19;294;0;;1;1;0;;0;;0;;0;
PSY2;2013;060000510;060780954;6122;40;6;1;0;257;16;18;3;1;0;142;8;22390;1317;37;2;0;4026;545;5704;77;0;55;0;0;0;12908;119;2;0;0;266;10;14.6;1;4.6;0;;1;1;0;;0;
PSY2;2013;060000544;060780988;500;20;;;2;194;10;23;;;2;216;10;;;;;;;;;;;;;;;;;;;;;;;1;3.56;0;;0;;0;;0;
PSY2;2013;060019288;060017019;586;;;;;;;;;;;;;1787;;;;;;;;;;;;;;3872;;;;;;;;;;0;;1;;0;;0;
PSY2;2013;060780442;060000213;598;;;;;;;;;;;;;17653;;;;;;;;;;;;;;;;;;;;;;0;;0;;0;;0;;0;
PSY2;2013;060780525;060000247;770;;;;;;;;;;;;;22375;;;;;;;;;;;;;;;;;;;;;;0;;0;;0;;0;;0;
PSY2;2013;060780541;060000262;852;;;;;;;;;;;;;23437;;;;;;;;;;;;;;;;;;;;;;0;;0;;0;;0;;0;
PSY2;2013;060780749;060000395;385;;;;;;;;;;;;;13021;;;;;;;;;;;;;;;;;;;;;;0;;0;;0;;0;;0;
PSY2;2013;060780947;060800174;934;;;;;;;;;;;;;3818;;;;;;;;;;;;;;6711;;;;;;;;;;;;;;;;;
PSY2;2013;060780996;630786754;1943;151;2;39;58;739;35;171;3;47;77;864;35;86413;14292;206;953;2167;31331;1047;28984;983;73;;1765;734;;122202;1868;37;14;4532;2833;14;;1;17;1;46;1;22;1;24;1;23
PSY2;2013;060781929;060000858;828;;;;;;;;;;;;;26995;;;;;;;;;;;;;;;;;;;;;;0;;0;;0;;0;;0;
PSY2;2013;060785003;060785011;4552;37;;;;154;5;28;;;;147;7;13137;1202;;;;6007;635;4062;;;;;48;;15831;139;;;;638;28;;0;;0;;0;;0;;0;
PSY2;2013;060800174;;3540;;;;;;;;;;;;;;;;;;;;10367;;;;;;;42434;;;;;;;;;;;;;;;;;
PSY2;2013;070780317;630786754;1496;59;3;;7;253;188;75;3;;8;288;223;58671;3510;195;;124;11372;3624;21212;508;;;;944;228;111765;559;13;;15;2751;872;28.8;1;0.88;1;27.38;0;;0;;0;
PSY2;2013;080000318;080000086;7425;43;;1;;286;227;43;;1;;286;227;62064;1285;;11;;7553;2553;20124;114;;;;1385;175;49073;163;1;1;;1781;496;18;1;0.5;0;;1;3.32;0;;0;
PSY2;2013;090000183;090781816;7567;83;;;;247;89;;;;;;;22092;2189;;;;7806;3605;4689;9;;;;392;11;54520;696;;;;1970;0;;1;;1;;0;;0;;0;
PSY2;2013;100000108;100000033;4537;36;8;1;18;153;9;41;8;1;24;208;18;55409;5565;407;10;194;8175;276;23012;886;;;;1709;;54564;;;;;;;28.6;1;2.55;1;68.4;1;7.65;0;;0;
PSY2;2013;110002953;110780137;303;17;;;;71;;;;;;;;9242;1018;;;;3097;;;;;;;;;;;;;;;;9.2;1;1.5;0;;1;9.4;0;;0;
PSY2;2013;110780152;110000064;564;;;;;;;;;;;;;21826;;;;;;;;;;;;;;;;;;;;;;0;;0;;0;;0;;0;
PSY2;2013;110786324;;1455;90;2;1;9;234;14;102;2;1;11;48;14;57509;5087;620;11;103;10530;478;18443;3;;;;38;;62131;379;;;;288;;;1;1.5;1;3;1;;0;;0;
PSY2;2013;120000039;120780044;1728;;;1;;;;;;;;;;1453;;;19;;;;2687;;;;;;;15434;;;;;;;5;1;;;;1;26;0;;0;
PSY2;2013;120004569;120004528;;;;;;;;;;;;;;7297;;;;;;;7817;;;;;;;27509;;;;;;;;1;0.5;;;1;;0;;0;
PSY2;2013;120780283;630786754;7941;44;2;6;201;285;146;27;;2;;268;155;71660;2226;728;3;28;11014;3730;16505;223;;6;;508;183;101717;325;;4;817;1225;343;;0;;1;;0;;0;;0;
PSY2;2013;130000235;130780554;10441;114;18;0;19;401;58;33;8;0;34;436;47;57139;6501;2013;0;694;19947;2063;26242;592;63;0;6;1575;26;176955;2905;215;0;60;5388;176;;;;0;;;;0;;0;
PSY2;2013;130000433;130781131;1486;79;5;2;43;459;156;104;7;2;52;596;179;74388;5133;985;8;976;18684;4475;25212;569;66;;;1440;98;177533;519;124;2;84;1953;257;80.9;1;5.84;1;6.7;1;20.37;0;;0;
PSY2;2013;130002496;130786494;1221;48;5;2;13;193;85;64;5;2;16;236;93;34029;2794;707;20;127;6340;2287;29837;234;122;;;351;;95674;234;158;13;;1052;93;;1;1.61;1;7.51;1;10.45;0;;0;
PSY2;2013;130002827;130789274;452;9;1;;;49;10;9;1;;;49;;7061;561;290;;;2098;471;1884;;;;;37;;41451;258;4;;;502;2;11.1;0;;0;;0;;0;;0;
PSY2;2013;130780273;130000151;361;;;;;;;;;;;;;18250;;;;;;;;;;;;;;;;;;;;;;0;;0;;0;;0;;0;
PSY2;2013;130781065;130000417;598;;;;;;;;;;;;;27209;;;;;;;;;;;;;;;;;;;;;0;0;;0;;0;;0;;0;
PSY2;2013;130781594;130010648;159;;;;;;;;;;;;;34474;;;;;;;;;;;;;;;;;;;;;1.25;0;;0;;0;;;;0;
PSY2;2013;130783236;130786049;7268;85;;;;311;;;;;;311;;26244;85;;;;8251;;13207;3011;;;;249;;33430;116;;;;;;;;;;;;;;;;
PSY2;2013;130783764;750043994;1276;;;;;;;;;;;;;93642;;;;;;;;;;;;;;;;;;;;;0;0;;0;;0;;0;;0;
PSY2;2013;130784234;130786049;8451;47;;;;182;;85;;;;311;;30142;3079;;;;5663;;16497;2;;;;7;;43736;;;;;;;;0;;0;;1;;0;;1;43
PSY2;2013;130784291;130001696;549;;;;;;;;;;;;;32148;;;;;;;;;;;;;;;;;;;;;;0;;0;;1;;0;;0;
PSY2;2013;130784606;130001860;1324;;;;;;;;;;;;;70552;;;;;;;3662;;;;;;;;;;;;;;;0;;0;;0;;0;;0;
PSY2;2013;130784697;130001902;214;;;;;;;;;;;;;35970;;;;;;;4112;;;;;;;;;;;;;;1.95;0;;0;;0;;0;;0;
PSY2;2013;130786015;130002322;248;;;;;;;;;;;;;27754;;;;;;;;;;;;;;;;;;;;;3.51;0;;0;;0;;0;;0;
PSY2;2013;130786742;750821092;1544;2;0;0;0;0;0;0;0;0;0;0;0;4881;2;0;0;0;0;0;0;0;0;0;0;0;0;4326;0;0;0;0;0;0;4;1;3.07;0;;0;;0;;0;
PSY2;2013;130786890;130001688;111;;;;;;;;;;;;;4189;;;;;;;;;;;;;;;;;;;;;;0;;0;;0;;0;;0;
PSY2;2013;130786973;130002702;255;;;;;;;;;;;;;27413;;;;;;;;;;;;;;;;;;;;;;0;;0;;0;;0;;0;
PSY2;2013;130790157;130789316;5275;56;;;2;238;18;;;;;;;13389;1575;;;34;8562;179;13436;545;;;;1060;;66074;1138;;;;2357;;37;1;5.4;0;;1;1.1;0;;0;
PSY2;2013;130798002;130004807;921;;;;;;;;;;;;;70203;;;;;;;;;;;;;;;;;;;;;;0;;0;;0;;0;;0;
PSY2;2013;130804032;;51;;;;;;;;;;;;;4690;;;;;;;;;;;;;;;;;;;;;1.4;0;;0;;0;;0;;0;
PSY2;2013;130806011;130001183;364;0;0;0;0;0;0;;;;;;;24061;;;;;;;;;;;;;;;;;;;;;0.07;0;;0;;0;;0;;0;
PSY2;2013;140000209;140000100;621;30;3;;;91;15;30;3;;;91;15;;;;;;;;;;;;;;;;;;;;;;;1;;0;;1;;1;;0;
PSY2;2013;140000233;140000118;33;;;;;;;;;;;;;0;;;;;;;2069;;;;;;;379;;;;;;;;;;;;;;;;;
PSY2;2013;140000324;140026279;36;;;;;;;;;;;;;2853;;;;;;;;;;;;;;;;;;;;;;0;;0;;0;;0;;0;
PSY2;2013;140000373;140000159;2133;13;;;;54;5;;;;;;;8162;747;;;;818;;4079;0;;;;262;;17286;39;;;;95;17;;1;;;;1;;;;;
PSY2;2013;140000456;140000316;12089;176;11;;77;286;87;180;11;;108;299;97;74939;17930;819;0;534;9534;1480;22566;3006;3;0;159;486;10;99803;3144;102;0;97;1593;108;;1;11.74;1;;1;17.7;0;;1;
PSY2;2013;140004136;140000092;2291;26;;;;61;;13;;;;54;;7620;926;;;;1087;;2359;;;;;;;18078;282;;;;93;;10.6;1;0.3;0;;0;;0;;0;
PSY2;2013;140016106;140000035;;;;;;;;;;;;;;;;;;;;;;;;;;;;;;;;;;;1;1;2;0;;0;;0;;0;
PSY2;2013;150000040;150780096;4473;25;;6;3;184;52;;;;;;;24476;1113;;47;;6813;3398;11898;87;;24;;2245;677;46375;596;;7;3;1498;78;;1;;1;;1;;0;;0;
PSY2;2013;150780773;150780088;829;8;;;;28;;4;;;;36;;5082;501;;;;1756;;457;278;;;;521;;5237;71;;;;351;;2;1;0.01;0;;0;;0;;0;
PSY2;2013;150780823;150780096;114;1;;;;;;;;;;;;1237;;;;;;;17547;51;;;;;;;;;;;;;;;;;;;;;;;
PSY2;2013;150782944;150002566;58;;;;;;;;;;;;;8699;;;;;;;;;;;;;;;;;;;;;0.4;0;;0;;0;;0;;0;
PSY2;2013;160000345;160000501;960;114;5;0;8;245;130;115;5;0;8;261;145;54666;5785;874;0;35;8671;3652;;;;;;;;51306;868;16;0;0;953;464;27.39;1;1.21;1;0.6;1;37.4;0;;0;
PSY2;2013;160008231;160001038;560;;;;;;;;;;;;;13755;;;;;;;;;;;;;;;;;;;;;;0;;0;;0;;0;;0;
PSY2;2013;170000103;170780175;710;70;2;0;0;50;5;;;;;;;11240;1908;17;0;0;3061;206;4096;1;0;0;0;37;0;3938;;;;;;;;0;;0;;0;;0;;0;
PSY2;2013;170020994;170780175;3884;4;;;;4;1;;;;;;;;;;;;;;3733;;;;;;;37306;93;;;;246;2;5.5;;;0;;1;;0;;;
PSY2;2013;170780282;170000186;555;;;;;;;;;;;;;20466;;;;;;;;;;;;;;;;;;;;;;0;;0;;0;;0;;0;
PSY2;2013;170780290;170000194;530;;;;;;530;;;;;;;20142;;;;;;20142;;;;;;;;;;;;;;;;0;;0;;0;;0;;0;
PSY2;2013;170782981;170023279;2070;45;2;;17;323;26;;;;;;;74269;1929;988;;97;15274;1273;24098;345;;;;847;47;91077;518;513;;1059;3554;125;30.99;1;;1;5.04;1;29.53;0;;0;
PSY2;2013;170783146;170780050;1336;9;1;;;94;30;9;1;;;78;26;17839;1136;30;;;2293;1062;12021;554;;;;288;198;;;;;;;;12.6;1;;1;4.28;1;3.84;0;;0;
PSY2;2013;170784086;330785072;33;;;;;;;;;;;;;3805;;;;;;;;;;;;;;;;;;;;;0.45;0;;0;;1;22.69;0;;0;
PSY2;2013;180000176;180001158;2447;40;1;0;3;238;51;41;1;0;3;253;51;180244;3023;196;0;18;10668;1920;23138;360;0;0;;904;79;;;;;;;;;1;0.3;1;29.29;1;;0;;0;
PSY2;2013;180000382;180008518;414;0;0;0;0;0;0;0;0;0;0;0;0;10109;0;0;0;0;0;0;0;0;0;0;0;0;0;0;0;0;0;0;0;0;0;0;;0;;0;;0;;0;
PSY2;2013;180004533;580780971;12;;;;;;;;;;;;;;;;;;;;1049;;;;;;;;;;;;;;;0;;0;;0;;0;;0;
PSY2;2013;190000026;190000059;638;16;;;12;70;4;;;;;;;6876;195;;;14;1372;50;5976;;;;;48;;13528;35;;;;133;;3;0;;0;;0;;0;;0;
PSY2;2013;190000091;190000075;3300;;;;;;;;;;;;;6062;;;;;;;3035;;;;;;;7046;;;;;;;3;1;2;0;;0;;0;;0;
PSY2;2013;190000117;;260;43;3;1;25;40;26;48;3;1;31;40;26;33254;9483;841;365;2327;5108;2385;;;;;;;;;;;;;;;;0;;0;;0;;0;69.2;0;
PSY2;2013;190011601;190000042;1064;6;;;;98;15;6;;;;98;15;13241;;;;;;;6359;;;;;;;2644;;;;;;;14.9;1;;1;2.5;0;;0;;0;
PSY2;2013;210780425;210000139;65;;;;;;;;;;;;;;;;;;;;5678;;;;;;;1022;;;;;;;;0;;0;;0;;0;;0;27.3
PSY2;2013;210781621;210780581;281;5;;;;59;10;5;;;;66;10;12571;475;;;;1715;240;;;;;;;;;;;;;;;;1;1;1;1;0;;0;;0;
PSY2;2013;210987558;210780581;376;;;;;;;;;;;;;2916;;;;;;;;;;;;;;;;;;;;;;1;;0;;1;;0;;0;
PSY2;2013;210987632;210780607;11661;20;5;16;21;400;126;24;3;;25;401;136;85293;1590;408;302;236;7896;2403;22730;74;;10;;198;;136299;253;;;;31;6;;1;1;1;40.65;1;5.17;0;;1;11.83
PSY2;2013;210987699;210780706;380;13;;1;;57;1;;;;;;;5924;568;;49;;1455;32;;;;;;;;;;;;;;;5;0;;0;;0;;0;;0;
PSY2;2013;220000210;;1529;25;;;;245;;31;;;;306;;46990;1383;;;;4737;;14741;72;;;;58;;95008;185;;;;527;;;1;;0;;1;;0;;0;
PSY2;2013;220000236;220017974;841;90;6;;15;120;63;90;6;;15;134;69;35582;11643;766;;3356;7521;2354;90;;;;;;;4502;;;;;;;;0;;1;27.6;0;;1;88.96;0;
PSY2;2013;220000319;220000681;574;;;;;;;;;;;;;21727;;;;;;;;;;;;;;;;;;;;;;0;;0;;0;;0;;0;
PSY2;2013;220000327;220000699;779;;;;;;;;;;;;;30224;;;;;;;5297;;;;;;;;;;;;;;;0;;0;;0;;0;;0;
PSY2;2013;220012751;220017974;2911;5;;;;15;3;5;;;;15;3;0;0;;;;0;0;10007;53;;;;581;0;30838;33;;;;65;28;;0;;0;;0;;0;;0;
PSY2;2013;230000853;230780074;4338;33;0;0;0;150;14;43;0;0;0;120;16;28922;4520;0;0;0;1540;1215;20361;679;0;0;0;2419;100;47198;794;;;;2361;;11;;;;;;;;;;
PSY2;2013;230780181;230000879;689;;;;;;;;;;;;;16368;;;;;;;;;;;;;;;;;;;;;;0;;0;;0;;0;;0;
PSY2;2013;240000463;240000083;9495;115;3;0;17;277;105;121;3;0;19;298;108;56243;5257;0;0;180;12463;2577;16675;852;0;0;0;499;15;96043;1363;143;0;0;1304;244;;1;1;0;;1;2.05;0;;0;
PSY2;2013;240000646;240000265;390;;;;;;;;;;;;;103315;;;;;;;1493;;;;;;;;;;;;;;;0;;1;;0;;0;;0;
PSY2;2013;240000687;240000448;198;15;;;;45;3;;;;;;;8619;1496;;;;1808;157;2159;28;;;;241;;8087;173;;;;401;9;;0;;0;;0;;0;;0;
PSY2;2013;240003392;240000117;621;23;;1;;81;20;37;;1;;102;26;22922;1098;;4;;2292;578;3280;;;;;;;;;;;;;;;1;;0;;1;2.07;1;25.42;0;
PSY2;2013;250000023;250000015;488;;;;;;;;;;;;;17469;;;;;;;;;;;;;;2805;;;;;;;;0;;0;;1;2;0;;0;
PSY2;2013;250000619;250000452;1085;13;2;0;0;52;6;14;2;0;0;54;6;10890;136;28;0;0;545;56;0;0;0;0;0;0;0;13978;204;33;0;0;1038;4;4.5;1;0.2;0;0;0;0;0;0;0;0
PSY2;2013;250000718;250000460;7427;67;3;;6;228;42;68;3;;7;242;47;66276;3025;305;;145;9239;1550;9068;51;;;;106;11;;;;;;;;26.5;1;5.82;1;4.07;1;20;0;;0;
PSY2;2013;250005196;250001013;16;;;;;;;;;;;;;;;;;;;;3510;;;;;;;;;;;;;;1.35;0;;0;;0;;0;;0;
PSY2;2013;250006954;250000015;1774;;;;;;;;;;;;;;;;;;;;;;;;;;;7574;;;;;;;17.1;1;;0;;1;1.79;0;;0;
PSY2;2013;250014008;700004096;2724;40;2;;3;181;81;42;2;;5;200;85;14228;2261;730;;132;5411;1190;4649;;;;;3;3;21413;220;;;;69;60;13.8;1;0.75;0;;1;35.01;1;41.24;0;
PSY2;2013;260000203;260016910;369;21;5;;;108;14;;;;;;;18846;2520;1113;;;4004;373;4289;68;;;;847;43;;;;;;;;6.65;1;0.4;0;;0;;0;;0;
PSY2;2013;260000302;260000161;377;;;;;;;;;;;;;14123;;;;;;;;;;;;;;1699;;;;;;;;0;;0;;0;;0;;;
PSY2;2013;260000823;260003264;807;22;7;16;6;310;232;88;10;17;6;402;296;45376;2450;1602;1922;50;15118;7928;11502;154;;;123;586;1;82024;244;20;;60;2612;187;;1;1.82;1;1.9;1;12.5;0;;0;
PSY2;2013;260003280;260016910;322;6;;;;58;2;;;;;;;4858;101;;;;3105;74;5763;180;;;;100;;;;;;;;;4.9;1;0.2;0;;0;;0;;0;
PSY2;2013;260006655;260000047;1545;;;;;;;;;;;;;;;;;;;;3561;;;;;;;17811;;;;;;;3;0;;0;;0;;0;;0;
PSY2;2013;270000573;270000219;1978;21;2;40;30;126;103;23;2;44;40;341;204;78854;2510;730;1626;380;8794;4064;11525;;20;;;;;155954;369;1;;3356;;1;;1;0.6;1;4.85;1;4.72;1;;0;
PSY2;2013;270025984;310021175;697;;;;;;;;;;;;;31518;;;;;;;;;;;;;;;;;;;;;;0;;0;;0;;0;;0;
PSY2;2013;280000050;280000142;986;43;3;;28;244;74;42;2;0;40;238;79;39410;3790;478;;149;11169;2189;21020;52;264;;;874;126;58660;417;55;;271;4018;522;;1;;0;;0;;0;;0;
PSY2;2013;280000084;280000183;931;18;1;;;40;2;18;1;;;43;2;12064;611;284;;;2610;69;2740;;;;;19;;;17;;;;57;;14;1;0.4;0;;1;6.31;0;;0;
PSY2;2013;280000696;280000134;757;;;1;;;;;;;;;;1281;;;4;;;;5929;;;;;;;7775;;;;;;;6.6;1;;0;;0;;0;;0;
PSY2;2013;290000033;290021542;6735;36;2;0;2;266;27;28;5;;;280;51;64324;1842;365;;;4681;302;34136;77;204;;;358;;69615;140;;;2;1181;3;;1;;1;;1;;0;;0;
PSY2;2013;290000173;290000041;1588;8;;;;60;13;8;;;;64;16;13985;166;;;;962;429;5553;;;;;;135;21148;;;;;;;5;1;;0;;0;;0;;0;
PSY2;2013;290000363;750043994;506;;;;;;;;;;;;;23544;;;;;;;1009;;;;;;;;;;;;;;;;;;;;;;;;
PSY2;2013;290000728;750821092;1173;;;;;;;;;;;;;5737;;;;;;;1841;;;;;;;2391;;;;;;;3;1;;0;;0;;0;;0;
PSY2;2013;290000736;290000991;725;;;;;;;;;;;;;21568;;;;;;;;;;;;;;;;;;;;;;0;;0;;0;;0;;0;
PSY2;2013;290000744;290001007;1271;;;;;;;;;;;;;42348;;;;;;;7033;;;;;;;;;;;;;;;0;;0;;0;;0;;0;
PSY2;2013;290000785;220020739;322;;;;;;;;;;;;;6720;;;;;;;;;;;;;;;;;;;;;;;;;;;;;;;
PSY2;2013;290000918;290000298;9545;76;2;3;;264;85;77;22;4;;285;93;;;;;;;;;;;;;;;98800;874;128;;;981;244;38.2;1;1.23;1;;1;;0;;0;
PSY2;2013;290003995;290000306;3440;41;;;;57;10;18;;;;44;8;19830;752;;;;1146;77;7375;418;;;;188;;21167;344;;;;19;15;7.6;1;0;1;32.27;0;;0;;0;
PSY2;2013;290004324;290000017;2294;;;;;;;;;;;;;;;;;;;;;;;;;;;6854;;;;;;;;1;;0;;0;;0;;0;
PSY2;2013;290004340;290000017;10193;42;10;9;32;383;48;43;10;;38;406;50;9008;4201;0;44;146;4853;0;2440;;;;;;;86189;271;9;2;79;115;1;;1;1.8;1;4;1;2.2;0;;0;
PSY2;2013;2A0000287;2A0000386;4769;85;1;3;9;136;66;85;1;3;10;139;68;33037;8325;26;485;32;2648;8738;6641;;;;;;;48553;650;;5;38;341;87;;1;3;1;35.78;1;1;1;35.54;0;
PSY2;2013;2B0000012;2B0000020;2155;;;;;;;;;;;;;11602;;;;;;;;;;;;;;15601;;;;;;;;1;;0;;1;;0;;0;
PSY2;2013;2B0003016;2B0003990;198;;;;;;;;;;;;;16092;;;;;;;;;;;;;;;;;;;;;;0;;0;;0;;0;;0;
PSY2;2013;2B0003917;2B0003891;211;;;;;;;;;;;;;;;;;;;;11682;;;;;;;;;;;;;;;0;;0;;0;;0;;0;
PSY2;2013;2B0004113;2B0000467;404;50;2;3;46;92;;61;4;5;64;101;;24031;4445;452;149;1828;4527;;;;;;;;;;;;;;;;;0;;0;;1;9;0;;0;
PSY2;2013;300000023;300780046;425;15;2;0;0;113;7;16;3;0;0;116;7;18928;847;0;0;0;1332;147;11093;58;61;0;0;82;0;30829;199;23;0;0;617;0;12;1;0.7;0;;0;;0;;0;
PSY2;2013;300000080;300780103;7586;87;8;2;53;448;38;60;6;1;40;263;31;29880;3810;1599;118;1359;10103;833;15910;349;1;;;1037;42;74128;437;6;27;25;2579;28;;0;;1;33.5;0;;1;28.04;0;
PSY2;2013;300000296;;238;;;;;;;;;;;;;;;;;;;;903;;;;;;;2997;;;;;;;0.79;0;;0;;0;;0;;0;
PSY2;2013;300002128;300000247;66;;;;;;;;;;;;;15086;;;;;;;;;;;;;;;;;;;;;;;;0;;0;;0;;0;
PSY2;2013;300003308;300780038;4119;15;0;0;0;58;3;;;;;;;1141;0;0;0;0;4;0;6520;379;0;0;0;218;5;50555;319;0;0;0;1149;16;20.7;1;13.54;1;6.63;1;37.16;;33.77;;
PSY2;2013;300780210;300000148;1314;;;;;;;;;;;;;39401;;;;;;;5157;;;;;;;;;;;;;;;0;;0;;0;;0;;0;
PSY2;2013;300780244;300000171;667;;;;;;;;;;;;;24277;;;;;;;;;;;;;;;;;;;;;;0;;0;;0;;0;;0;
PSY2;2013;300780251;300000189;1060;;;;;;;;;;;;;68159;;;;;;;;;;;;;;;;;;;;;;0;;0;;0;;0;;0;
PSY2;2013;300780269;300000197;1065;;;;;;;;;;;;;33174;;;;;;;4495;;;;;;;;;;;;;;;0;;0;;0;;0;;0;
PSY2;2013;300780384;750721334;26;;;;;;;;;;;;;1980;;;;;;;;;;;;;;;;;;;;;;0;;0;;0;;0;;0;
PSY2;2013;300780764;300000429;58;;;;;;;;;;;;;5556;;;;;;;3117;;;;;;;;;;;;;;2.1;0;;0;;0;;0;;0;
PSY2;2013;300781424;300000692;339;;;;;;;;;;;;;18520;;;;;;;99;;;;;;;;;;;;;;;0;;0;;0;;;;0;
PSY2;2013;300782117;300780038;3430;48;;;;267;25;;;;;;;13440;1805;;;;7698;490;;;;;;;;14701;51;;;;139;9;20.7;;13.54;;6.63;;37.16;;33.77;;
PSY2;2013;310000369;310780754;13334;365;19;7;10;423;69;275;19;7;10;343;69;86572;15566;3461;78;30;24195;1909;34019;323;173;;;1035;5;204797;2779;354;1;10;3592;127;;0;;0;;0;;0;;1;
PSY2;2013;310016977;310781406;;;;;;;;;;;;;;;;;;;;;;;;;;;;;;;;;;;0.07;1;2;0;;0;;0;;0;
PSY2;2013;310780119;310000047;664;;;;;;;;;;;;;42716;;;;;;;1719;;;;;;;;;;;;;;;0;;0;;0;;0;;0;
PSY2;2013;310780143;310000062;1070;;;;;;;;;;;;;42453;;;;;;;1129;;;;;;;;;;;;;;;0;;1;;0;;0;;0;
PSY2;2013;310780358;310000146;1424;;;;;;;;;;;;;35464;;;;;;;;;;;;;;;;;;;;;;0;;0;;0;;0;;0;
PSY2;2013;310780390;310000187;1022;;;;;244;;;;;;;;52523;;;;;6663;;;;;;;;;;;;;;;;;0;;0;;0;;0;;0;
PSY2;2013;310781000;310788880;1181;;;;;2;5;;;;;;;47033;;;;;60;150;5155;;;;;;;;;;;;;;;0;;0;;0;;0;;0;
PSY2;2013;310781133;310000427;1167;;;;;;;;;;;;;45354;;;;;;;3576;;;;;;;;;;;;;;;0;;0;;0;;0;;0;
PSY2;2013;310781141;310000435;418;0;0;0;0;0;0;0;0;0;0;0;0;17830;;;;;;;0;;;;;;;0;;;;;;;;0;;0;;0;;0;;0;
PSY2;2013;310781158;310000443;1597;;;;;;;;;;;;;43705;;;;;;;154;;;;;;;;;;;;;;;0;;0;;1;24.42;0;;0;
PSY2;2013;310781521;310000500;1015;;;;;;;;;;;;;45190;;;;;;;1193;;;;;;;;;;;;;;;0;;0;;0;;0;;0;
PSY2;2013;310782446;;3242;;;;;;;;;;;;;;;;;;;;7971;;;;;;;45833;;;;;;;;0;;0;;1;15.54;0;;0;
PSY2;2013;310783048;310781406;;;;;;;;;;;;;;;;;;;;;;;;;;;;;;;;;;;8.33;0;;1;3.1;0;;0;;0;
PSY2;2013;310783063;310781406;;;;;;;;;;;;;;;;;;;;;;;;;;;;;;;;;;;16.29;0;;0;;0;;0;;0;
PSY2;2013;310783097;750005068;193;;;;;;;;;;;;;11115;;;;;;;;;;;;;;;;;;;;;3.5;0;;0;;0;;0;;0;
PSY2;2013;310787304;310781406;2689;27;3;;2;123;11;27;3;;2;123;11;23237;737;123;;8;3905;469;6778;3;;;;82;;25033;84;29;;2;158;;11;0;;0;;0;;0;;0;
PSY2;2013;310788906;;99;;;;;;;;;;;;;8451;;;;;;;;;;;;;;;;;;;;;;0;;0;;0;;0;;0;
PSY2;2013;310795463;310785068;91;;;;;;;;;;;;;4920;;;;;;;3598;;;;;;;;;;;;;;;0;;0;;0;;0;;0;
PSY2;2013;320000094;320780125;5084;76;0;0;0;121;58;76;0;0;0;121;58;52412;6420;0;0;0;5509;2535;12056;344;0;0;0;303;7;55189;1393;0;0;0;1146;438;;1;0.3;1;36.04;1;22.9;0;;0;
PSY2;2013;320780109;320000078;594;;;;;;;;;;;;;21535;;;;;;;;;;;;;;;;;;;;;;0;;0;;0;;0;;0;
PSY2;2013;330000431;;174;;;;;;;;;;;;;18148;;;;;;;;;;;;;;;;;;;;;3.1;0;;0;;0;;0;;0;
PSY2;2013;330000639;330781287;25266;512;8;16;7;1121;58;639;12;18;7;1353;64;132439;15164;866;109;45;28139;998;41702;1638;65;1;;1345;1;190549;4221;41;61;21;2488;101;;;;;;;;0;;;
PSY2;2013;330000647;330781295;1594;293;43;;24;552;45;301;43;;25;573;47;99197;28312;9125;;3358;34724;2155;25825;778;;;;668;;139126;5273;117;;;6410;2;;1;;1;;1;;1;;0;
PSY2;2013;330000779;;561;;;;;;;;;;;;;;;;;;;;19465;;;;;;;;;;;;;;5.49;0;;0;;0;;0;;0;
PSY2;2013;330780289;330790809;33;;;;;;;;;;;;;5463;;;;;;;;;;;;;;;;;;;;;;0;;0;;0;;0;;0;
PSY2;2013;330780297;330000175;339;;;;;;;;;;;;;12334;;;;;;;;;;;;;;;;;;;;;;0;;0;;0;;0;;0;
PSY2;2013;330780313;330000191;593;;;;;;;;;;;;;29113;;;;;;;;;;;;;;;;;;;;;;0;;0;;0;;0;;0;
PSY2;2013;330780321;330000209;585;;;;;;;;;;;;;22209;;;;;;;;;;;;;;;;;;;;;;0;;0;;0;;0;;0;
PSY2;2013;330780636;330785072;;;;;;;;;;;;;;;;;;;;;;;;;;;;;;;;;;;4;0;;0;;0;;0;;0;
PSY2;2013;330780776;310021050;618;;;;;;;;;;;;;28811;;;;;;;;;;;;;;;;;;;;;2;0;;0;;0;;0;;0;
PSY2;2013;330781170;330785072;103;;;;;;;;;;;;;13557;;;;;;;;;;;;;;;;;;;;;;0;;0;;0;;0;;0;
PSY2;2013;330781188;330056540;246;;;;;;;;;;;;;7066;;;;;;;6127;;;;;;;;;;;;;;2.45;0;;0;;0;;0;;0;
PSY2;2013;330781303;750821092;399;;;;;;;;;;;;;3356;;;;;;;0;;;;;;;4321;;;;;;;;0;;0;;0;;0;;0;
PSY2;2013;330782350;330000480;89;;;;;;;;;;;;;7309;;;;;;;;;;;;;;;;;;;;;2.1;0;;0;;0;;0;;0;
PSY2;2013;330783614;330785072;63;;;;;;;;;;;;;;;;;;;;7078;;;;;;;;;;;;;;;0;;0;;;;0;;0;
PSY2;2013;330783721;330781253;6013;50;;11;4;100;2;;;;;;;28782;1385;;48;14;2317;268;16525;40;;3;;179;;51639;237;;58;8;427;;;;;;;;;;;;
PSY2;2013;330783960;750005068;342;;;;;;;;;;;;;;;;;;;;12937;;;;;;;966;;;;;;;3.25;0;;0;;0;;0;;0;
PSY2;2013;330785064;;;;;;;;;;;;;;;;;;;;;;;;;;;;;;;;;;;;0.46;0;;0;;0;;0;;0;
PSY2;2013;330802752;330781196;92;;;2;;;;;;;;;;2382;;;118;;;;353;;;1;;;;;;;;;;;;1;;0;;1;;0;;0;
PSY2;2013;340010149;340010099;153;;;;;;;;;;;;;18755;;;;;;;;;;;;;;;;;;;;;;0;;0;;0;;0;;0;
PSY2;2013;340011386;340787399;114;;;;;;;;;;;;;2920;;;;;;;;;;;;;;;;;;;;;;0;;0;;0;;0;;0;
PSY2;2013;340016732;340780055;735;27;0;0;48;232;52;33;0;0;66;266;56;30340;1563;0;0;408;7142;2037;17345;99;0;0;0;49;33;61079;250;0;0;26;1985;180;;1;1.7;1;4.6;1;3.2;0;;0;
PSY2;2013;340780121;340000082;706;;;;;;;;;;;;;34533;;;;;;;;;;;;;;;;;;;;;;0;;0;;0;;0;;0;
PSY2;2013;340780485;340780477;;;;;;;;;;;;;;;;;;;;;;;;;;;;;;;;;;;;1;;0;;1;;1;;0;
PSY2;2013;340780758;340000355;1126;;;;;;;;;;;;;66122;;;;;;;5870;;;;;;;;;;;;;;;0;;0;;0;;0;;0;
PSY2;2013;340780766;340000363;719;;;;;;;;;;;;;38538;;;;;;;;;;;;;;;;;;;;;;0;;0;;1;;0;;0;
PSY2;2013;340780782;340000371;1407;;;;;;;;;;;;;58218;;;;;;;;;;;;;;;;;;;;;;0;;0;;0;;0;;0;
PSY2;2013;340780790;340000389;465;;;;;;;;;;;;;23656;;;;;;;;;;;;;;;;;;;;;;0;;1;93.1;0;;0;;0;
PSY2;2013;340780931;340000454;266;;;;;;;;;;;;;31757;;;;;;;5194;;;;;;;;;;;;;;;0;;0;;0;;0;;0;
PSY2;2013;340782036;340780477;;;;;;;;;;;;;;;;;;;;;;;;;;;;;;;;;;;;1;;0;;1;29.65;0;;0;
PSY2;2013;340787266;340011295;339;9;;;;47;5;8;;;;48;6;6287;460;;;;1832;204;5459;;;;;189;;18794;;;;;;;11;1;1.25;1;;0;;0;;0;
PSY2;2013;350000147;350000022;535;20;1;0;9;138;60;20;1;0;9;145;61;24359;1167;0;0;36;7348;1822;8659;1;0;0;0;45;131;55841;244;10;0;2;797;342;10.2;1;;0;;1;;0;;0;
PSY2;2013;350000162;350000048;2355;14;;;;100;5;18;;;;140;;5576;582;;;;3390;;1298;236;;;;358;;20188;190;;;;194;19;;;;;;;;;;;
PSY2;2013;350000337;350000246;4890;152;14;2;78;874;327;156;16;2;120;959;353;8209;10022;2461;23;1102;28116;9289;194042;156;180;;11;340;137;60297;93;54;;65;374;85;;0;;1;;1;;0;;1;
PSY2;2013;350000402;;771;;;;;;;;;;;;;26562;;;;;;;3920;;;;;;;;;;;;;;0.2;0;;0;;0;;0;;0;
PSY2;2013;350002119;350000386;607;;;;;;;;;;;;;29790;;;;;;;3734;;;;;;;;;;;;;;;0;;0;;0;;0;;0;
PSY2;2013;350002192;220020739;711;;;;;;;;;;;;;28464;;;;;;;;;;;;;;;;;;;;;;0;;0;;0;;0;;0;
PSY2;2013;350002234;750720575;49;;;;;;;;;;;;;2167;;;;;;;1428;;;;;;;;;;;;;;;0;;0;;0;;0;;0;
PSY2;2013;350002754;440042844;120;;;;;;;;;;;;;;;;;;;;15544;;;;;;;544;;;;;;;;0;;0;;0;;0;;0;
PSY2;2013;350039574;350023495;92;;;;;;;;;;;;;;;;;;;;1040;;;;;;;2384;;;;;;;0.6;0;;0;;0;;0;;0;
PSY2;2013;360000137;360000053;1470;41;;;10;245;18;41;;;12;264;19;20167;3288;;;;10511;166;369;;;;;29;;15870;1469;;;21;4858;104;3;1;1;0;;0;;0;;1;
PSY2;2013;360000145;360000061;366;;;;;;;;;;;;;11436;;;;;;;2202;;;;;;;1325;;;;;;;;0;;0;;0;;0;;0;
PSY2;2013;360000210;360000319;391;;;;;;;;;;;;;18169;;;;;;;2935;;;;;;;;;;;;;;;0;;0;;0;;0;;0;
PSY2;2013;360000327;360000053;1470;41;;;10;245;18;41;;;12;261;19;20167;3288;;;;10511;166;369;;;;;29;;15870;1469;;;21;4858;104;;1;1;0;;0;;0;;1;
PSY2;2013;370000127;370000259;619;;;;;;;;;;;;;26370;;;;;;;4241;;;;;;;;;;;;;;0.3;0;;1;15.7;0;;0;;0;
PSY2;2013;370000143;370000291;370;;;;;;;;;;;;;19400;;;;;;;2767;;;;;;;;;;;;;;;0;;0;;0;;0;;0;
PSY2;2013;370000499;370000481;1410;;;;;;;;;;;;;0;;;;;;;0;;;;;;;15135;;;;;;;29.25;;;;;;;;;;
PSY2;2013;370000531;370000606;2459;9;0;0;5;52;18;88;0;0;5;306;26;17861;311;0;0;5;3283;282;25114;589;0;0;13;753;1864;23068;104;0;0;0;667;17;12.6;1;;0;;1;;0;;0;
PSY2;2013;370000580;370000564;1099;23;;;1;57;;;;;;;;11188;914;;;364;3825;;3188;148;;;9;328;;6880;101;;;;56;;3.6;1;;0;;0;;0;;0;
PSY2;2013;370000861;370000481;298;8;0;0;0;62;9;9;0;0;0;63;9;513;33;0;0;0;179;20;764;24;0;0;0;64;2;9519;106;0;0;0;445;82;197.15;;;;;;;;;;
PSY2;2013;370000879;370000564;1841;;;;;2;;;;;;;;;;;;;;;1240;;;;;91;;27656;;;;;;;4;1;;0;;0;;0;;0;
PSY2;2013;370000903;370000614;1140;8;1;;;16;1;;;;;;;;;;;;;;2921;150;;;;84;;7449;64;18;;;61;1;;1;;0;;0;;0;;0;
PSY2;2013;370004467;370000481;552;11;0;0;6;127;18;11;0;0;6;128;18;1104;41;0;0;12;338;28;856;29;0;0;0;105;0;36858;101;0;0;0;256;6;179.35;;;;;;;;;;
PSY2;2013;370005050;370000481;406;9;0;0;2;113;23;9;0;0;3;116;23;11020;1393;0;0;22;4912;630;0;0;0;0;0;0;0;10928;117;0;0;0;370;0;80.45;;;;;;;;;;
PSY2;2013;370013062;;1124;;;;;;;;;;;;;44571;;;;;;;;;;;;;;;;;;;;;0.5;0;;0;;0;;0;;0;
PSY2;2013;380000034;380780049;117;;;;;;;;;;;;;2309;;;;;;;;;;;;;;;;;;;;;;0;;0;;0;;0;;0;
PSY2;2013;380000067;380780080;3222;15;;;1;96;11;;;;;;;9577;673;;;;3282;406;837;27;;;;206;18;16026;14;;;3;166;1;;0;;0;;0;;0;;0;
PSY2;2013;380000133;380780247;18479;265;10;6;3;732;237;216;9;2;3;622;196;79959;9104;770;58;19;21129;6064;30393;474;0;0;41;1486;286;222085;4577;248;34;7;10450;3738;83.8;1;3.23;1;5.8;1;50.89;0;0;1;15.9
PSY2;2013;380000174;380781435;2900;31;;;;88;21;24;;;;96;12;14580;1517;;;;3003;807;4202;5;;;;0;0;29260;122;;;;87;0;18.15;1;0.52;0;;1;4.07;0;;0;
PSY2;2013;380780296;920019718;936;0;0;0;0;0;0;0;0;0;0;0;0;34548;0;0;0;0;0;0;0;0;0;0;0;0;0;0;0;0;0;0;0;0;;0;;0;;0;;0;;0;
PSY2;2013;380780312;750720575;313;;;;;;;;;;;;;28833;;;;;;;;;;;;;;;;;;;;;;0;;0;;0;;0;;0;
PSY2;2013;380784462;750005068;373;;;;;;;;;;;;;252;;;;;;;;;;;;;;;;;;;;;;0;;0;;0;;0;;0;
PSY2;2013;380784736;380780049;2387;;;;;;;;;;;;;;;;;;;;4121;;;;;;;33263;;;;;;;;0;;0;;0;;0;;0;
PSY2;2013;380794297;;4042;47;5;;;234;36;26;;;;231;33;25410;2374;279;;;5392;638;8876;74;21;;;134;;28395;129;17;;;148;;19.85;0;;0;;0;;0;;0;
PSY2;2013;390000164;390780476;8260;28;4;2;2;278;148;29;7;2;3;290;157;65554;1949;1194;0;49;9054;8547;28979;193;0;52;0;924;74;73444;155;0;10;1;1732;173;27;1;1;1;;1;;0;;0;
PSY2;2013;400000105;400780193;4483;2;;;;19;3;2;;;;30;3;5945;103;;;;708;63;5197;;;;;;;43060;;;;;;;;1;1.31;1;6.52;1;1.12;;;;
PSY2;2013;400000113;400011177;963;30;;3;37;220;18;34;;3;46;242;19;55875;3161;;32;326;4847;778;41642;;;;;117;;68153;136;312;;64;1041;20;;1;19.1;1;0.6;1;1;0;;0;
PSY2;2013;400780367;750720575;175;;;;;;;;;;;;;10744;;;;;;;1671;;;;;;;344;;;;;;;4;0;;0;;1;94.44;0;;0;
PSY2;2013;400780375;310021043;562;;;;;;;;;;;;;14486;;;;;;;;;;;;;;;;;;;;;;0;;0;;0;;0;;0;
PSY2;2013;410000020;410000087;2204;32;;;324;123;22;32;;;;123;;9975;2125;;;;4721;1074;1899;26;;;;572;84;44149;497;;;2011;1252;69;12.6;1;0.8;0;;1;5.8;0;;0;
PSY2;2013;410000046;410000103;526;23;1;0;0;61;10;57;1;0;0;117;20;21714;1443;0;0;0;2299;504;0;0;0;0;0;0;0;18578;0;3;0;0;0;0;4.98;1;1;0;;1;3;0;;0;
PSY2;2013;410000277;410000467;386;;;;;;;;;;;;;39135;;;;;;;12315;;;;;;;;;;;;;;;0;;0;;0;;0;;0;
PSY2;2013;410000285;410000475;171;;;;;;;;;;;;;18862;;;;;;;3515;;;;;;;;;;;;;;3;0;;0;;1;;0;;0;
PSY2;2013;410000293;410000491;208;;;;;;;;;;;;;37014;;;;;;;6446;;;;;;;;;;;;;;;0;;0;;0;;0;;0;
PSY2;2013;410003768;410000095;874;11;;;;22;6;15;;;;23;6;7643;605;;;;656;256;7319;21;;;;59;111;5171;18;;;;63;18;4;1;;0;;0;;0;;0;
PSY2;2013;420000010;420780033;4865;23;;;;141;;;;;;;;13126;427;;;;2746;;10126;55;;;;25;;44719;0;;;;0;;14;1;0.4;0;;1;7.5;0;;0;
PSY2;2013;420000226;420013831;4902;57;;;2;193;3;586;;;3;596;3;6788;1351;;;91;4223;45;2897;19;;;;4;;26172;462;106;;2;368;;11.6;0;;0;;0;;0;;0;
PSY2;2013;420012320;420013831;143;1;;;;1;;;;;;;;;;;;;;;5027;96;;;;109;;;;;;;;;;1;;0;;1;;0;;0;
PSY2;2013;420781767;420000523;563;;;;;;;;;;;;;23371;;;;;;;;;;;;;;;;;;;;;;;;;;;;;;;
PSY2;2013;420783102;420000929;322;;;;;;;;;;;;;15297;;;;;;;;;;;;;;;;;;;;;;0;;0;;0;;0;;0;
PSY2;2013;420785354;420784878;497;51;0;1;10;381;54;61;0;1;10;381;54;0;;;;;;;0;;;;;;;0;;;;;;;;;;;;;;;;;
PSY2;2013;420788440;420001794;1086;;;;;;;;;;;;;946;;;;;;;140;;;;;;;;;;;;;;;0;;0;;0;;0;;0;
PSY2;2013;420790081;920000395;785;;;;;;;;;;;;;27741;;;;;;;;;;;;;;;;;;;;;0;0;;0;;0;;0;;0;
PSY2;2013;430000026;630786754;6649;54;2;7;8;241;94;;;;;;;60515;4169;244;155;85;11433;5267;26972;555;0;0;0;679;364;51823;319;1;22;40;537;247;;1;0.5;1;72.25;1;15.03;0;;0;
PSY2;2013;440000180;440000263;999;47;;;2;273;54;22;;;10;200;44;33876;3761;;;4;16945;1217;12235;206;;;;1150;47;72093;;;;;;;;0;;1;21.05;1;1.5;0;;0;
PSY2;2013;440000800;440001246;474;;;;;;;;;;;;;19066;;;;;;;3509;;;;;;;;;;;;;;0;0;;0;;0;;0;;0;
PSY2;2013;440001972;440003309;876;28;2;3;1;186;29;36;3;3;2;327;32;22260;2168;397;56;5;5858;489;15243;13;140;5;0;1147;1;62572;109;92;9;2;3039;62;;0;;1;;1;;0;;0;
PSY2;2013;440003390;440001998;750;;;;;;;;;;;;;22738;;;;;;;6309;;;;;;;;;;;;;;;0;;0;;0;;0;;0;
PSY2;2013;440007482;;;;;;;;;;;;;;;;;;;;;;;;;;;;;;;;;;;;3.6;0;;0;;0;;0;;0;
PSY2;2013;440007607;440000057;1233;39;1;1;2;187;42;58;1;1;4;278;49;25859;2088;8;1;3;4705;645;;;;;;;;;;;;;;;6;;;;;;;;;;
PSY2;2013;440012102;440000057;3004;12;;;2;86;9;;;;;;;;;;;;;;4170;164;;;;521;14;34940;286;;;13;1136;138;17.25;0;;;;;;;;;
PSY2;2013;440018729;;54;;;;;;;;;;;;;4681;;;;;;;2256;;;;;;;;;;;;;;;0;;0;;1;2.42;0;;0;
PSY2;2013;440021392;440000289;15764;129;0;0;0;438;133;;;;;;;66110;5093;0;0;0;12626;3372;31174;624;0;0;0;1126;166;115866;1353;0;0;0;1889;327;;1;;1;;1;;1;;1;
PSY2;2013;440046001;440042372;272;;;4;;;;;;4;;;;;;;147;;;;41036;;;;;;;;;;;;;;;0;;0;;1;;0;;0;
PSY2;2013;450000062;450000104;2121;15;1;;;62;20;15;1;;;63;21;9946;442;9;;;1512;957;2473;346;;;;285;68;16489;59;16;;;843;186;10.23;1;;0;;0;;0;;0;
PSY2;2013;450000252;450000559;669;;;;;;;;;;;;;32054;;;;;;;;;;;;;;;;;;;;;;;;;;;;;;;
PSY2;2013;450000930;450002423;13092;168;10;;52;390;132;174;10;;55;412;140;48001;10863;1199;;2674;19147;5289;19976;1302;274;;0;1370;92;120088;5747;415;;44;6929;2359;45.88;0;;0;;1;34.38;0;;0;
PSY2;2013;450011507;;52;;;;;;;;;;;;;1856;;;;;;;3500;;;;;;;;;;;;;;1;0;;0;;0;;0;;0;
PSY2;2013;450018924;450015409;197;;;;;;;;;;;;;9559;;;;;;;;;;;;;;;;;;;;;;;;;;;;;;;
PSY2;2013;460785090;;7481;49;2;0;0;152;140;49;2;0;0;159;150;35403;3102;365;0;0;5561;2936;10437;119;96;0;0;365;52;90514;969;13;0;0;1027;590;27.8;1;0.8;1;87.65;1;30.37;0;;0;
PSY2;2013;470000563;470000381;8110;149;11;8;38;200;189;152;11;8;55;205;211;73787;11794;495;195;196;10974;4595;25779;926;5;;;552;17;91359;1427;;;18;586;220;40.35;1;2;1;46.6;1;39.33;0;;0;
PSY2;2013;470005406;470000316;328;;;;;;;;;;;;;6261;;;;;;;;;;;;;;;;;;;;;1.6;;;;;;;;;;
PSY2;2013;470009143;;;;;;;;;;;;;;;;;;;;;;;;;;;;;;;;;;;;;0;;0;;1;0.81;0;;0;
PSY2;2013;480000058;480780147;596;28;1;0;3;69;27;60;1;0;4;107;31;32972;1068;365;0;18;2086;541;10266;23;0;0;0;360;2;30712;212;0;0;0;393;98;14;1;0.2;1;44.17;1;19.53;0;;0;
PSY2;2013;490000106;490000163;12956;90;10;4;17;425;247;95;10;4;22;479;262;98834;6473;1327;64;233;11885;3661;31285;164;112;;;195;202;156577;481;345;;;282;102;59.02;1;0;1;0.4;1;17.34;0;;0;
PSY2;2013;490000247;490000130;265;0;0;0;0;0;0;0;0;0;0;0;0;265;0;;0;0;0;0;;;;;;;;;;;;;;;0;0;;0;;0;;0;;0;
PSY2;2013;490000635;490000676;5071;94;12;3;1;190;2;27;12;3;1;172;2;23823;1100;;;;7078;;11596;137;;;;449;;37813;202;22;3;1;167;3;16.9;1;0.5;1;12.11;1;2.41;0;;0;
PSY2;2013;490001765;490528452;1954;14;2;;;40;;;;;;;;4490;673;;;;1275;;3105;130;;;;6;;21658;1123;;;;311;;12;1;0.5;0;;1;2.9;0;;0;
PSY2;2013;490002979;490535705;163;;;;;;;;;;;;;20740;;;;;;;;;;;;;;;;;;;;;0;0;;0;;0;;0;;0;
PSY2;2013;500000575;500000245;6995;34;;3;;94;67;34;;3;;94;67;33876;2945;;76;;2408;1386;30587;481;;;;1964;258;66925;458;;15;;824;357;5.92;1;;1;24.3;0;;0;;0;
PSY2;2013;500010384;;11861;62;0;1;13;202;60;;;;;;;47394;5467;0;0;51;4665;1376;10713;764;0;0;0;528;30;124819;1492;0;5;80;3745;472;32.36;1;0.85;0;;0;;0;;0;
PSY2;2013;500015185;;7622;149;3;0;1;84;22;;;;;;;37080;279;0;0;0;1839;713;26302;478;0;0;0;0;0;63358;193;2;0;1;0;0;18;1;10.95;0;;1;28.24;0;;0;
PSY2;2013;510000219;510000052;14811;142;12;1;8;350;45;154;13;1;8;392;46;93537;16320;2473;6;405;14132;1198;19231;414;465;;;776;109;223323;2054;10;;;2060;155;62;1;0.74;1;8.52;1;10.85;1;88.62;1;10.84
PSY2;2013;510000284;510000615;457;;;;;;;;;;;;;14243;;;;;;;;;;;;;;;;;;;;;;0;;0;;0;;0;;0;
PSY2;2013;510000813;510000854;58;;;;;;;;;;;;;8908;;;;;;;;;;;;;;;;;;;;;0.2;0;;0;;0;;0;;0;
PSY2;2013;510002447;510000029;6766;14;1;0;0;47;28;15;1;0;0;92;0;14991;1268;0;0;0;2045;850;1950;0;0;0;0;0;0;52531;212;5;0;0;373;3;21.8;;;1;;1;;0;;0;
PSY2;2013;520000076;520780081;1371;28;7;1;4;110;39;29;7;1;4;124;42;42107;1249;699;20;24;2004;1407;21070;0;0;0;0;38;7;87803;126;;;;253;15;13.3;1;4.07;1;7.69;1;15.58;0;;0;
PSY2;2013;530000017;530000025;211;13;;;;44;13;21;;;;48;14;6387;1199;;;;1152;214;;;;;;;;;;;;;;;;1;;0;;0;;0;;0;
PSY2;2013;530000124;530000249;367;;;;;;;;;;;;;19503;;;;;;;;;;;;;;;;;;;;;;0;;0;;0;;0;;0;
PSY2;2013;530000173;530000074;502;15;;;;58;13;;;;;;;36020;900;;;;1961;311;3815;42;;;;17;;24755;325;;;;305;20;6;1;4;0;;0;;0;;0;
PSY2;2013;530000264;530000371;336;31;2;;7;85;21;37;3;;7;408;23;18916;2812;185;;44;5740;1032;5316;225;;;;456;;25594;264;;;;817;;15.5;1;0.8;0;;1;1;0;;0;
PSY2;2013;530007285;530007210;1829;;;;;;;;;;;;;4058;;;;;;;;;;;;;;14381;;;;;;;0.4;0;;0;;0;;0;;0;
PSY2;2013;540000312;540000114;253;6;1;;;56;26;7;1;;;71;30;13651;142;1;;;1578;656;5457;;;;;216;;3674;;;;;129;;5;0;;0;;0;;0;;0;
PSY2;2013;540001070;540000767;3716;11;;;;53;3;16;;;;56;3;7566;1085;;;;1709;66;4353;686;;;;111;;34197;16;;;;;;;1;1;0;;0;;0;;0;
PSY2;2013;540001096;570010181;181;12;;;;47;10;;;;;;;4204;586;;;;1217;516;;;;;;;;;;;;;;;1;1;0.2;0;;0;;0;;0;
PSY2;2013;540002698;540002078;375;14;;;1;41;29;17;;;1;52;31;8364;757;;;7;1330;865;139;;;;;;;4199;1;;;;3;;;0;;0;;0;;0;;0;
PSY2;2013;540006830;540000767;3716;11;;;;53;3;16;;;;56;3;7566;1085;;;;1709;66;4353;686;;;;111;;34197;16;;;;;;;0;;0;;1;3.75;0;;0;
PSY2;2013;540013109;540000114;1473;1;;;;6;2;;;;;;;;;;;;;;57;;;;;3;1;15809;11;;;;86;2;5;0;;0;;0;;0;;0;
PSY2;2013;540014073;540000056;2521;150;11;0;4;304;107;176;13;;4;370;118;81087;7515;2691;;18;14717;3517;17274;192;35;;0;312;58;238632;1545;601;;2;2271;698;;1;5.2;1;45.6;1;105.15;0;;0;
PSY2;2013;540020054;540002078;1247;4;;;;9;10;4;;;;9;10;;;;;;;;;;;;;;;8201;29;;;;105;38;;1;;0;;0;;0;;0;
PSY2;2013;550000186;550000020;891;;;;;;;;;;;;;1296;;;;;;;5347;;;;;;;;;;;;;;;1;;0;;1;;0;;1;
PSY2;2013;550000251;550000095;4372;29;15;;32;119;5;29;15;;32;119;5;47591;2669;454;;214;5087;54;15020;704;219;;;1901;;39504;180;85;;;699;1;;1;0.2;1;0.8;1;2;0;;0;
PSY2;2013;550003362;550000020;3173;83;;;319;153;10;33;;;23;75;5;15150;1682;;;;5781;117;9193;586;;;;1343;30;25918;313;;;2440;1997;17;;1;;0;;0;;0;;0;
PSY2;2013;560000242;560022246;227;;;;;;;;;;;;;38431;;;;;;;;;;;;;;;;;;;;;4;0;;0;;0;;0;;0;
PSY2;2013;560000382;560002032;12891;102;7;;4;645;85;135;11;;8;734;101;97497;5226;1823;;15;20156;1885;52271;587;387;;;1486;246;114795;984;1;;4;2835;326;44;0;;1;81.07;1;41.7;0;;0;
PSY2;2013;560000697;560002677;9500;53;5;1;16;271;12;55;6;1;18;298;13;42362;2812;1724;30;91;10289;311;27269;723;;;;766;;93298;164;;;;405;;26.6;1;1.3;1;5.1;1;13;0;;0;
PSY2;2013;560002081;560000416;609;;;;;;;;;;;;;28259;;;;;;;;;;;;;;;;;;;;;;0;;0;;0;;0;;0;
PSY2;2013;560002123;750043994;632;;;;;;;;;;;;;24714;;;;;;;;;;;;;;;;;;;;;;0;;0;;0;;0;;0;
PSY2;2013;560002685;750043713;481;;;;;;;;;;;;;17087;;;;;;;;;;;;;;;;;;;;;3;0;;0;;0;;0;;0;
PSY2;2013;560004277;750721029;29;;;;;;;;;;;;;5182;;;;;;;;;;;;;;;;;;;;;0.2;0;;0;;0;;0;;0;
PSY2;2013;560006991;220017974;4545;5;;;;6;5;5;;;;6;5;6723;;;;;;;5929;2;;;;;;34401;9;;;;72;17;;1;;0;;0;;0;;0;
PSY2;2013;570000349;570005165;416;;;1;1;16;1;;;1;1;16;1;1162;;;0;1;33;1;;;;;;;;;;;;;;;;1;2.5;0;;0;;0;;0;
PSY2;2013;570000596;750821092;276;1;;;;;;;;;;;;5952;22;;;;;;1146;;;;;;;4033;;;;;;;4;0;;0;;0;;0;;0;
PSY2;2013;570000885;570000133;9481;35;;;;144;57;;;;;;;53808;3874;;;;7734;1591;17680;106;;;;118;9;78297;131;;;;405;51;25.8;1;0.2;1;3.8;0;;0;;1;20.24
PSY2;2013;570000893;570000141;8435;286;43;;39;305;191;298;43;;42;391;202;89120;46443;7727;;4507;5802;3596;15662;5;21;;;239;33;77513;509;94;;22;607;138;30.4;1;1;0;;0;;1;231.69;;
PSY2;2013;570001016;570000513;2047;80;2;2;10;388;148;94;0;2;10;809;151;88046;2369;724;28;566;15578;4171;5264;0;0;0;0;0;0;114319;152;0;5;0;2467;265;31.43;1;3.67;0;;1;31.53;0;;0;
PSY2;2013;570001099;570023630;361;;;;;;;;;;;;;12045;;;;;;;;;;;;;;;;;;;;;;0;;0;;0;;0;;0;
PSY2;2013;570002287;570001230;537;;;;;;;;;;;;;24235;;;;;;;;;;;;;;;;;;;;;;0;;0;;0;;0;;0;
PSY2;2013;570005256;570005165;209;;;;;103;2;;;;;142;2;10829;;;;;5855;22;;;;;;;;;;;;;;;;0;;0;;0;;0;;0;
PSY2;2013;570010181;;;;;;;;;;;;;;;;;;;;;;;;;;;;;;;;;;;;2.3;1;0.2;0;;0;;0;;0;
PSY2;2013;570015750;570005165;4299;;;;;;;;;;;;;;;;;;;;1378;;;;;;;41849;;;;;;;;1;5.2;0;;0;;0;;0;
PSY2;2013;570023309;570023283;39;;;;;;;;;;;;;4825;;;;;;;749;;;;;;;;;;;;;;1.5;0;;0;;0;;0;;0;
PSY2;2013;580780237;580000099;718;;;;;;;;;;;;;34510;;;;;;;;;;;;;;;;;;;;;;0;;0;;1;;0;;0;
PSY2;2013;580972636;580780971;7703;55;2;;9;106;55;86;2;;10;191;60;46325;2681;721;;56;5687;1628;13176;1113;;;;1872;230;83194;1330;;;1640;3489;90;24;1;0.5;0;;0;;0;;0;
PSY2;2013;580972693;580780039;;;;;;;;;;;;;;;;;;;;;;;;;;;;;;;;;;;;0;;0;;;1.64;0;;;
PSY2;2013;590000014;590780052;;;;;;;;6;;;;47;9;;;;;;;;;;;;;;;;;;;;;;4.1;0;;0;;0;;0;;0;
PSY2;2013;590000105;590780193;177;86;;12;;74;14;90;;12;;74;14;1163;3073;;;;3500;98;3956;;;;;;;;;;;;;;;1;1.4;1;;1;;0;;1;
PSY2;2013;590000428;590781605;557;16;;;;164;1;16;;;;164;1;22910;2313;;;;10653;1;;;;;;;;;;;;;;;11.6;;1.04;;;;22.77;;;;
PSY2;2013;590000469;590781662;217;10;;;;33;3;10;;;;36;6;3439;305;;;;319;17;;;;;;;;3795;10;;;;1;;;1;2;0;;0;;0;;0;
PSY2;2013;590000535;590781803;497;25;3;0;2;129;5;25;3;0;2;150;5;21511;2272;1087;0;13;4273;284;4052;101;;;;32;;;;;;;;;;1;;0;;0;;0;;0;
PSY2;2013;590000592;590782165;306;10;3;;3;157;8;10;3;;3;172;9;10449;1015;432;;99;8249;279;7474;27;;;;78;;12375;23;;;;269;;;;;;;;;;;;
PSY2;2013;590000600;590782207;525;4;1;;;75;6;;;;;;;15398;697;11;;;6799;105;;;;;;;;;;;;;;;7.9;0;;0;;0;;0;;0;
PSY2;2013;590000782;590782660;19945;83;7;2;41;541;183;86;7;2;57;569;195;59917;5609;781;24;390;12479;3861;26267;88;;;;223;;236171;2113;252;;;11619;683;66.6;1;1.83;0;;1;25.83;0;;0;
PSY2;2013;590000790;590782678;1400;24;3;1;8;194;101;36;4;1;10;252;126;55221;2948;467;13;95;4925;1593;11717;213;0;0;0;269;0;103553;339;0;0;19;628;251;47;1;0.6;0;;1;9.15;0;;0;
PSY2;2013;590001004;590783239;624;16;1;;7;93;4;18;1;;9;128;6;12699;914;58;;44;2456;122;7171;40;;;;257;;73132;1041;;;3161;486;;;0;;0;;0;;0;;0;
PSY2;2013;590001418;590034740;22635;96;2;3;33;477;179;120;4;3;36;669;243;85695;5982;72;381;329;13014;3953;23581;397;37;0;0;1077;369;225003;1038;2;3;72;2586;615;75;1;1;0;;1;37.52;0;;0;
PSY2;2013;590002317;590799912;28;;;;;;;;;;;;;;;;;;;;2759;;;;;;;;;;;;;;0.39;0;;0;;0;;0;;0;
PSY2;2013;590005245;;559;;;;;;;;;;;;;27117;;;;;;;3037;;;;;;;;;;;;;;;0;;0;;0;;0;;0;
PSY2;2013;590009148;810002519;83;;;;;;;;;;;;;13221;;;;;;;;;;;;;;;;;;;;;2;0;;0;;0;;0;;0;
PSY2;2013;590009528;590782165;30;;;;;;;;;;;;;;;;;;;;2981;;;;;;;;;;;;;;8.2;1;0.2;0;;0;;0;;0;
PSY2;2013;590016408;590016358;323;;;;;;;;;;;;;9441;;;;;;;1775;;;;;;;;;;;;;;;;;;;;;;;;
PSY2;2013;590044665;750720575;70;;;;;;;;;;;;;7414;;;;;;;4229;;;;;;;;;;;;;;;0;;0;;1;27.14;0;;0;
PSY2;2013;590053955;;1100;;;;;;;;;;;;;38443;;;;;;;15753;;;;;;;;;;;;;;;0;;0;;0;;0;;0;
PSY2;2013;590785341;750005068;613;;;;;;;;;;;;;;;;;;;;5482;;;;;;;5574;;;;;;;;0;;0;;0;;0;;0;
PSY2;2013;590787529;590782215;1183;41;7;8;9;242;17;;;;;;;22934;1780;459;88;91;7794;447;16013;79;359;0;0;806;16;79238;108;78;1;7;339;91;30.7;1;1.1;1;0.9;0;;0;;0;
PSY2;2013;590797353;590051801;322;;;;;;;;;;;;;5921;;;;;;;544;;;;;;;;;;;;;;;;;;;;;;;;
PSY2;2013;590816427;590781829;491;;;;;;;;;;;;;21966;;;;;;;3084;;;;;;;;;;;;;;;0;;0;;0;;0;;0;
PSY2;2013;600000012;600100028;21619;231;5;1;60;954;189;241;5;1;91;1025;197;185387;20911;272;14;727;60366;6254;39182;316;;;1;1408;24;312881;184;4;;97;1373;180;128.2;1;3.2;1;28.21;0;;0;;0;
PSY2;2013;600009054;600000798;402;;;;;;;;;;;;;402;;;;;;;;;;;;;;;;;;;;;3;0;;0;;0;;0;;0;
PSY2;2013;600107049;;2425;;;;;;;;;;;;;259;;;;;;;9784;;;;;;;11072;;;;;;;5.5;0;;0;;1;5.5;0;;0;
PSY2;2013;610000028;610780025;996;46;7;0;17;211;91;47;7;0;18;223;95;48135;4830;1629;0;76;7687;1698;15086;886;0;0;0;341;283;108499;1102;;;;5795;;;1;1;1;3.1;1;32.93;0;;0;
PSY2;2013;610788325;610780165;240;12;;;;51;3;;;;;;;9368;809;;;;1539;283;5874;598;;;;613;;29189;355;;;;861;63;;1;;0;;0;;0;;0;
PSY2;2013;620000034;620100057;856;19;6;;6;130;15;19;6;;6;130;15;22668;3885;;;;3821;515;;;;;;;;;;;;;;;13.6;1;1.1;0;;0;;0;;0;
PSY2;2013;620000059;620100073;605;11;;;;1;1;;;;;;;7861;;;;;;;380;;;;;;;5772;14;;;;1;1;2;0;;0;;0;;0;;0;
PSY2;2013;620000240;620100677;3838;17;0;0;1;165;29;9;;;1;154;34;22833;2408;;;21;5705;438;5602;;;;;;;28688;63;;;;287;;;1;0.9;0;;1;;0;;0;
PSY2;2013;620000257;620100685;618;16;3;1;2;123;34;17;3;1;2;131;35;26447;1423;730;18;30;3671;584;6206;929;40;;;;;17542;556;60;;;361;150;;1;;0;;0;;0;;;
PSY2;2013;620000281;620101287;2461;38;8;0;67;416;290;40;10;0;87;444;327;103405;5046;2840;;700;11683;6496;21127;;;;;;;169764;;;;;;;55;1;1.1;0;;0;;0;;0;
PSY2;2013;620000323;620101337;1895;18;5;;;92;11;18;5;;;94;11;14767;1543;365;;;3337;616;3314;105;12;;;;;33031;;60;;;49;8;;1;;0;;0;;0;;0;
PSY2;2013;620000638;;116;;;;;;;;;;;;;16056;;;;;;;;;;;;;;;;;;;;;;0;;0;;0;;0;;0;
PSY2;2013;620000653;620103440;2816;25;;;;137;;;;;;;;23058;2746;;;;4859;;2706;42;;;;5;;44109;416;;;;401;;;1;;0;;0;;0;;0;
PSY2;2013;620001834;;263;1;1;;1;43;15;1;1;;1;66;17;15262;47;365;;14;935;452;;;;;;;;;;;;;;;;1;;0;;0;;0;;0;
PSY2;2013;620002154;620112607;35;;;;;;;;;;;;;35;;;;;;;;;;;;;;;;;;;;;10;1;9.17;0;;1;16.07;0;;0;
PSY2;2013;620003202;620103432;1686;7;;;;62;;7;;;;65;;13622;740;;;;698;;11273;88;;;;485;;8013;37;;;;97;;6;1;1;1;0.1;0;;0;;0;
PSY2;2013;620003475;620100685;145;;;;;;;;;;;;;2349;;;;;;;;;;;;;;;;;;;;;;;;;;;;;;;
PSY2;2013;620018143;620100057;0;;;;;;;;;;;;;0;;;;;;;0;;;;;;;0;;;;;;;;0;;0;;1;;0;;0;
PSY2;2013;620024349;620024299;925;;;;;;;;;;;;;27465;;;;;;;6227;;;;;;;;;;;;;;;0;;0;;1;11.2;0;;0;
PSY2;2013;620025387;620025361;886;;;;;;;;;;;;;22886;;;;;;;6324;;;;;;;;;;;;;;;0;;0;;1;10.03;0;;0;
PSY2;2013;620100347;590039863;607;;;;;;;;;;;;;21338;;;;;;;51;;;;;;;;;;;;;;;0;;0;;0;;0;;0;
PSY2;2013;620105973;590039863;17;;;;;;;;;;;;;6167;;;;;;;;;;;;;;;;;;;;;0.23;0;;0;;0;;0;;0;
PSY2;2013;630000412;630780997;361;1;;;;1;;;;;;;;;;;;;;;1666;2;;;;12;;2946;3;;;;;;;0;;0;;0;;0;;0;
PSY2;2013;630000446;630781029;268;13;0;0;0;49;1;25;0;0;0;54;1;7174;729;;;;878;7;6462;21;;;;;;16053;78;;;;78;;;1;;0;;0;;0;;0;
PSY2;2013;630780195;630786754;8975;119;5;4;35;328;140;;;;;;;72786;7177;747;29;415;15434;5187;45743;1562;125;0;0;1182;162;86377;1495;24;4;325;1510;116;37.69;0;;0;;0;;0;;0;
PSY2;2013;630780401;630000172;1005;;;;;;;;;;;;;37389;;;;;;;;;;;;;;;;;;;;;;;;;;;;;;;
PSY2;2013;630781417;630000578;781;;;;;;;;;;;;;24355;;;;;;;1729;;;;;;;;;;;;;;;0;;0;;0;;0;;0;
PSY2;2013;630781771;630780989;1733;;;2;;112;9;;;2;;118;10;53254;;;26;;2537;251;18204;;;;;8;;31157;;;;;2;;;;;;;1;5;;;;
PSY2;2013;630781821;750043994;977;;;;;;;;;;;;;39157;;;;;;;7440;;;;;;;;;;;;;;;0;;0;;0;;0;;0;
PSY2;2013;640000162;640780417;1132;;;;;;;;;;;;;3745;;;;;;;5455;;;;;;;11953;;;;;;;;1;;0;;1;;1;;0;
PSY2;2013;640000436;640780862;2292;75;3;8;22;574;37;56;4;6;29;495;22;66834;5066;390;103;1087;33550;1145;34440;396;190;2;0;3038;17;0;0;0;0;0;0;0;57.05;0;;0;;1;54.85;0;;0;
PSY2;2013;640007019;;448;;;;;;;;;;;;;24352;;;;;;;;;;;;;;;;;;;;;;0;;0;;;;0;;0;
PSY2;2013;640017521;640790374;438;;;;;;;;;;;;;;;;;;;;;;;;;;;7531;;;;;;;;0;;0;;0;;0;;0;
PSY2;2013;640780334;640000147;52;;;;;;;;;;;;;;;;;;;;601;;;;;;;;;;;;;;;0;;0;;0;;0;;0;
PSY2;2013;640780409;640000154;666;;;;;;;;;;;;;17628;;;;;;;;;;;;;;;;;;;;;;0;;0;;0;;0;;0;
PSY2;2013;640781365;640014601;522;;;;;;;;;;;;;15063;;;;;;;2222;;;;;;;;;;;;;;;0;;0;;0;;0;;0;
PSY2;2013;640781399;640000683;544;;;;;;;;;;;;;17756;;;;;;;;;;;;;;;;;;;;;;0;;0;;0;;0;;0;
PSY2;2013;640784278;640780417;5866;31;;6;;293;41;16;;6;;237;46;29844;1141;;113;;6831;813;5797;0;;16;;148;4;85194;313;;52;;4641;293;;;;;;;;;;;
PSY2;2013;650000060;650780174;10944;50;2;3;6;332;127;50;3;3;8;352;127;60682;2329;7;82;278;11969;6565;28214;42;;;;1327;134;116952;613;8;28;66;5784;1426;30.1;1;0.1;1;18.96;1;24.23;0;;0;
PSY2;2013;650780729;650000276;517;;;;;1;;;;;;;;14366;;;;;14;;;;;;;;;;;;;;;;;0;;0;;0;;0;;0;
PSY2;2013;650780737;650000284;411;;;;;;;;;;;;;15211;;;;;;;;;;;;;;;;;;;;;;0;;0;;0;;0;;0;
PSY2;2013;660000092;660780198;12919;91;7;;20;606;207;93;7;;20;633;216;50648;3315;1557;;177;17140;7284;23575;414;94;;;3349;689;163671;1433;77;;74;7588;1520;55.8;1;3;1;7.26;1;50.37;0;;1;19.94
PSY2;2013;660000142;;1549;;;;;;;;;;;;;38902;;;;;;;6180;;;;;;;;;;;;;;0;0;;0;;0;;0;;0;
PSY2;2013;660000365;;969;;;;;;;;;;;;;780;;;;;;;189;;;;;;;;;;;;;;;0;;0;;0;;0;;0;
PSY2;2013;660780214;660000118;268;;;;;;;;;;;;;20863;;;;;;;;;;;;;;;;;;;;;2;0;;0;;0;;0;;0;
PSY2;2013;670000025;670780055;593;32;0;4;2;125;26;36;0;4;2;155;27;20674;1402;0;106;3;3608;751;3652;;;;;;;;;;;;;;;1;3.5;0;;1;26.39;0;;;
PSY2;2013;670000058;670013366;2871;49;21;0;7;335;400;68;26;0;7;343;422;108154;4896;3790;;40;10533;6571;58000;623;333;;0;1187;145;;;;;;;;90.6;1;1.9;1;48.95;1;2.62;0;;1;19.25
PSY2;2013;670000603;670781152;7681;59;15;;4;297;230;59;15;;4;297;232;53501;4402;1223;;49;12477;;29111;1126;243;;;1430;289;81842;824;241;;2;3370;790;;1;73.6;1;601.57;1;47.6;0;;0;
PSY2;2013;670013754;;834;3;1;;;42;15;3;1;;;60;17;12932;208;18;;;1531;182;2787;;42;;;;;8230;;22;;;11;11;3;0;;0;;0;;0;;0;
PSY2;2013;680000627;680000486;6483;19;2;1;9;109;34;8;5;;9;127;40;26986;609;166;194;94;2064;564;11643;113;;;;;;42886;81;1;;;19;;;1;0.55;1;0.5;0;;0;;0;
PSY2;2013;680000684;680000973;5667;2;1;;;4;;2;1;;;4;;15637;;;;;;;9969;;175;;;14;;39194;2;;;;29;;18.5;1;1;0;;1;;0;;0;
PSY2;2013;680000874;680001179;14198;104;20;;68;762;133;82;16;;30;620;151;82679;6987;1307;0;212;22872;4451;31006;891;193;0;0;907;15;134571;1697;960;0;1799;4824;464;41.9;1;1.18;1;85.95;1;23.6;0;;0;
PSY2;2013;680001294;680000890;872;;;;;;;;;;;;;23157;;;;;;;;;;;;;;;;;;;;;3;0;;0;;0;;0;;0;
PSY2;2013;690000088;690780101;23606;328;28;0;163;1046;259;353;38;0;197;1131;364;166000;30241;62070;;8574;42372;12254;57709;1350;324;;1;1291;50;260416;1856;177;;8;2526;143;;0;;1;130.48;1;32.97;1;109.2;1;22.99
PSY2;2013;690000096;690780119;11667;81;5;;4;271;187;85;5;;4;305;207;37025;3494;205;;24;7403;5063;13018;13;;;;27;36;70986;89;13;;;85;61;50;1;1.5;1;2.87;1;32.49;0;;0;
PSY2;2013;690000310;;1411;;;;;;;;;;;;;40227;;;;;;;7478;;;;;;;;;;;;;;;0;;1;;0;;0;;0;
PSY2;2013;690000336;690780564;745;;;;;;;;;;;;;36070;;;0;;;;2925;;;;;;;;;;;;;;;0;;0;;0;;0;;0;
PSY2;2013;690002092;010783009;607;;;;;;;;;;;;;23896;;;;;;;4451;;;;;;;;;;;;;;4.2;0;;0;;0;;0;;0;
PSY2;2013;690022959;690000732;100;;;;;;;;;;;;;368;;;;;;;466;;;;;;;;;;;;;;1.27;0;;0;;0;;0;;0;
PSY2;2013;690036108;690036090;262;;;;;;;;;;;;;;;;;;;;5909;;;;;;;;;;;;;;;0;;0;;0;;0;;0;
PSY2;2013;690780093;750821092;172;;;;;;;;;;;;;3294;;;;;;;799;;;;;;;4431;;;;;;;;1;4;0;;0;;0;;0;
PSY2;2013;690780507;750052276;1573;;;;;;;;;;;;;61203;;;;;;;4444;;;;;;;;;;;;;;;0;;0;;0;;0;;0;
PSY2;2013;690780515;690000294;499;;;;;;;;;;;;;20481;;;;;;;6908;;;;;;;;;;;;;;;0;;0;;0;;0;;0;
PSY2;2013;690780523;750047938;429;;;;;;;;;;;;;19838;;;;;;;3719;;;;;;;;;;;;;;;0;;0;;0;;0;;0;
PSY2;2013;690780549;750043994;1819;;;;;;;;;;;;;63308;;;;;;;854;;;;;;;;;;;;;;;0;;0;;0;;0;;0;
PSY2;2013;690781745;690000542;488;;;;;;;;;;;;;42025;;;;;;;;;;;;;;;;;;;;;;0;;0;;0;;0;;0;
PSY2;2013;690782081;750005068;616;;;;;;;;;;;;;;;;;;;;6607;;;;;;;8795;;;;;;;3.75;0;;0;;1;;0;;0;
PSY2;2013;690782172;;1063;;;;;;;;;;;;;8664;;;;;;;2448;;;;;;;8305;;;;;;;3.91;0;;0;;1;;0;;0;
PSY2;2013;690784178;690781810;39;;;;;;;;;;;;;;;;;;;;;;;;;;;;;;;;;;1.67;0;;0;;0;;0;;0;
PSY2;2013;690796727;;14628;232;21;;;864;248;183;17;;;662;259;76233;11765;1320;;;32631;9398;21305;696;96;;;1591;302;160843;2280;114;;;5767;674;79.32;;;;;;;;;;
PSY2;2013;700780075;700004096;8198;44;1;7;4;190;163;43;1;7;4;207;174;116761;1533;365;162;21;5532;2936;15053;;;;;;;103362;115;;;;239;;36.2;1;1;1;100.07;1;40.38;1;42.95;0;
PSY2;2013;710780818;710000233;1238;;;;;;;;;;;;;42876;;;;;;;;;;;;;;;;;;;;;;0;;0;;0;;0;;0;
PSY2;2013;710978230;710781329;1000;17;2;45;27;327;92;17;2;45;27;327;92;83423;3619;1000;3740;365;15072;5385;18976;50;0;88;;810;93;60206;45;0;107;;538;89;;;;;;;;;;;
PSY2;2013;710978289;710780263;;;;;;;;;;;;;;;;;;;;;;;;;;;;;;;;;;;;1;;0;;1;;1;;0;
PSY2;2013;720000041;720000058;19628;89;14;;22;287;131;89;14;;27;307;133;103032;5843;3933;;227;10671;3795;24195;1122;247;;;1620;142;167809;2467;43;;368;4181;;54.6;1;0;;2.57;1;9.05;0;;0;
PSY2;2013;720017748;720000561;503;;;;;;;;;;;;;17566;;;;;;;;;;;;;;;;;;;;;;0;;0;;0;;0;;0;
PSY2;2013;720018100;750720575;114;;;;;;;;;;;;;18386;;;;;;;;;;;;;;;;;;;;;4.5;0;;0;;0;;0;;0;
PSY2;2013;730000304;730780582;13499;50;4;0;17;360;256;50;4;0;19;389;272;63128;2386;434;0;134;15972;7455;11550;32;;0;;376;61;134999;315;66;0;4;1476;558;;1;0.43;1;3.51;1;38.22;0;;0;
PSY2;2013;730007978;730011731;834;;;;;;;;;;;;;28746;;;;;;;378;;;;;;;;;;;;;;;0;;0;;0;;0;;0;
PSY2;2013;740000328;740790381;2581;20;;;2;64;16;;;;;;;11485;1605;;;0;2210;385;7287;265;;;;193;96;31550;132;;;2;160;63;;1;;0;;1;;0;;0;
PSY2;2013;740000583;740785035;635;63;;;14;323;185;138;;;17;362;197;31402;3883;;;86;10899;4544;8095;15;;;;1;;53383;409;;;;1957;;23.13;0;;1;28.15;1;8.89;0;;0;
PSY2;2013;740013412;740781133;5441;28;;;1;200;25;57;;;1;279;31;24429;3036;;;4;9513;833;6270;;;;;;;50699;11;;;;7;;38;1;4.2;0;;0;;0;;0;
PSY2;2013;740780184;750052334;524;;;;;;;;;;;;;17851;;;;;;;;;;;;;;;;;;;;;2;0;;0;;0;;0;;0;
PSY2;2013;740781026;740000211;1500;;;2;;;;;;2;;;;47563;;;30;;;;9634;;;;;;;;;;;;;;;0;;0;;0;;0;;0;
PSY2;2013;740781034;750048787;738;;;;;;;;;;;;;24209;;;;;;;8200;;;;;;;;;;;;;;;0;;0;;1;27.5;0;;0;
PSY2;2013;750000499;750140014;33564;185;2;0;3;948;254;115;2;;12;907;240;87919;7719;142;;74;30313;7297;42609;2406;15;;;3652;417;340365;4143;;;22;6932;1393;;;;1;4.6;1;31.73;0;;1;17.04
PSY2;2013;750006348;910140011;;;;;;;;;;;;;;;;;;;;;;;;;;;;;;;;;;;58.42;0;;0;;1;3.6;1;1.9;;
PSY2;2013;750006538;940016819;9341;186;14;;1;708;212;;;;;;;58635;16731;1315;;198;15160;6062;;;;;;;;225760;86;13;;;1944;22;;0;;0;;0;;0;;0;
PSY2;2013;750007528;750804940;58;;;;;;;;;;;;;12016;;;;;;;;;;;;;;;;;;;;;0.97;0;;0;;1;22.33;0;;0;
PSY2;2013;750007668;750719270;565;;;;;;;;;;;;;;;;;;;;35560;;;;;;;;;;;;;;3.62;0;;1;;0;;0;;0;
PSY2;2013;750023749;750034308;17876;437;37;13;1;953;635;448;37;13;1;1033;675;116073;32829;4448;83;9;40173;16059;22724;1156;63;90;0;671;102;256402;5996;1274;436;0;4656;1528;123.92;1;3;0;;0;;0;;0;
PSY2;2013;750039448;750720914;460;1;;;;151;58;1;;;;171;60;16848;115;;;;3183;890;20335;95;;;;31;;;;;;;;;;1;0;0;;1;;0;;0;
PSY2;2013;750051872;;1273;;;;;;;;;;;;;94691;;;;;;;2601;;;;;;;;;;;;;;6;0;;0;;1;23.31;0;;0;
PSY2;2013;750052037;;10746;55;;;2;180;33;68;;;3;219;38;58183;4643;0;0;65;7071;963;16305;329;0;0;0;317;15;91929;756;0;0;0;299;54;;1;0.6;1;43.42;1;33.78;0;;0;
PSY2;2013;750100018;750712184;179;;;;;;;;;;;;;4002;;;;;;;;;;;;;;;;;;;;;;1;;0;;0;;0;;0;
PSY2;2013;750100042;750712184;418;;;;;;;;;;;;;11192;;;;;;;;;;;;;;11677;;;;;;;;1;9;0;;0;;0;;0;
PSY2;2013;750100091;750712184;1948;0;0;0;0;0;0;0;0;0;0;0;0;12009;0;0;0;0;0;0;1712;0;0;0;0;0;0;8625;0;0;0;0;0;0;;1;1.5;0;;0;;0;;0;
PSY2;2013;750100109;750712184;0;0;0;0;0;0;0;0;0;0;0;0;0;0;0;0;0;0;0;0;0;0;0;0;0;0;0;0;0;0;0;0;0;0;3;1;1;0;;1;2.7;0;;0;
PSY2;2013;750100125;750712184;4758;;;;;;;;;;;;;30904;;;;;;;9124;;;;;;;16116;;;;;;;32.1;1;1;0;;1;311.4;0;;0;
PSY2;2013;750100166;750712184;411;;;;;;;;;;;;;7674;;;;;;;;;;;;;;;;;;;;;;1;;0;;1;;0;;0;
PSY2;2013;750100208;750712184;1577;;;;;;;;;;;;;0;;;;;;;790;;;;;;;6334;;;;;;;;;;0;;;;0;;0;
PSY2;2013;750100232;750712184;0;;;;;;;;;;;;;3342;;;;;;;1718;;;;;;;11517;;;;;;;;1;1;0;;1;9.4;0;;0;
PSY2;2013;750100273;750712184;660;0;0;0;0;0;0;0;0;0;0;0;0;7136;0;0;0;0;0;0;0;0;0;0;0;0;0;2751;0;0;0;0;0;0;6;1;1.5;0;;0;;0;;0;
PSY2;2013;750120016;750821092;1231;;;;;;;;;;;;;7073;;;;;;;;;;;;;;;;;;;;;5;1;;0;;0;;0;;0;
PSY2;2013;750140022;750720575;115;;;;;;;;;;;;;;;;;;;;3678;;;;;;;;;;;;;;11.98;0;;0;;0;;0;;0;
PSY2;2013;750150104;750720476;1858;;;5;;1;;;;5;;1;;10455;;;226;;104;;4537;;;;;;;30683;;;;;;;17.24;0;;0;;1;105.78;0;;0;
PSY2;2013;750170102;750721391;2629;;;;;;;;;;;;;224;;;;;;;24122;;;;;;;33135;;;;;;;;;;;;;;;;;
PSY2;2013;750170128;750710428;45;;;;;;;;;;;;;;;;;;;;7171;;;;;;;;;;;;;;1.4;0;;0;;;;0;;0;
PSY2;2013;750170235;750005068;2074;;;;;;;;;;;;;;;;;;;;50076;;;;;;;;;;;;;;;0;;0;;0;;0;;0;
PSY2;2013;750170243;750720922;97;;;;;;;;;;;;;120;;;;;;;13574;;;;;;;;;;;;;;2.89;0;;0;;1;22.03;0;;0;
PSY2;2013;750170268;750721334;30;;;;;;;;;;;;;;;;;;;;3940;;;;;;;;;;;;;;1.7;0;;0;;0;;0;;0;
PSY2;2013;750170490;750719312;24;;;;;;;;;;;;;;;;;;;;2777;;;;;;;;;;;;;;0.8;0;;0;;0;;0;;0;
PSY2;2013;750310013;750043994;415;;;;;;;;;;;;;19096;;;;;;;;;;;;;;;;;;;;;;0;;0;;0;;0;;0;
PSY2;2013;750719361;;78;;;;;;;;;;;;;;;;;;;;35020;;;;;;;;;;;;;;;0;;0;;0;;0;;0;
PSY2;2013;750720674;;320;;;;;;;;;;;;;0;;;;;;;18653;;;;;;;;;;;;;;;0;;0;;1;56.08;0;;0;
PSY2;2013;750802316;750720492;;;;;;;;;;;;;;;;;;;;;;;;;;;;;;;;;;;1.27;0;;0;;0;;0;;0;
PSY2;2013;750802985;;528;;;;;;;;;;;;;7898;;;;;;;5388;;;;;;;6147;;;;;;;4.15;0;;0;;0;;0;;0;
PSY2;2013;750803447;750712184;4182;1;;;;1;8;1;;;;1;8;;;;;;;;;;;;;;;14785;1;;;;1;8;;1;;0;;0;;0;;0;
PSY2;2013;750803454;750712184;4875;;;24;;;;;;;;;;6056;;;225;;;;4647;;;;;;;11806;;;;;;;;1;;0;;1;;0;;0;
PSY2;2013;750826141;750825960;91;;;;;;;;;;;;;130;;;;;;;7219;;;;;;;;;;;;;;1.44;0;;0;;1;16.98;0;;0;
PSY2;2013;750827214;750815607;;;;;;;;;;;;;;;;;;;;;;;;;;;;;;;;;;;0.23;0;;0;;0;;0;;0;
PSY2;2013;760000018;760780023;3772;35;;;;251;12;5;;;;122;23;17076;1492;;;;7371;258;7108;185;;;;170;0;38694;1646;;;;2475;18;;1;;;;1;2;;;;
PSY2;2013;760000158;760780239;;;;;;;;;;;;;;;;;;;;;;;;;;;;;;;;;;;;0;;0;;1;;0;;0;
PSY2;2013;760000190;760780270;3193;38;3;23;92;520;162;43;3;26;159;644;202;161243;5155;637;155;4009;32034;4521;;;;;;;;;;;;;;;93.5;0;;1;38.53;1;23.7;1;91.34;1;29.84
PSY2;2013;760000356;760780726;674;;;;;;;;;;;;;11753;;;;;;;;;;;;;;829;;;;;;;;0;;0;;0;;0;;0;
PSY2;2013;760000372;760780742;2108;0;0;0;0;0;0;;;;;;;3558;;;;;;;;;;;;;;24510;;;;;;;4.6;1;;0;;0;;0;;0;
PSY2;2013;760004143;;107;;;;;;;;;;;;;;;;;;;;4383;;;;;;;26451;;;;;;;0.14;0;;0;;0;;0;;0;
PSY2;2013;760026674;750035578;1067;;;;;;;;;;;;;28054;;;;;;;2497;;;;;;;;;;;;;;5;0;;1;6.3;0;;0;;;
PSY2;2013;760780288;750005068;335;;;;;;;;;;;;;;;;;;;;9860;;;;;;;1456;;;;;;;2.79;0;;0;;1;7.4;0;;0;
PSY2;2013;760781070;760780726;9944;57;4;;29;323;23;61;4;;44;333;23;46712;4701;315;;326;19621;1770;57705;725;246;;;2502;65;5241;419;86;;;1786;28;;1;0.6;0;;1;3.81;0;;0;
PSY2;2013;760783563;760910919;15;;;;;;;;;;;;;;;;;;;;210;;;;;;;;;;;;;;;0;;0;;0;;0;;0;
PSY2;2013;760800938;760780023;676;;;;;;;;;;;;;0;;;;;;;3452;;;;;;;;;;;;;;;;;;;;;;;;
PSY2;2013;760805770;760780726;1320;;;;;;;;;;;;;;;;;;;;;;;;;;;2156;;;;;;;;0;;0;;0;;0;;0;
PSY2;2013;760913137;760009001;156;;;;;;;;;;;;;;;;;;;;;;;;;;;144;;;;;;;;0;;0;;0;;0;;0;
PSY2;2013;770000131;770110013;346;16;2;;;62;5;16;2;;;64;5;12613;1500;259;;;4863;147;2489;32;87;;;132;;;;;;;;;17.7;1;;0;;1;;0;;0;
PSY2;2013;770000156;770110054;261;33;2;4;31;168;22;34;2;4;40;189;23;21991;1122;238;105;439;6494;807;1707;;;;;108;;;;;;;;;;1;;0;;0;;0;;0;
PSY2;2013;770000172;770110070;808;;15;;;20;2;;;;;;;5205;;410;;;876;35;895;;94;;;74;;3519;;27;;;11;;;;;;;;;;;;
PSY2;2013;770000214;770130052;424;26;2;;;134;18;28;2;;;147;19;14061;1985;651;;;5542;474;;;;;;;;41290;257;;;;115;;;1;;0;;1;;0;;0;
PSY2;2013;770000446;770700185;748;50;4;;13;153;17;82;4;;14;183;24;27198;5428;634;;229;6600;1066;;;;;;;;;;;;;;;;1;;1;3;1;1;0;;0;
PSY2;2013;770006138;310021217;1081;;;;;;;;;;;;;39186;;;;;;;11427;;;;;;;;;;;;;;;0;;0;;1;;0;;0;
PSY2;2013;770019032;770170017;1130;64;2;;;187;24;;;;;;;13824;12671;655;;;11041;1341;;;;;;;;;;;;;;;;1;1;1;20.01;1;13.28;1;4.7;0;
PSY2;2013;770150027;750720575;207;;;;;;;;;;;;;7966;;;;;;;3710;;;;;;;28;;;;;;;;0;;0;;1;57.5;0;;0;
PSY2;2013;770310019;770000370;835;;;;;;;;;;;;;36035;;;;;;;;;;;;;;;;;;;;;;0;;0;;0;;0;;0;
PSY2;2013;770310027;770000388;1000;;;;;;;;;;;;;36376;;;;;;;;;;;;;;;;;;;;;0;0;;0;;0;;0;;0;
PSY2;2013;770510055;750719270;475;;;;;;;;;;;;;15735;;;;;;;;;;;;;;;;;;;;;2;0;;0;;0;;0;;0;
PSY2;2013;780000287;780110011;366;22;1;;4;73;;36;1;;4;110;;8554;1750;123;;58;2886;;3829;;;;;;;1240;;;;;;;;1;;0;;1;6;0;;0;
PSY2;2013;780000295;780002697;339;15;0;0;4;75;8;0;0;0;0;0;0;14021;1585;0;0;25;1948;439;2452;0;0;0;0;0;0;4799;;0;0;0;0;0;20.04;1;0.3;0;;0;;0;;0;
PSY2;2013;780000303;780110037;103;;;;;;;;;;;;;;;;;;;;1992;;;;;;;;;;;;;;1;0;;1;0.5;0;;0;;0;
PSY2;2013;780000311;780001236;4153;19;1;0;1;74;15;19;1;0;1;76;15;13727;1161;142;0;2;925;339;3939;19;131;0;0;45;0;17301;173;0;0;0;45;16;7.8;1;1.74;0;;0;;0;;;
PSY2;2013;780000337;780001236;493;7;0;0;2;146;10;7;0;0;2;145;10;7893;147;0;0;350;2399;138;;;;;;;;;;;;;;;7.8;1;;0;;0;;0;;0;
PSY2;2013;780000402;780140026;11962;68;3;0;10;328;46;68;3;0;23;425;56;26415;2612;15;0;54;10681;1463;18146;44;164;0;0;20;0;119545;412;40;0;0;465;30;;;;;;;;;;;
PSY2;2013;780000410;780140059;4479;49;;4;3;186;27;;;;;;;18175;2680;;111;30;6220;782;11794;27;;;;106;;55309;471;;;;1518;122;;0;;0;;0;;0;;0;
PSY2;2013;780009528;;36;;;;;;;;;;;;;4991;;;;;;;;;;;;;;;;;;;;;1;0;;0;;0;;0;;0;
PSY2;2013;780020111;;494;;;;;;;;;;;;;;;;;;;;5107;;;;;;;;;;;;;;;0;;0;;0;;0;;0;
PSY2;2013;780140018;750005068;1674;10;;;1;132;13;;;;;;;47039;730;;;18;5351;590;10016;415;;;;1013;177;9950;13;;;;96;9;22.03;0;;1;1;1;1;0;;0;
PSY2;2013;780140042;780017455;1877;;;;;;;;;;;;;49318;;;;;;;;;;;;;;;;;;;;;;0;;0;;0;;0;;0;
PSY2;2013;780140075;750804114;564;;;;;;;;;;;;;14955;;;;;;;;;;;;;;;;;;;;;;0;;0;;0;;0;;0;
PSY2;2013;780170056;780825097;32;;;;;;;;;;;;;4587;;;;;;;;;;;;;;;;;;;;;;0;;0;;0;;0;;0;
PSY2;2013;780310025;750043994;413;;;;;;;;;;;;;17720;;;;;;;;;;;;;;;;;;;;;;0;;0;;1;;;;0;
PSY2;2013;780800256;780110078;1062;47;;;9;174;7;48;;;9;174;7;9314;1301;;;491;2606;50;;;;;;;;;;;;;;;;1;6.1;0;;0;;0;;0;
PSY2;2013;790000087;790000012;7484;299;13;1;8;378;26;;;;;;;55563;21133;33;0;42;26854;981;1585;419;0;0;0;170;0;51767;184;15;1;4;428;8;22.5;1;;1;58.02;1;32.07;0;;0;
PSY2;2013;790003537;790006654;431;22;;;;77;;;;;;;;21980;3178;;;;9621;;;;;;;;;;;;;;;;14;;;0;;0;;0;;0;
PSY2;2013;790007694;790006654;0;;;;;;;;;;;;;;;;;;;;;;;;;;;;;;;;;;14;1;;0;;1;;0;;0;
PSY2;2013;790012355;790000012;2607;29;2;1;1;36;6;;;;;;;3611;;;;;;;126;10;;;;11;;19106;26;3;1;1;157;6;1;0;;0;;0;;0;;0;
PSY2;2013;800000143;800000028;280;65;;;;376;;31;;;;244;;11449;1034;;;;5936;;;;;;;;;16943;180;;;;211;1;16;1;12.79;0;;0;;0;;0;
PSY2;2013;800000390;800000085;;;;;;;;;;;;;;;;;;;;;;;;;;;;;;;;;;;1;0;;0;;0;;0;;0;
PSY2;2013;800000457;800000119;8765;78;9;1;49;523;129;85;9;1;72;597;139;103492;6667;1288;14;419;31364;5112;20819;323;268;;;846;76;134818;248;1;;308;551;49;;1;;1;;1;;0;;1;
PSY2;2013;800004111;800000093;123;8;;;;33;9;8;;;;33;9;4847;60;;;;1369;99;419;49;;;;106;1;1091;76;;;;360;48;;1;0.2;;;0;;;;;
PSY2;2013;810000562;810000455;5939;21;4;1;1;110;38;23;2;1;2;125;38;34601;696;26;0;10;2266;898;20478;0;5;0;0;56;15;49354;204;3;1;0;549;46;21;1;15;0;;1;;0;;0;
PSY2;2013;810100008;;11117;111;1;5;12;154;100;137;;5;14;206;127;71713;13712;;85;118;5718;2323;30621;324;;;;38;28;96904;630;32;;1;206;195;;;;;;;;;;;
PSY2;2013;820000032;820000016;2272;35;0;0;6;179;15;38;0;0;7;195;15;;;;;;;;;;;;;;;;;;;;;;11.55;0;;0;;0;;0;;0;
PSY2;2013;820002152;310781562;;;;;;;;;;;;;;;;;;;;;;;;;;;;;;;;;;;;0;;0;;1;0.8;0;;0;
PSY2;2013;820003911;240000265;35;;;;;;;;;;;;;8701;;;;;;;340;;;;;;;;;;;;;;;;;;;;;;;;
PSY2;2013;820004067;820000016;5071;9;0;0;0;58;2;9;0;0;0;63;2;;;;;;;;;;;;;;;;;;;;;;15.36;0;;0;;0;;0;;0;
PSY2;2013;830000287;830100525;2169;120;11;;;70;154;120;11;;;70;154;7671;1440;146;;;643;2949;3382;317;274;;;394;46;15187;362;35;;;211;255;8;1;7;0;;1;1.05;0;;0;
PSY2;2013;830000311;830100566;3096;54;1;;;108;;55;1;;;126;;9566;2316;7;;;2082;;8508;298;;;;139;;26304;772;3;;;766;;16;1;0.8;0;;1;28;0;;0;
PSY2;2013;830000345;830100616;5174;90;4;;;219;13;91;4;;;234;11;24306;2672;678;;;6668;150;8411;363;59;;;263;;50054;1626;256;;;1811;8;;0;;0;;0;;0;;0;
PSY2;2013;830000600;830101200;767;54;8;2;20;172;82;98;15;3;26;201;89;43574;2673;1950;43;504;7024;2879;15737;1405;116;0;0;492;306;60703;758;0;92;0;742;355;44.69;0;;0;;0;;0;;0;
PSY2;2013;830017497;830004958;624;;;;;;;;;;;;;18988;;;;;;;;;;;;;;;;;;;;;;;;;;;;;;;
PSY2;2013;830100442;830000204;648;;;;;;;;;;;;;30764;;;;;;;1936;;;;;;;;;;;;;;0;0;;0;;0;;0;;0;
PSY2;2013;830100574;750821092;270;;;;;;;;;;;;;5141;;;;;;;;;;;;;;850;;;;;;;;1;6;0;;0;;0;;0;
PSY2;2013;830100608;830100616;3531;43;;;;129;6;46;;;;160;6;10725;1866;;;;4759;41;5951;117;;;;244;;37593;255;;;;432;12;;;;;;;;;;;
PSY2;2013;830100756;750043994;99;;;;;;;;;;;;;15209;;;;;;;2;;;;;;;;;;;;;;;0;;0;;0;;0;;0;
PSY2;2013;830200515;830001012;954;;;;;;;;;;;;;37309;;;;;;;;;;;;;;;;;;;;;;0;;0;;0;;0;;0;
PSY2;2013;830215919;920000395;85;;;;;;;;;;;;;14170;;;;;;;836;;;;;;;;;;;;;;;0;;0;;0;;0;;0;
PSY2;2013;840000509;840000707;990;;;;;;;;;;;;;35002;;;;;;;2714;;;;;;;;;;;;;;;0;;0;;0;;0;;0;
PSY2;2013;840000541;840000137;21523;227;29;1;115;792;584;190;34;1;146;698;582;90499;22666;4413;4;3519;22377;14173;57663;387;73;;;2484;628;241463;1428;236;;24;10149;3679;111.53;1;3.67;1;23.32;1;54.88;1;172.51;0;
PSY2;2013;850000175;850009010;3479;44;0;0;0;204;0;;0;0;0;;0;8822;1447;0;0;0;5431;0;1162;35;0;0;0;95;0;19415;550;0;0;0;694;0;7;1;1;1;2.37;0;;0;;0;
PSY2;2013;850000183;850000035;219;6;;;;50;9;6;;;;52;9;5817;340;;;;866;53;219;0;;;;19;0;9719;;;;;;;4;1;;0;;0;;0;;0;
PSY2;2013;850000258;850000092;14521;41;3;0;6;440;196;42;3;0;12;463;211;87810;1531;6;0;485;15605;4247;27071;174;23;0;0;638;177;107853;349;116;0;0;2622;846;45.8;0;;1;56.66;1;32.09;0;;0;
PSY2;2013;850013103;;;;;;;;;;;;;;;;;;;;;;;;;;;;;;;;;;;;0.38;0;;0;;0;;0;;0;
PSY2;2013;860000017;860780048;2290;44;9;1;3;453;145;54;10;1;3;534;158;125501;2726;1236;14;73;18892;4272;23380;222;264;;;1617;410;131759;429;;;92;926;304;65;1;55.14;1;49.74;1;107.89;0;;1;21.94
PSY2;2013;870000221;870000973;550;;;;;;;;;;;;;12147;;;;;;;1180;;;;;;;;;;;;;;;0;;;;0;;0;;0;
PSY2;2013;870006137;870002466;17686;140;6;6;22;431;41;144;6;6;23;461;45;111211;5190;1512;87;371;14021;1299;75288;595;;;;382;66;108441;258;;49;35;246;79;;1;6.38;1;7.96;1;2.5;0;;;
PSY2;2013;880000088;880780119;15856;68;7;3;1;280;154;69;1;6;5;306;168;64371;5778;967;104;8;8001;3053;24516;125;0;0;0;852;114;161184;483;122;12;0;1824;730;30.9;1;1.35;0;;1;9.5;0;;0;
PSY2;2013;890000326;890008105;25;;;;;;;;;;;;;8041;;;;;;;;;;;;;;;;;;;;;0.17;0;;0;;0;;0;;0;
PSY2;2013;890002298;890000672;512;;;;;;;;;;;;;31043;;;;;;;;;;;;;;;;;;;;;;0;;;;0;;0;;0;
PSY2;2013;890002371;890000722;1882;0;0;0;0;0;0;0;0;0;0;0;0;51702;0;0;0;0;0;0;6445;0;0;0;0;0;0;0;0;0;0;0;0;0;0;0;;0;;0;;0;;0;
PSY2;2013;890975519;890000052;10528;59;6;1;969;161;143;70;6;1;969;182;154;72032;2475;751;17;170;3387;1544;17686;201;;;;30;;82963;460;1;;8221;81;40;42;0;;1;5.12;1;29.65;0;;0;
PSY2;2013;900002429;700004096;3508;9;;;;27;1;2;;;;27;1;30700;2;;;;495;365;5201;;;;;;;31061;117;;;;49;;15.1;1;0.75;1;49.31;0;;0;;0;
PSY2;2013;910000322;910140011;;;;;;;;;;;;;;;;;;;;;;;;;;;;;;;;;;;4.6;0;;0;;1;29.4;0;;;
PSY2;2013;910000330;910140029;19012;216;;;;771;260;101;;;;407;186;68834;5971;;;;14709;4427;19747;18;;;;383;307;157057;1008;;;;2943;616;81.66;0;;1;3.9;1;43.69;0;;0;
PSY2;2013;910020254;910002773;526;48;1;2;8;186;36;52;2;2;10;5445;40;16976;4325;365;46;20233;8711;1718;2305;41;;;;514;;14919;756;;;;1717;81;;;;;;;;;;;
PSY2;2013;910110071;910110063;547;26;;;;188;19;;;;;;;16779;3443;;;;8666;428;14598;1773;;;;3712;13;;;;;;;;;1;;0;;1;;0;;0;
PSY2;2013;910140037;750720914;121;73;;1;;105;25;85;;1;;112;30;15553;8693;;25;;7594;1552;;;;;;;;;;;;;;;;;;;;;;;;;
PSY2;2013;910150010;910014919;236;;;;;;;;;;;;;8250;;;;;;;;;;;;;;;;;;;;;;0;;0;;0;;0;;0;
PSY2;2013;910310010;750052326;786;;;;;;;;;;;;;32432;;;;;;;;;;;;;;;;;;;;;8;0;;0;;1;19.45;0;;0;
PSY2;2013;910310028;750043994;621;;;;;;;;;;;;;26478;;;;;;;;;;;;;;;;;;;;;;0;;0;;0;;0;;0;
PSY2;2013;920000650;920150059;257;;;;;;;;;;;;;3989;;;;;;;;;;;;;;;;;;;;;3.4;1;;0;;0;;0;;0;
PSY2;2013;920001096;;695;;;;;;;;;;;;;28397;;;;;;;2863;;;;;;;;;;;;;;;;;;;1;5.18;;;;
PSY2;2013;920002177;920804465;8758;53;1;6;1;235;109;55;1;6;1;257;124;25465;2419;286;572;25;9933;5238;;;;;;;;;;;;;;;56.11;1;0.9;0;;1;23.16;0;;0;
PSY2;2013;920007408;950140012;153;10;0;0;0;14;7;11;0;0;0;15;7;5075;442;0;0;0;627;269;;;;;;;;;;;;;;;;;;;;;;;;;
PSY2;2013;920027711;940140049;499;68;3;1;;316;144;77;3;1;;340;155;17852;4954;802;109;;12745;4951;10963;133;;;;60;15;;;;;;;;;1;7.49;0;;0;;0;;0;
PSY2;2013;920100039;750712184;65;;;;;;;;;;;;;;;;;;;;;;;;;;;131;;;;;;;;1;2;0;;0;;0;;0;
PSY2;2013;920100047;750712184;4086;30;;;;114;10;32;;;;119;11;9502;1593;0;;;5792;121;3820;142;;;;293;;21785;788;;;;245;;;1;1;1;0.3;1;0.5;0;;0;
PSY2;2013;920100062;750712184;2773;28;2;0;0;145;36;38;0;0;0;180;48;11042;1867;24;0;0;5926;1343;7120;605;193;0;0;2148;193;21750;322;30;0;0;2394;470;;0;;1;19.9;0;;0;;0;
PSY2;2013;920120011;750821092;276;;;;;;;;;;;;;5681;;;;;;;38;;;;;;;6074;;;;;;;5;0;;0;;0;;0;;0;
PSY2;2013;920140019;750005068;1088;13;4;;;49;19;14;4;;;54;19;10528;761;1235;;;2073;1114;4288;566;38;;;315;27;6881;71;11;;;45;14;;0;;0;;0;;0;;0;
PSY2;2013;920140027;750720575;315;;;;;;;;;;;;;27894;;;;;;;6844;;;;;;;7352;;;;;;;;0;;0;;0;;0;;0;
PSY2;2013;920170024;940809452;69;;;;;;;;;;;;;;;;;;;;8506;;;;;;;163;;;;;;;0.7;0;;0;;0;;0;;0;
PSY2;2013;920170081;750721391;215;;;;;;;;;;;;;214;;;;;;;20196;;;;;;;189;;;;;;;;;;;;;;;;;
PSY2;2013;920170115;920718053;104;;;;;;;;;;;;;0;;;;;;;8894;;;;;;;208;;;;;;;;0;;0;;1;19.11;0;;0;
PSY2;2013;920310026;920001070;501;;;;;;;;;;;;;21523;;;;;;;;;;;;;;;;;;;;;;0;;0;;0;;0;;0;
PSY2;2013;920310034;920001088;672;;;;;;;;;;;;;14067;;;;;;;;;;;;;;;;;;;;;;0;;0;;0;;0;;0;
PSY2;2013;920310059;920001104;444;;;;;;;;;;;;;14027;;;;;;;;;;;;;;;;;;;;;;0;;0;;0;;0;;0;
PSY2;2013;920690278;920718202;43;;;;;;;;;;;;;5589;;;;;;;;;;;;;;;;;;;;;0.88;0;;0;;0;;0;;0;
PSY2;2013;920811635;780140059;3400;;;6;;2;;;;;;;;6085;;;153;;10;;8565;;;;;;;43589;;;46;;2;;;0;;0;;1;3.33;0;;0;
PSY2;2013;930000336;930110069;50;;;3;;;;;;3;;;;2240;;;1095;;;;;;;;;;;;;;;;;;;1;;0;;1;;0;;;
PSY2;2013;930000344;930140025;3062;252;21;1;9;851;470;288;38;0;13;829;532;113388;7745;1289;50;150;19009;9103;43268;72;;;;81;7;443460;2387;1665;18;5;1737;513;212.82;1;8.53;1;5.18;1;73.28;0;;0;
PSY2;2013;930001433;930110051;3556;;;;;;;;;;;;;;;;;;;;2712;;;;;;;;;;;;;;;0;;0;;1;82.09;0;;0;
PSY2;2013;930004288;750720922;41;;;;;;;;;;;;;4432;;;;;;;;;;;;;;;;;;;;;1;0;;0;;0;;0;;0;
PSY2;2013;930020920;750043408;613;;;;;1;;;;;;;;30155;;;;;20;;1260;;;;;;;;;;;;;;;0;;0;;0;;0;;0;
PSY2;2013;930100037;750712184;3437;0;0;0;0;0;0;0;0;0;0;0;0;0;0;0;0;0;0;0;870;0;0;0;0;0;0;18175;0;0;0;0;0;0;;1;0;0;;1;11.9;0;;;
PSY2;2013;930310016;930022553;1197;3;;;;127;;;;;;;;53396;139;;;;5924;;;;;;;;;;;;;;;;;0;;0;;0;;0;;0;
PSY2;2013;930703921;750721334;;;;;;;;;;;;;;;;;;;;;;;;;;;;;;;;;;;0.51;0;;0;;0;;0;;0;
PSY2;2013;930817465;930712716;40;;;;;;;;;;;;;6539;;;;;;;;;;;;;;;;;;;;;1.5;0;;0;;0;;0;;0;
PSY2;2013;940000573;940110018;4530;;;;;;;;;;;;;1378;;;;;;;4125;;;;;;;48369;;;;;;;;1;1.5;0;;1;1.2;0;;0;
PSY2;2013;940000599;940110042;2479;13;1;;;31;10;13;1;;;36;10;8031;540;97;;;1191;637;2202;;;;;;;14442;281;7;;;36;;;;4.5;;;;;;;;
PSY2;2013;940000607;940140015;2217;;;11;;;;;;;;;;12051;;;120;;;;9323;;;;;;;23670;;;;;;;22.1;0;;0;;0;;0;;0;
PSY2;2013;940000615;940140023;1401;55;;;;347;125;;;;;;;;;;;;;;;;;;;;;;;;;;;;;1;2.2;0;;0;;0;;0;
PSY2;2013;940000631;940140049;1174;243;33;;70;619;258;271;33;;75;679;270;59386;30008;7736;;3948;28198;10136;48907;911;326;;;1468;213;;;;;;;;;1;4.49;1;0.38;0;;1;147.44;1;50.37
PSY2;2013;940016868;940016819;5733;12;;;;49;35;;;;;;;15620;815;;;;776;228;;;;;;;;112049;;;;;;;;0;;1;2;0;;0;;0;
PSY2;2013;940100027;750712184;642;16;;;;83;6;123;;;;394;204;32223;2753;;;;4679;212;5703;113;;;;2;;25889;342;;;;46;1;;1;4;0;;0;;0;;0;
PSY2;2013;940100035;750712184;429;;;;;;;;;;;;;6462;;;;;;;2147;;;;;;;1197;;;;;;;;0;;1;33;0;;0;;0;
PSY2;2013;940100043;750712184;328;;;;;;;;;;;;;12644;;;;;;;1482;;;;;;;8084;;;;;;;;1;;0;;0;;0;;0;
PSY2;2013;940100068;750712184;292;16;0;0;2;57;12;16;0;0;2;57;12;11487;579;0;0;100;2445;648;390;167;;;55;;;6308;216;24;0;0;204;180;;1;;0;0.5;0;;0;;0;
PSY2;2013;940120017;750821092;99;;;;;;;;;;;;;2025;;;;;;;;;;;;;;;;;;;;;2;0;;0;;0;;0;;0;
PSY2;2013;940170012;940000672;60;;;;;;;;;;;;;11598;;;;;;;;;;;;;;;;;;;;;;0;;0;;0;;0;;0;
PSY2;2013;940170137;750721391;61;;;;;;;;;;;;;130;;;;;;;8116;;;;;;;4;;;;;;;;;;;;;;;;;
PSY2;2013;940310014;940000979;1270;;;;;;;;;;;;;46028;;;;;;;;;;;;;;;;;;;;;;0;;0;;0;;0;;0;
PSY2;2013;940310022;310021241;1183;;;;;;;;;;;;;38068;;;;;;;;;;;;;;;;;;;;;;;;;;;;;;;
PSY2;2013;940721400;;3342;;;;;;;;;;;;;4760;;;;;;;;;;;;;;;;;;;;;;0;;0;;1;;0;;0;
PSY2;2013;940807654;;77;;;;;;;;;;;;;5801;;;;;;;9278;;;;;;;;;;;;;;;0;;0;;0;;0;;0;
PSY2;2013;950000307;950110015;223;24;;;2;143;15;24;;;2;143;15;7568;1015;;;55;4795;;;;;;;18;;;;;;;52;15;;0;;0;;1;17.34;0;;0;
PSY2;2013;950000315;950001370;3149;33;3;1;;130;22;30;5;0;;147;14;10188;2643;132;20;;4561;689;9591;61;238;;;211;71;25789;185;56;;;365;20;15;1;8.49;0;;1;0.3;0;;0;
PSY2;2013;950000323;950013870;3966;30;;;;251;30;;;;;;;23871;2476;;;;8117;1610;4300;150;;;;;;25564;165;;;;155;9;;1;2;1;1.2;1;;0;;0;
PSY2;2013;950000331;950110049;4117;36;1;1;0;141;45;;;;;;;13451;1755;315;5;0;4851;2110;29980;3;0;0;0;394;285;40887;11;0;0;0;12;0;39.5;1;21;1;1;1;3.3;0;;0;
PSY2;2013;950000356;950013870;1261;5;;;;18;2;;;;;;;;;;;;;;7180;250;;;;587;;17886;25;;;;168;19;;0;;0;;0;;0;;0;
PSY2;2013;950000364;950110080;;48;1;;;224;;48;;;;224;;;;;;;;;;;;;;;;;;;;;;;;1;;0;;0;;0;;;
PSY2;2013;950000398;950140012;471;89;12;;;259;157;90;12;;;263;164;26084;7007;2385;;;10235;6274;;;;;;;;;;;;;;;;;;;;;;;;;
PSY2;2013;950002568;750043994;2075;;;;;21;1;;;;;;;91823;;;;;1432;29;5327;;;;;;;;;;;;;;15;0;;0;;0;;0;;0;
PSY2;2013;950006908;750719270;180;;;;;;;;;;;;;19397;;;;;;;;;;;;;;;;;;;;;4;0;;0;;0;;0;;0;
PSY2;2013;950150052;750720575;223;;;;;;;;;;;;;15611;;;;;;;940;;;;;;;;;;;;;;;0;;0;;0;;0;;0;
PSY2;2013;950170019;750721342;24;;;;;;;;;;;;;3754;;;;;;;;;;;;;;;;;;;;;;;;;;;;;;;
PSY2;2013;950300301;950000562;494;;;;;;;;;;;;;11240;;;;;;;1583;;;;;;;;;;;;;;;0;;0;;0;;0;;0;
PSY2;2013;950310029;950008938;486;;;;;;;;;;;;;23452;;;;;;;;;;;;;;;;;;;;;;0;;0;;0;;0;;;
PSY2;2013;950787119;950802405;21;;;;;;;;;;;;;3056;;;;;;;;;;;;;;;;;;;;;;0;;0;;0;;0;;0;
PSY2;2013;970100251;970100467;284;;;;;;;;;;;;;14481;;;;;;;;;;;;;;;;;;;;;;0;;0;;0;;0;;0;
PSY2;2013;970100400;970100186;146;0;;;;38;10;;;;;;;;;;;;;;;;;;;;;;;;;;;;4;0;;1;0.1;0;;0;;0;
PSY2;2013;970100442;970100228;419;70;3;2;7;373;11;;;;;;;13818;2793;523;96;139;12996;89;6914;62;0;0;0;23;0;37260;110;0;0;0;354;0;;1;;0;;0;;0;;1;
PSY2;2013;970100475;970100277;5431;54;5;2;7;320;15;64;7;2;11;450;17;22159;3388;1315;36;229;12434;310;8253;14;0;0;0;235;0;66234;883;267;8;0;4126;42;32.8;1;;0;;0;;0;;1;
PSY2;2013;970200069;970202180;678;144;26;3;21;407;135;124;30;3;19;493;116;56983;6931;6839;81;835;14551;6041;4306;791;0;0;0;0;0;81600;1756;77;0;0;938;13;;1;2;1;2;1;3;1;2;1;2
PSY2;2013;970209714;970210225;369;;;;;;;;;;;;;15477;;;;;;;2699;;;;;;;;;;;;;;0.4;0;;0;;0;;0;;0;
PSY2;2013;970211215;970211207;;;;;;;;;;;;;;;;;;;;;;;;;;;;;;;;;;;;1;;;;;;;;;
PSY2;2013;970300026;970302022;334;28;2;2;24;148;126;28;2;2;24;148;126;11357;373;485;50;417;;;1396;;;;;;;;;;;;;;;1;9.9;;;;;;;;
PSY2;2013;970300083;970302121;105;;;;;;;;;;;;;3603;;;;;;;1968;;;;;;;4826;;;;;;;;1;;0;;1;;0;;0;
PSY2;2013;970400016;970411005;2626;55;;;29;412;260;;;;;;;42397;5781;;;425;9808;3392;;;;;;;;;;;;;;;65.65;1;7.68;1;2.7;1;10.01;0;;1;29.93
PSY2;2013;970400057;970408589;9497;51;34;0;2;258;33;51;34;0;2;258;33;13834;1079;6;0;0;3364;584;13240;184;69;0;0;651;11;54562;342;418;0;5;2250;127;37;1;4;1;3;1;11;0;;0;
PSY2;2013;970408753;970408746;396;;;;;;;;;;;;;20245;;;;;;;2860;;;;;;;;;;;;;;;0;;0;;0;;0;;0;
PSY2;2013;970467155;970467148;609;;;;;;;;;;;;;24710;;;;;;;5928;;;;;;;;;;;;;;;0;;0;;0;;0;;0;
PSY2;2013;980500011;980500003;;;;;;;;;;;;;;;;;;;;;;;;;;;;;;;;;;;;1;1;0;;0;;0;;0;
