BOR;AN;FI;FI_EJ;CAEH;CAEF;CUIH;CUIF;CAPH;CAPF;CAVH;CAVF;CAUH;CAUF
Q25;2013;010000024;010780054;1;2;;;;1;1;;;
Q25;2013;010000065;010780096;0;0;0;0;0;1;0;1;0;0
Q25;2013;010000081;010780112;3;8;;;;;4;10;;
Q25;2013;010000099;010780120;;;1;;;;;;;
Q25;2013;010000107;010780138;;5;;;;;;;;
Q25;2013;010000115;010009132;1;2;;;;;;;;
Q25;2013;010000131;010009132;1;0;0;0;0;0;0;0;0;0
Q25;2013;010000198;010007987;0;1;0;0;0;0;0;0;0;0
Q25;2013;010000214;010007987;1;2;0;0;0;1;0;0;0;0
Q25;2013;010000495;010783009;5;13;;;;;;;;1
Q25;2013;010005239;010008407;1;5;0;0;0;0;1;1;0;0
Q25;2013;010009314;010780054;;1;;;;;;;;
Q25;2013;010780195;010000156;;;;;;1;;2;;
Q25;2013;010780278;010783009;;;;;1;;;1;;
Q25;2013;010780476;750005068;;;;;1;3;;;;
Q25;2013;010780492;360000707;1;7;;;;5;;;;
Q25;2013;020000089;020000022;2;24;;;1;;;;;
Q25;2013;020000097;020000048;6;19;;;;;1;;;
Q25;2013;020000105;020000055;2;8;;;;;;;;2
Q25;2013;020000246;020000071;2;6;;;;;;;;
Q25;2013;020000303;750814030;;1;;;3;;;;;
Q25;2013;020000394;020000253;4;19;0;0;1;0;4;4;0;0
Q25;2013;020000519;020000261;6;49;;;;6;2;1;;
Q25;2013;020000535;020000287;1;3;;;1;;1;7;;
Q25;2013;020000543;020000295;2;8;0;0;0;3;2;;0;0
Q25;2013;020000683;020002085;;4;;;;;1;1;;
Q25;2013;020000915;020003620;;6;;;;;1;6;;
Q25;2013;020001061;020004404;4;1;;;;1;;;;
Q25;2013;020001087;020004495;2;6;0;0;0;0;0;0;0;0
Q25;2013;020003877;020000253;0;5;0;0;0;0;0;1;0;0
Q25;2013;020004156;590805065;;4;;;;;;1;;
Q25;2013;020004297;020005179;;;;;;;;2;;
Q25;2013;020004677;020000261;;2;;;;;;;;
Q25;2013;020010310;750719361;;1;;;;;;;;
Q25;2013;020014767;590805065;;1;;;;;;;;
Q25;2013;030000012;030180020;;4;;;;;;;;
Q25;2013;030000061;030780092;;5;;;1;2;4;8;;
Q25;2013;030000079;030780100;;1;;;;;;;;
Q25;2013;030000087;030780118;17;48;0;0;0;0;1;4;0;0
Q25;2013;030000095;030780126;1;;;;;;3;2;;
Q25;2013;030000160;030780282;;;;;1;1;;;;
Q25;2013;030002208;030002158;3;0;0;0;0;0;0;0;0;0
Q25;2013;030785430;030785422;;;;;;1;;;;
Q25;2013;040000028;040780124;;;;;;;1;2;;
Q25;2013;040000051;040780173;1;;;;;;;;;
Q25;2013;040000069;040780181;1;1;;;;;2;1;;
Q25;2013;040000077;040780199;;3;;;;;;;;
Q25;2013;040000119;040780231;1;8;;;;;;;;
Q25;2013;040000127;040780249;;1;;;;;;1;;
Q25;2013;040000135;050002948;0;1;0;0;0;1;0;0;0;0
Q25;2013;040780389;040000150;0;0;0;0;0;2;0;0;0;0
Q25;2013;050000058;050000033;;;;;;2;;;;
Q25;2013;050000132;050007145;3;3;;;;;;;;
Q25;2013;050000223;050000108;;;;;;;1;1;;
Q25;2013;050000231;050000116;2;;;;;;1;;;
Q25;2013;050000256;050000124;3;14;;;;;2;0;;
Q25;2013;050000348;050002948;8;8;0;0;1;3;0;0;0;0
Q25;2013;050000488;050000678;;;;1;;;;;;
Q25;2013;050000991;050000546;;1;;;1;2;;;;
Q25;2013;060000296;060780640;;1;;;;;;;;
Q25;2013;060000304;060780657;1;0;;;;;;;;
Q25;2013;060000411;060780780;3;4;;;;;;1;;
Q25;2013;060000445;060780814;2;2;;;;;1;;;
Q25;2013;060000478;060780897;1;5;0;0;0;1;1;6;0;0
Q25;2013;060000486;060780905;;2;;;;;;;;
Q25;2013;060000510;060780954;0;0;0;0;0;0;4;0;0;0
Q25;2013;060000528;060780962;1;1;;;8;4;;;;
Q25;2013;060000536;060006889;5;4;;;1;;;4;;
Q25;2013;060000551;060781010;1;6;;;;;;;;
Q25;2013;060002102;060791761;12;21;;;;;1;1;;
Q25;2013;060019627;060019551;;;;;1;;;;;
Q25;2013;060021201;060000155;;;;;;1;;;;
Q25;2013;060780350;920000395;;;;;0;1;;;;
Q25;2013;060780392;060000205;;;;;;1;;;;
Q25;2013;060780442;060000213;;;;;1;2;;;;
Q25;2013;060780459;010783009;;;;;;1;1;1;;
Q25;2013;060780517;060000239;;;;;4;12;;;;
Q25;2013;060780699;060000346;;;;;;;;1;;
Q25;2013;060780715;060000361;;;;;;7;;;;
Q25;2013;060780723;060004959;;;;;;1;;;;
Q25;2013;060780749;060000395;0;0;0;0;0;1;0;0;0;0
Q25;2013;060780996;630786754;;;;;;2;;;;
Q25;2013;060781200;060000635;;;;;1;3;;;;
Q25;2013;060785219;060001468;;;;;1;;;;;
Q25;2013;060788957;060785011;;;;;;;;;0;5
Q25;2013;060789195;060785011;;;;;;;;;;2
Q25;2013;060790631;060791761;;8;;;;;;;;
Q25;2013;060791811;750826638;1;;2;1;;;;;;
Q25;2013;060800166;060780608;;;;;1;2;;;;
Q25;2013;070000013;070002878;1;3;;;;;;;;
Q25;2013;070000039;070780119;0;2;;;;;;;;
Q25;2013;070000047;070780127;1;;;;;;2;1;;
Q25;2013;070000062;070005558;1;2;;;;1;;;;
Q25;2013;070000070;070780150;;5;;;;1;;;;
Q25;2013;070000096;070780184;;2;;;;;;2;;
Q25;2013;070000146;070004742;0;4;0;0;0;0;0;0;0;0
Q25;2013;070000179;070780358;3;4;0;0;1;0;2;7;0;0
Q25;2013;070000195;070780374;1;1;;;;;;;;
Q25;2013;070000203;070780382;1;2;;;;;;1;;
Q25;2013;070000484;070005566;0;1;0;0;0;0;0;0;0;0
Q25;2013;070000609;070005566;6;2;0;0;0;0;3;0;0;0
Q25;2013;070780226;300012267;;1;;;;;;;;
Q25;2013;070780234;750721300;1;3;;;;;;;;
Q25;2013;070780317;630786754;;;;;2;2;1;1;;
Q25;2013;070780390;070000211;;;;;;1;;;;
Q25;2013;070780424;070000245;;1;;;;16;;;;
Q25;2013;070784517;070002878;1;5;;;;;;;;
Q25;2013;080000110;080000037;6;14;0;0;0;0;4;0;0;0
Q25;2013;080000219;080001969;1;3;;;;;1;0;;
Q25;2013;080000250;540019726;3;13;0;0;0;0;0;0;0;0
Q25;2013;080000276;080001969;2;;;;;;;1;;
Q25;2013;080000300;080000078;;4;;;;;;4;;
Q25;2013;080000318;080000086;3;;;;;;;;;
Q25;2013;080000425;080000615;;;;;1;1;;;;
Q25;2013;090000019;090180019;;1;;;;;;1;;
Q25;2013;090000175;090781774;8;35;;;;2;;6;;
Q25;2013;090000183;090781816;1;1;;;;;;;;
Q25;2013;090000217;090782251;1;;;;;;;2;;
Q25;2013;090001629;090780107;1;;;;;;;;;
Q25;2013;090002841;090781774;;1;;;;;;;;
Q25;2013;100000090;100000017;;2;;;;;;;;
Q25;2013;100000108;100000033;;;;;;;1;;;1
Q25;2013;100000116;100000041;2;1;;;;;2;2;;
Q25;2013;100000140;100000058;;;;5;;;2;2;;
Q25;2013;100000199;100006279;;1;;;;;2;2;;
Q25;2013;100007285;140017617;;;;;;1;;;;
Q25;2013;110000023;110780061;14;16;;;;2;1;1;;
Q25;2013;110000049;110780087;3;18;;;;;;5;;
Q25;2013;110000189;110780707;1;1;0;0;0;0;0;1;0;0
Q25;2013;110000247;110780772;;;;;;;2;;;
Q25;2013;110000262;110781010;1;6;;;;;;1;;
Q25;2013;110780186;110000072;;2;;;;;;;;
Q25;2013;110780228;110000114;;;;;3;2;;;;
Q25;2013;110785789;110786324;;3;;;;;;;;
Q25;2013;110786324;;3;3;;3;;1;;;;
Q25;2013;110786746;110786324;;2;;;;2;;;;
Q25;2013;120000039;120780044;;;;;;;;1;;
Q25;2013;120000070;120780085;4;27;;;;;;;;
Q25;2013;120000088;120780093;1;2;;;;;;;;
Q25;2013;120000096;120780101;1;5;;;;;;;;
Q25;2013;120000153;120780291;1;5;;;;;2;4;;
Q25;2013;120000237;120780481;;2;;;;;;;;
Q25;2013;120004569;120004528;;1;;;;1;1;;;
Q25;2013;120780135;120000104;1;;;;;;3;;;
Q25;2013;120780283;630786754;2;14;;;;;;1;;
Q25;2013;130000235;130780554;2;0;0;0;0;0;0;0;0;0
Q25;2013;130000409;130041916;0;0;0;0;0;3;2;13;0;0
Q25;2013;130000433;130781131;;;;;1;1;;;;
Q25;2013;130000516;130781339;;3;;;;;;;;
Q25;2013;130000565;130781446;6;10;;;;;1;2;;
Q25;2013;130001225;130782634;1;3;0;0;0;0;6;1;0;0
Q25;2013;130001258;130028228;4;19;0;0;1;1;16;26;0;0
Q25;2013;130001647;130784127;13;8;;;3;6;2;9;;
Q25;2013;130002215;130785512;1;11;;;;;13;21;;
Q25;2013;130002496;130786494;2;11;;;;;;1;;
Q25;2013;130002827;130789274;;;0;0;0;0;5;11;0;0
Q25;2013;130002835;130789316;8;50;;;;;;;;
Q25;2013;130012719;130000938;0;0;1;0;0;0;0;0;0;0
Q25;2013;130024458;130804396;;1;;;;;;;;
Q25;2013;130032758;130001514;;;;;1;1;;;;
Q25;2013;130037922;130037823;1;;;;;;;;;
Q25;2013;130043664;130002157;3;1;;;;2;;;;
Q25;2013;130780521;130786049;;;;;1;7;;;;
Q25;2013;130781255;220020739;1;;;;;;;;;
Q25;2013;130781479;130000599;0;0;0;0;4;8;0;0;0;0
Q25;2013;130782097;130000938;0;;1;;0;;0;;0;
Q25;2013;130783152;130001365;;;;;;2;1;;;
Q25;2013;130783236;130786049;0;0;0;0;;6;0;0;0;0
Q25;2013;130783293;130786049;0;0;0;0;1;7;1;0;0;0
Q25;2013;130783327;130001415;;;;;1;6;;;;
Q25;2013;130783665;130043722;;;;;;;;1;;
Q25;2013;130783723;130001456;;;;;1;4;;;;
Q25;2013;130783764;750043994;;;;;;2;;;;
Q25;2013;130783871;130001548;;;;;1;1;;;;
Q25;2013;130784234;130786049;;;;;;5;;;;
Q25;2013;130784481;130001787;;;;;;;;;1;
Q25;2013;130784549;130001811;;;;;;;1;;;
Q25;2013;130784598;130001852;;;;;1;4;;;;
Q25;2013;130784713;130038847;;;;;1;6;;;;
Q25;2013;130784952;130014228;1;;;;;;;;;
Q25;2013;130785355;130002157;3;2;;;;2;;;;
Q25;2013;130785389;130002173;;;;;;2;;;;
Q25;2013;130785652;130014228;34;17;;;;;7;1;;
Q25;2013;130785678;130002249;;;;;;5;;;;
Q25;2013;130785983;130002306;;;;;;1;;;;
Q25;2013;130786361;130002447;;;;;;4;;3;;
Q25;2013;130786742;750821092;0;2;0;0;0;0;0;0;0;0
Q25;2013;130786924;130037815;;;;;1;;;;;
Q25;2013;130786932;130002660;;;;;;;;3;;
Q25;2013;130790157;130789316;0;2;0;0;0;0;0;1;0;0
Q25;2013;130802143;130804396;1;0;;;;;;;;
Q25;2013;130804297;130786049;;;;;1;3;;;;
Q25;2013;130809015;130001928;8;7;;;;1;8;3;;
Q25;2013;140000027;140000035;0;0;0;0;0;0;2;3;0;0
Q25;2013;140000076;140000084;2;4;;;;;;;;
Q25;2013;140000209;140000100;9;21;;;;;;;;
Q25;2013;140000233;140000118;9;20;;;;;;;;
Q25;2013;140000308;140000134;6;13;;;;;;;;
Q25;2013;140000340;140025800;1;1;;;1;;;;;
Q25;2013;140000373;140000159;1;9;;;;;1;1;;
Q25;2013;140000555;140000639;3;5;;;5;21;;;;
Q25;2013;140002239;140000415;;;;;1;;;;;
Q25;2013;140002452;140025800;1;3;;;0;2;1;;;
Q25;2013;140002619;750721334;;;;;;;;1;;
Q25;2013;140004136;140000092;;1;;;;;;;;
Q25;2013;140004383;140000100;;3;;;;;;;;
Q25;2013;140012196;140000100;2;;;;;;;;;
Q25;2013;140013830;140000118;;7;;;;;;;;
Q25;2013;140017237;140003278;;;;;;1;;;;
Q25;2013;140017278;610787285;;;;;1;;;;;
Q25;2013;140017401;140000092;;3;;;;;;;;
Q25;2013;140024886;140000092;3;5;;;1;;;;;
Q25;2013;140026410;140026279;;;;;;;2;;;
Q25;2013;140026709;140000415;;;;;;1;;;;
Q25;2013;150000024;150780047;;4;;;;;;;;
Q25;2013;150000032;150780088;2;9;;3;;;;;;
Q25;2013;150000040;150780096;;;;;1;3;2;10;;
Q25;2013;150000149;150780393;1;1;;;;;;;;
Q25;2013;150000164;150780468;;8;;;;;1;2;;
Q25;2013;150000180;150780500;;1;;;;;;;;
Q25;2013;150002921;150780468;;2;;;;;;;;
Q25;2013;150780120;150000065;;;;;;3;;;;
Q25;2013;150780708;870015336;0;3;;;;;;;;
Q25;2013;160000154;160006037;;7;;;;;;;;
Q25;2013;160000170;160000204;;;;;;1;;;;
Q25;2013;160000188;160000121;1;1;;;;;2;11;;
Q25;2013;160000253;160000451;15;35;;;;;3;4;;
Q25;2013;160000303;160006037;3;14;;;;;;;;
Q25;2013;160000311;160000485;1;6;;;;;1;5;;
Q25;2013;160000337;160000493;2;7;0;0;0;0;0;0;0;0
Q25;2013;160000345;160000501;9;29;;;;;;2;;
Q25;2013;160000360;160000519;1;;;;;;;;;
Q25;2013;160006391;160000485;;1;;;;;;2;;
Q25;2013;160009080;160001574;;;;;;1;1;2;;
Q25;2013;160013207;160001632;;;;;2;3;;;;
Q25;2013;160015368;160014411;3;13;;;;;1;1;;
Q25;2013;170000038;170780050;2;12;;;;;2;7;;
Q25;2013;170000061;170780118;1;3;;;;;;;;
Q25;2013;170000079;170780142;;1;;;;;;;;
Q25;2013;170000087;170023279;11;17;;;;2;3;4;;
Q25;2013;170000095;170780167;3;15;;;;;;;;
Q25;2013;170000129;170780191;7;32;6;6;;;;;;
Q25;2013;170000152;170780225;4;29;;;;;;;;
Q25;2013;170000178;170780266;;;;;;;2;8;;
Q25;2013;170780043;750721334;2;6;;;;;;1;;
Q25;2013;170780621;170000285;;;;;1;1;;;;
Q25;2013;170780803;170017321;;2;;;;;;;;
Q25;2013;170783146;170780050;2;12;;;;;;2;;
Q25;2013;170791321;170023279;;;;;;;;1;;
Q25;2013;170792220;170780175;1;5;;;;;;;;
Q25;2013;180000010;180000028;20;36;;;;;3;3;;
Q25;2013;180000176;180001158;2;13;;;;;1;1;;
Q25;2013;180000200;180000051;8;19;;;;;;;;
Q25;2013;180000283;180000069;1;;;;;;;;;
Q25;2013;180000333;180000093;;;;;;;;2;;
Q25;2013;180003287;180000028;;;;;;;1;3;;
Q25;2013;180003345;180000051;;1;;;;;;;;
Q25;2013;180003386;180000069;1;3;;;;;;5;;
Q25;2013;180007825;180001158;;4;;;;;;;;
Q25;2013;190000018;190000042;;;;;;;2;;;
Q25;2013;190000026;190000059;2;5;;;;;11;4;;
Q25;2013;190000034;190000067;0;6;0;0;0;0;0;4;0;0
Q25;2013;190000091;190000075;1;16;;;;;1;;;
Q25;2013;190000117;;4;3;;;;;;;;
Q25;2013;190000224;190000901;;;;;;1;;;;
Q25;2013;190005140;190002485;;2;;;;;;;;
Q25;2013;190005165;190002519;;1;;;;;;;;
Q25;2013;210003059;210987400;1;0;0;0;0;0;0;0;0;0
Q25;2013;210780110;210000022;;;;;;3;;2;;
Q25;2013;210780136;210000030;;;;;1;;;;;
Q25;2013;210780144;750721235;5;6;;;;1;1;5;;
Q25;2013;210780425;210000139;;1;;;;;;;;
Q25;2013;210780979;210000295;1;;;;;2;1;1;;
Q25;2013;210781621;210780581;2;9;;;;;;;;
Q25;2013;210983565;210011482;;;;;;;;1;;
Q25;2013;210986089;210780581;2;4;;;;;;;;
Q25;2013;210987558;210780581;29;56;;;4;3;;;;
Q25;2013;210987574;210780623;;2;;;;;;1;;
Q25;2013;210987582;210780631;;2;;;;;;;;
Q25;2013;210987590;210780649;;11;;;;;;2;;
Q25;2013;210987616;210780656;;1;;;;;5;7;;
Q25;2013;210987632;210780607;2;10;;;1;;;;;
Q25;2013;210987640;210780672;2;3;;;;;;;;
Q25;2013;210987657;210780714;4;38;2;3;;;;;;
Q25;2013;210987665;210010070;2;7;;;;;;2;;
Q25;2013;210987673;210010070;13;1;;;;;2;1;;
Q25;2013;210987681;210011482;;1;;;;;;;;
Q25;2013;210987699;210780706;;1;;;;;1;7;;
Q25;2013;210987731;210780417;3;3;;;2;;;;;
Q25;2013;210987939;210780607;;1;;;;;;;;
Q25;2013;220000012;220000020;;4;;;;4;;;;
Q25;2013;220000095;220000046;2;6;;;1;1;;;;
Q25;2013;220000111;220000376;0;0;0;0;0;1;0;0;0;0
Q25;2013;220000210;;;;;;1;2;;;;
Q25;2013;220000236;220017974;;2;;;;;;;;
Q25;2013;220000343;220000079;10;29;;;;1;4;7;;
Q25;2013;220000368;220000103;8;16;;;;;1;1;;
Q25;2013;220000541;220000152;1;;;;;;3;3;;
Q25;2013;220000566;220021968;;1;;;;;;;;
Q25;2013;220000574;220000186;;2;;;;;;1;;
Q25;2013;220001259;220005045;5;6;;;;;;;;
Q25;2013;220006472;220000046;;2;;;;;;;;
Q25;2013;220007645;220005045;;1;;;;;;;;
Q25;2013;220014708;220017974;1;1;;;;;;;;
Q25;2013;230000259;230780041;;;;;;;;2;;
Q25;2013;230000820;230780041;;1;;;;;4;10;;
Q25;2013;230000838;230780058;;1;;;;;;1;;
Q25;2013;230000846;230780066;4;3;;;;;;;;
Q25;2013;230000853;230780074;1;;;;1;;1;4;;
Q25;2013;230000952;230780512;1;3;;;;;1;2;;
Q25;2013;230000960;230780520;;4;;;;1;2;1;;
Q25;2013;230004657;230780058;;2;;;;;;;;
Q25;2013;230780082;750005068;;;;;;;;2;;
Q25;2013;230782617;750000218;;1;;;;;;1;;
Q25;2013;240000091;240000034;;5;;;;;;;;
Q25;2013;240000273;750043994;;;;;1;1;;;;
Q25;2013;240000372;240000059;;13;;;;1;4;6;;
Q25;2013;240000414;240000067;2;;;;;;;1;;
Q25;2013;240000463;240000083;;2;;;;;2;8;;
Q25;2013;240000471;240000109;1;1;;;;;;;;
Q25;2013;240000489;240000117;8;30;;;;;1;2;;
Q25;2013;240000505;240000133;1;;;;;;;;;
Q25;2013;240000513;240000141;2;19;;;;;;3;;
Q25;2013;240000521;240000158;1;4;;;;1;;;;
Q25;2013;240000539;240000166;2;1;;;;;;3;;
Q25;2013;240000661;240000281;2;3;;;;;;3;;
Q25;2013;240002402;240003251;0;0;0;0;0;2;0;0;0;0
Q25;2013;250000023;250000015;2;2;;;1;0;;;;
Q25;2013;250000114;900000365;1;10;;;;;2;10;;
Q25;2013;250000270;250000643;;;;;1;4;;;;
Q25;2013;250000288;250000643;;;;;;1;;;;
Q25;2013;250000544;250002284;;2;;;;;;;;
Q25;2013;250000700;250000452;2;4;;;;1;;;;
Q25;2013;250000718;250000460;2;2;;;;;;;;
Q25;2013;250000726;250000478;;4;;1;;;;;;
Q25;2013;250000759;250000569;6;16;;;1;;;;;
Q25;2013;250000882;250002839;4;3;;;;;1;;;
Q25;2013;250001237;250007598;4;4;;;;;2;;;
Q25;2013;250001252;250007788;2;35;;;;;;;;
Q25;2013;250004009;900000365;;1;;;;;;2;;
Q25;2013;250006954;250000015;8;30;;;1;1;;;;
Q25;2013;250011723;250017126;;;;1;;;;;;
Q25;2013;250011848;250017803;2;2;;;;2;2;1;;
Q25;2013;260000013;260000021;9;6;;;;;;;;
Q25;2013;260000120;260016910;;1;;;;1;;2;;
Q25;2013;260000138;260000047;6;5;;;;;4;;;
Q25;2013;260000146;260000054;1;1;1;3;;;;;;
Q25;2013;260000153;690795331;;1;;;;;;;;
Q25;2013;260000195;260006770;1;4;;;;;1;1;;
Q25;2013;260000229;260000070;;6;;;;;;;;
Q25;2013;260000237;260000088;0;1;0;0;0;0;2;0;0;0
Q25;2013;260000278;260000096;;;;;1;;;2;;
Q25;2013;260000286;260000104;0;3;1;2;0;0;0;0;0;0
Q25;2013;260000302;260000161;2;3;;;;;1;;;
Q25;2013;260000823;260003264;;;;;;;;;5;9
Q25;2013;260003017;260000781;0;0;0;0;4;0;0;0;0;0
Q25;2013;260003363;260006770;;4;;;;;;1;;
Q25;2013;260006267;070000245;;;;;;1;;;;
Q25;2013;260017454;260016761;;;;;;;;1;;
Q25;2013;270000359;270023724;;;;;3;1;4;5;;
Q25;2013;270000367;270000086;;4;;;;;;;;
Q25;2013;270000417;760025734;1;6;0;0;0;0;0;4;0;0
Q25;2013;270000425;270000102;1;;;;;;;;;
Q25;2013;270000441;270000110;;1;;;;;1;3;;
Q25;2013;270000458;270023724;;;;;;1;2;1;;
Q25;2013;270000474;270000136;;1;;;;;;;;
Q25;2013;270000482;270000144;;19;;;;;;;;
Q25;2013;270000532;270000185;;1;;;;;2;;;
Q25;2013;270000573;270000219;5;1;0;0;0;0;4;1;0;0
Q25;2013;270000870;270000987;;;;;;1;;;;
Q25;2013;270000912;750814030;7;7;;;;;3;4;1;
Q25;2013;280000050;280000142;3;17;;;2;1;;;;
Q25;2013;280000084;280000183;;;;;1;2;3;4;;
Q25;2013;280000100;280000225;3;21;;;;;1;6;;
Q25;2013;280000159;280000068;;;;;;1;;;;
Q25;2013;280000662;280500075;1;4;0;0;0;0;1;0;0;0
Q25;2013;280502998;280000589;;7;;;;;;2;;
Q25;2013;280504267;280000134;3;5;;;1;;;1;;
Q25;2013;290000025;290020700;5;50;;;1;1;2;;;
Q25;2013;290000033;290021542;1;8;;;;;;2;;
Q25;2013;290000058;290000017;2;14;;;;;;;;
Q25;2013;290000066;290020700;1;1;;;;;;;;
Q25;2013;290000165;290030592;0;0;0;0;0;0;0;1;0;0
Q25;2013;290000173;290000041;;4;;;;;;2;;
Q25;2013;290000181;290000074;10;30;;;;2;;1;;
Q25;2013;290000256;290000017;;4;;;;2;;;;
Q25;2013;290000272;290000090;2;2;;;;;;;;
Q25;2013;290000322;290000108;1;3;;;;;;;;
Q25;2013;290000363;750043994;;;;;1;;;;;
Q25;2013;290000413;290009752;;1;;;;1;;;;
Q25;2013;290000728;750821092;;;;;;1;;;;
Q25;2013;290000793;930019484;1;1;;;;;;;;
Q25;2013;290000827;290007350;;2;;;;;;;;
Q25;2013;290000918;290000298;3;18;;;1;;;6;;
Q25;2013;290000934;290000306;;2;;;;;1;1;;
Q25;2013;290000975;290000546;6;4;;;;;2;2;;
Q25;2013;290001015;290000751;0;6;0;0;0;0;0;0;0;0
Q25;2013;290004324;290000017;11;32;;;;;;;;
Q25;2013;290005826;290020700;;4;;;;;;;;
Q25;2013;290008853;290000074;;2;;;;1;;;;
Q25;2013;290017599;290020700;;3;;;;;;;;
Q25;2013;290020841;290000298;;3;;;;;;1;;
Q25;2013;290024462;290000298;;3;;;;;;;;1
Q25;2013;290025147;290020700;;2;;;;;;;;
Q25;2013;2A0000212;2A0000170;;;;;;1;2;4;;
Q25;2013;2A0000287;2A0000386;1;0;0;0;0;3;0;0;0;0
Q25;2013;2A0002614;2A0002606;;;;;;;1;1;;
Q25;2013;2B0000012;2B0000020;1;0;0;0;0;1;1;0;0;0
Q25;2013;2B0000160;2B0000087;;;;;;1;;;;
Q25;2013;2B0000400;2B0000137;;;;;;;1;1;;
Q25;2013;300000023;300780046;3;1;;;1;1;1;2;;
Q25;2013;300000031;300780053;2;20;;;;1;7;6;;
Q25;2013;300000056;300780079;6;16;;;1;1;;2;;
Q25;2013;300000064;300780087;7;14;;;;;;;;
Q25;2013;300000072;300780095;;2;;;;;1;;;
Q25;2013;300000478;300781010;4;1;0;0;0;0;0;0;0;0
Q25;2013;300002169;780020715;1;;;;1;1;;2;;
Q25;2013;300012499;300780046;;;;;;;;1;;
Q25;2013;300013778;300013760;0;0;0;0;1;1;0;0;0;0
Q25;2013;300013786;300780038;;;;;;;1;;;
Q25;2013;300780152;300000114;0;0;0;0;1;0;0;0;0;0
Q25;2013;300780210;300000148;;;;;;2;;;;
Q25;2013;300780285;300000726;;;;;;3;;;;
Q25;2013;300780442;300000254;;;;;;;;1;;
Q25;2013;300780475;340015171;;1;;;;;;3;;
Q25;2013;300781465;300000726;;;;;;2;;;;
Q25;2013;300782117;300780038;;2;;;;;2;2;;
Q25;2013;300782125;300780038;;;;;;;;2;;
Q25;2013;300787421;340000264;;;;;;1;;;;
Q25;2013;300788502;300788486;0;0;0;0;0;1;0;0;0;0
Q25;2013;310000310;310780671;3;7;;;;;1;;;
Q25;2013;310000336;310780713;2;;;;;;;;;
Q25;2013;310000369;310780754;;3;;;;;;13;;
Q25;2013;310009279;310780671;;3;;;;;;;;
Q25;2013;310013628;310786256;;;;;;;1;1;;
Q25;2013;310016977;310781406;7;21;0;0;0;2;0;0;0;0
Q25;2013;310018049;750043713;;;;;;;1;1;;
Q25;2013;310019351;310781406;2;9;0;0;0;0;0;0;0;0
Q25;2013;310021571;310021563;;;;;;1;;3;;
Q25;2013;310780135;310000054;;;;;2;2;;;;
Q25;2013;310780150;310788799;1;;;;;;;;;
Q25;2013;310780234;310000591;0;0;0;0;0;1;0;0;0;0
Q25;2013;310780259;310000096;;;;;3;12;;;;
Q25;2013;310780309;310000120;;;;;;1;;;;
Q25;2013;310780382;310000179;;;;;3;3;;;;
Q25;2013;310780481;340015171;1;;;;;;;;;
Q25;2013;310781067;310788898;1;6;;;;;;;;
Q25;2013;310781422;310781562;;;;;;;1;2;;
Q25;2013;310781505;310000492;;;;;2;1;;;;
Q25;2013;310781695;750043994;;;;;;1;;;;
Q25;2013;310782339;310781406;1;4;0;0;0;0;0;0;0;0
Q25;2013;310782347;310789136;;;;;3;5;1;1;;
Q25;2013;310782396;920000395;;;;;1;2;;;;
Q25;2013;310783048;310781406;35;68;0;0;9;3;0;0;0;0
Q25;2013;310783055;310781406;24;48;0;0;4;8;0;0;0;0
Q25;2013;310783063;310781406;1;3;0;0;0;0;0;0;0;0
Q25;2013;310784558;310180013;2;1;0;0;0;0;1;0;0;0
Q25;2013;310786702;750043713;;;;;;3;1;1;;
Q25;2013;310787304;310781406;1;10;0;0;0;1;0;0;0;0
Q25;2013;310787965;310788898;;2;;;;;;;;
Q25;2013;310794094;310780754;;;;;;;;2;;
Q25;2013;320000086;320780117;0;0;0;0;0;0;3;0;0;0
Q25;2013;320000094;320780125;2;3;;;;;;;;
Q25;2013;320000102;320780133;;;;;1;;2;3;;
Q25;2013;320000110;320004310;;;;;;;2;4;;
Q25;2013;320000128;320780158;;3;;;1;1;;;;
Q25;2013;320000144;320780174;1;5;;;;;;1;;
Q25;2013;320000151;320780182;;1;;;;;;2;;
Q25;2013;320000177;320780208;;;;;;;1;;;
Q25;2013;320000185;320780216;;;;;;;1;;;
Q25;2013;320780067;320000052;;;;;;1;;;;
Q25;2013;320780323;750810590;;2;;;;1;;3;;
Q25;2013;330000217;330780347;1;;;;;;1;1;;
Q25;2013;330000332;330780545;1;;;;;;;;;
Q25;2013;330000340;330780552;;;;;;;;;;6
Q25;2013;330000555;330781204;;;;;1;;;;;
Q25;2013;330000571;330781220;;1;;;;;7;;;
Q25;2013;330000589;330027509;8;27;0;0;0;0;2;9;0;0
Q25;2013;330000597;330027509;1;6;0;0;0;0;0;0;0;0
Q25;2013;330000605;330781253;7;30;;;;;4;29;;
Q25;2013;330000613;330781261;10;15;;;;;;;;
Q25;2013;330000621;330781279;;;;;;;1;;;
Q25;2013;330000639;330781287;;;;;4;1;;;;
Q25;2013;330000647;330781295;1;13;;;1;;;1;;
Q25;2013;330000662;330781329;8;13;;;1;3;1;1;;
Q25;2013;330025958;330025859;1;1;;;;;;;;
Q25;2013;330780081;330000043;;;;;1;;;;;
Q25;2013;330780115;330000076;;;;;;1;;;;
Q25;2013;330780206;330000126;0;0;0;0;0;1;0;0;0;0
Q25;2013;330780263;330000134;0;0;0;0;1;4;0;0;0;0
Q25;2013;330780289;330790809;;;;;;1;;;;
Q25;2013;330780479;330000274;;;;;;4;;;;
Q25;2013;330780743;330056540;;1;;;;;;;;
Q25;2013;330781121;930019484;;;;;;;2;1;;
Q25;2013;330781170;330785072;;;;;;;1;;;
Q25;2013;330781303;750821092;;;;;;2;;;;
Q25;2013;330781402;330000670;;;;;1;;;;;
Q25;2013;330782582;330000928;;;;;;4;;;;
Q25;2013;330783614;330785072;1;1;;;;;;;;
Q25;2013;330783721;330781253;;5;;;;;1;7;;
Q25;2013;330804501;330781212;6;3;;;;;;;;
Q25;2013;340000033;340780055;15;29;;;;;2;6;;
Q25;2013;340000173;340780451;2;20;;;;;1;;;
Q25;2013;340000181;340780469;1;10;;;;;0;4;;
Q25;2013;340000207;340780493;2;15;;;;1;;1;;
Q25;2013;340000215;340780519;6;13;;;;;;;;
Q25;2013;340000223;340011295;2;3;;;1;;;;;
Q25;2013;340000231;340780535;1;1;;;;;;;;
Q25;2013;340000249;340780543;0;7;0;0;0;0;1;4;0;0
Q25;2013;340000439;340780881;;;;;;1;;;;
Q25;2013;340008275;340780477;;2;;;;;;;;
Q25;2013;340013168;340000264;;;;;;1;;;;
Q25;2013;340015502;340000512;;;;;;1;;;;
Q25;2013;340015965;340000074;;;;;1;1;;;;
Q25;2013;340016732;340780055;2;;;;;;;1;;
Q25;2013;340019090;340019082;;;;;;1;;;;
Q25;2013;340780139;340000090;;;;;;1;;;;
Q25;2013;340780147;340000108;;;;;;1;;;;
Q25;2013;340780154;340000116;;;;;;2;;;;
Q25;2013;340780196;340798123;;;;;2;;;;;
Q25;2013;340780220;340796358;2;11;;;;;2;0;;
Q25;2013;340780436;340011295;;1;;;;;;;;
Q25;2013;340780444;340009893;4;11;0;0;0;0;0;0;0;0
Q25;2013;340780634;340000272;0;0;0;0;1;2;0;0;0;0
Q25;2013;340780642;340785856;;;;;;1;;;;1
Q25;2013;340780667;340000280;;;;;1;5;;;;
Q25;2013;340780741;340000348;;;;;;1;;;;
Q25;2013;340780782;340000371;;;;;1;;;;;
Q25;2013;340780816;340008291;;;;;2;1;;;;
Q25;2013;340780824;340000405;;;;;;1;;;;
Q25;2013;340781608;340015171;3;7;;;;1;1;3;;
Q25;2013;340782036;340780477;;;;;;;1;;;25
Q25;2013;340782085;340780477;;;;;;;1;;;15
Q25;2013;340785161;340780477;2;20;;;1;1;1;4;;
Q25;2013;340789379;340001825;;;;;1;1;;;;
Q25;2013;340796663;340780477;;;;;;;3;3;37;7
Q25;2013;340798552;340798545;;;;;;1;;;;
Q25;2013;350000071;750000218;1;;;;;;;;;
Q25;2013;350000121;350000303;;;;;;1;;;;
Q25;2013;350000147;350000022;1;16;;;2;1;3;;;
Q25;2013;350000154;350000030;3;10;;;;;1;;;
Q25;2013;350000162;350000048;0;1;0;0;0;0;1;0;0;0
Q25;2013;350000204;350023248;;;;;;;;2;;
Q25;2013;350000212;350000089;1;9;;;;;;;;
Q25;2013;350000337;350000246;;1;;;1;1;;;;
Q25;2013;350000360;350048518;1;1;;;;;;;;
Q25;2013;350000410;350002291;;;;;;;1;3;;
Q25;2013;350000428;350002309;;3;;;;;1;;;
Q25;2013;350000436;350002317;;;;;;;;1;;
Q25;2013;350000444;350048518;6;5;;;;;;1;;
Q25;2013;350000741;350005179;0;0;0;0;0;1;11;15;0;0
Q25;2013;350002192;220020739;;;;;;;2;2;;
Q25;2013;350002564;350046199;1;;;;;;;;;
Q25;2013;350002747;440042844;;1;;;;;;;;
Q25;2013;350002812;350023503;;;;;;1;3;2;;
Q25;2013;350002911;220020739;;;;1;;;;;;
Q25;2013;350005021;440042844;1;3;;;;;;;;
Q25;2013;350005278;350023586;1;2;;;2;3;;;;
Q25;2013;350007084;350005179;0;0;0;0;0;0;0;9;0;0
Q25;2013;350008579;350039673;;2;;;;;;;;
Q25;2013;350013249;350002317;;;;;;;;1;;
Q25;2013;350013629;350000022;1;1;;;;;;1;;
Q25;2013;350031803;440042844;1;2;;;;;;;;
Q25;2013;350044764;350036281;;;;;;1;;;;
Q25;2013;360000038;360000046;6;18;0;0;0;1;1;0;0;0
Q25;2013;360000137;360000053;6;62;;;;;6;10;;
Q25;2013;360000145;360000061;4;11;;;;;1;;;
Q25;2013;360000160;360000079;2;7;0;0;0;0;1;3;0;0
Q25;2013;360000178;360000087;;2;;;;;;;;
Q25;2013;360000186;360000095;2;8;;;;;;1;;
Q25;2013;360000327;360000053;1;2;;;;;;1;;
Q25;2013;360003149;360000053;;14;;;;;;2;;
Q25;2013;360004618;360000046;1;5;0;0;0;0;0;0;0;0
Q25;2013;360006688;360000392;;5;;;;;;;;
Q25;2013;370000051;370000028;0;0;0;0;0;1;0;0;0;0
Q25;2013;370000085;370000077;;;;;1;4;;;;
Q25;2013;370000093;370000192;;;;;;4;;;;
Q25;2013;370000127;370000259;0;0;0;0;0;1;0;0;0;0
Q25;2013;370000218;450018106;;1;;;;;;;;
Q25;2013;370000341;750804114;;1;;;1;1;;;;
Q25;2013;370000374;750721334;1;;;;;;;8;;
Q25;2013;370000499;370000481;1;3;;;;;0;1;;
Q25;2013;370000515;370000481;0;2;;;;;;;;
Q25;2013;370000531;370000606;7;28;;;;;2;;;
Q25;2013;370000580;370000564;2;6;;;;;;;;
Q25;2013;370000861;370000481;7;13;;;0;1;0;4;;
Q25;2013;370000879;370000564;;10;;;;;;;;
Q25;2013;370000903;370000614;3;2;;;;;2;2;;
Q25;2013;370000986;370000713;4;13;;;;;2;;;
Q25;2013;370001109;370002701;2;5;;;;;1;1;;
Q25;2013;370001158;370004327;;1;;;;;;;;
Q25;2013;370004467;370000481;4;6;;;;;;;;
Q25;2013;370007569;370007528;;;;;1;8;;;;
Q25;2013;370100539;370100935;1;;;;;;;;;
Q25;2013;380000018;380780023;2;5;;;;;;;;
Q25;2013;380000026;380780031;;1;;;;;;;;
Q25;2013;380000034;380780049;;;;;1;2;;;;
Q25;2013;380000059;380780072;;1;;;;;1;;;
Q25;2013;380000067;380780080;1;10;;;;;2;1;;
Q25;2013;380000075;380780098;;;;;;;2;1;;
Q25;2013;380000091;380780171;;5;;;2;1;1;2;;
Q25;2013;380000125;380780239;;1;;;;;;;;
Q25;2013;380000133;380780247;0;0;0;0;0;0;8;1;0;0
Q25;2013;380000166;380781351;;2;;;;;;;;
Q25;2013;380000174;380781435;;7;;;;;;5;;
Q25;2013;380000356;380782698;2;12;0;0;0;0;0;0;0;0
Q25;2013;380009928;380804542;;2;;;;;;;;
Q25;2013;380012658;380012609;;;;;;3;3;1;;
Q25;2013;380017095;380017087;1;;;;;;;1;;
Q25;2013;380780197;380798173;;2;;;;;;;;
Q25;2013;380781369;010783009;1;1;;;;;;;;
Q25;2013;380782722;380780080;;;;;;;1;1;;
Q25;2013;380784736;380780049;;;;;;1;;;;
Q25;2013;380785956;380795211;;;;;1;2;;;;
Q25;2013;380794297;;2;;;;;;;;;
Q25;2013;380802512;380793265;;2;;;;;;;;
Q25;2013;390000040;390780146;1;2;;;;;;;;
Q25;2013;390000057;390780153;1;;;;;;;1;;
Q25;2013;390000065;390780161;2;3;;;;;;1;;
Q25;2013;390000073;390780179;2;7;;;;;;;;
Q25;2013;390000164;390780476;6;6;;;;;;3;;
Q25;2013;390000172;250006335;;;;;;1;;;;
Q25;2013;390000214;390780591;;5;;;;;;;;
Q25;2013;390000222;390780609;3;21;;;;;;;;
Q25;2013;390006161;390781177;;1;;;;;;;;
Q25;2013;390780369;210010294;;;;;;;;1;;
Q25;2013;390780575;390000198;;;;;;1;;;;
Q25;2013;400000105;400780193;3;39;;;3;1;4;5;;
Q25;2013;400000113;400011177;0;1;0;0;0;0;0;2;0;0
Q25;2013;400000139;400011177;25;43;0;0;0;0;3;5;0;0
Q25;2013;400000261;400780458;1;1;;;;1;;;;
Q25;2013;400008199;400008108;;;;;;;1;1;;
Q25;2013;400780250;400011177;0;3;0;0;0;0;0;0;0;0
Q25;2013;400780284;400000154;;;;;;1;;;;
Q25;2013;400780367;750720575;;1;;;;;;;;
Q25;2013;400780383;640010328;;;;;;;1;1;;
Q25;2013;400781043;400780193;1;2;;;;;;;;
Q25;2013;400782769;400001764;;;;;;1;;;;
Q25;2013;400787354;400780193;1;6;;;;;;;;
Q25;2013;400787446;400780458;2;7;;;;3;;;;
Q25;2013;410000020;410000087;0;22;0;0;2;1;2;9;0;0
Q25;2013;410000038;410000095;6;15;;;1;;3;19;;
Q25;2013;410000046;410000103;5;16;;;;;;;;
Q25;2013;410000053;410000111;3;11;;;;;;;;
Q25;2013;410000202;410000319;0;0;0;0;0;2;0;0;0;0
Q25;2013;410000210;410000145;1;3;;;;;;;;
Q25;2013;410000244;410000152;1;;;;;;;;;
Q25;2013;410000285;410000475;;;;;;1;;;;
Q25;2013;410000293;410000491;0;0;0;0;4;0;0;0;0;0
Q25;2013;410000418;410008122;;;;;;1;;;;
Q25;2013;410003768;410000095;;;;;;;;3;;
Q25;2013;410004063;410000095;0;1;;;;;;1;;
Q25;2013;410004998;410000871;;;;;;1;;;;
Q25;2013;410005284;410000947;;;;;;1;;;;
Q25;2013;410007553;330030958;;;;;1;1;;;;
Q25;2013;420000010;420780033;0;0;0;0;1;1;0;0;0;0
Q25;2013;420000028;420780041;;1;;;;;;;;
Q25;2013;420000036;420780058;6;;;;;;;4;;
Q25;2013;420000192;750034589;;2;;;;;;;;
Q25;2013;420000226;420013831;8;36;;;;;;4;;
Q25;2013;420000234;420780652;11;41;;;;1;2;5;;
Q25;2013;420000242;420780660;7;3;0;0;0;1;1;17;0;0
Q25;2013;420000267;420013831;4;22;;;1;2;;6;;
Q25;2013;420000275;420780694;;5;;;;;;;;
Q25;2013;420000283;420780702;;1;;;;;;;;
Q25;2013;420000317;420780736;;7;;;;;;;;
Q25;2013;420000556;420781791;;2;;;;;;;;
Q25;2013;420002669;420784878;0;2;;;;;;;;
Q25;2013;420011413;420011405;;;2;;1;3;;;;
Q25;2013;420780546;420000168;2;3;;;;;;1;;
Q25;2013;420780637;420002495;6;2;;;;;;;;
Q25;2013;420780744;420000325;;;;;;;1;;;
Q25;2013;420782096;420787095;1;2;;;;;;;;
Q25;2013;420782559;420784878;12;29;;;;;;;;
Q25;2013;420782567;420784878;0;2;;;;;;;;
Q25;2013;420782591;420000887;;;;;;1;;;;
Q25;2013;420785354;420784878;4;16;;;;;;;;
Q25;2013;430000026;630786754;1;9;;;1;3;;8;;
Q25;2013;430000117;430000018;1;9;0;0;0;0;0;2;0;0
Q25;2013;430000166;430005843;;1;;;;;;;;
Q25;2013;430000174;430006890;1;1;;;;;1;;;
Q25;2013;430000190;430000034;1;3;;;;;1;;;
Q25;2013;430000216;750811820;;2;;;;;;;;
Q25;2013;430000299;430000059;;1;;;;1;;;;
Q25;2013;430000307;430000067;1;;;;;;1;3;;
Q25;2013;430000356;430000091;;;;5;;;;;;
Q25;2013;430007419;630786754;;4;;;;;1;1;;
Q25;2013;440000016;440000057;7;25;;;;;;;;
Q25;2013;440000024;440000065;;4;;;;;;;;
Q25;2013;440000180;440000263;3;18;;;;;;;;
Q25;2013;440000255;440042844;;1;;;;;;;;
Q25;2013;440000271;440000289;0;1;0;0;1;3;0;0;0;0
Q25;2013;440000396;440000297;;1;;;;;;;;
Q25;2013;440000404;440000925;;;;;;1;;;;
Q25;2013;440000412;440000941;;;;;1;;1;;;
Q25;2013;440000503;440000313;2;4;;;;;;;;
Q25;2013;440000552;440042141;;1;;;;1;;;;
Q25;2013;440000560;850009010;1;1;;;;;;;;
Q25;2013;440000644;440000347;1;2;;;;;;;;
Q25;2013;440000677;440000362;;;1;;;;;;;
Q25;2013;440000693;440041895;;;;;;;2;;;
Q25;2013;440000883;440042141;;2;;;;1;;;;
Q25;2013;440001113;490017258;;;;;;1;;1;;
Q25;2013;440001188;440018661;1;;;;;1;;;;
Q25;2013;440001279;440041531;;1;;;;;;;;
Q25;2013;440001295;440000859;;1;;;;;1;;;
Q25;2013;440001964;440003267;;1;;;;;;1;;
Q25;2013;440002459;440001501;1;1;;;1;1;;;;
Q25;2013;440002939;440001758;3;9;;;;;;;;
Q25;2013;440003291;440000289;0;2;0;0;3;1;0;0;0;0
Q25;2013;440005080;440002590;;;;;2;1;;;;
Q25;2013;440007482;;;;;;1;;;;;
Q25;2013;440012128;440003960;;;;;1;;;;;
Q25;2013;440017598;440000289;0;0;0;0;4;1;0;0;0;0
Q25;2013;440021392;440000289;0;1;0;0;0;0;0;0;0;0
Q25;2013;440024669;440042844;1;1;;;;;;;;
Q25;2013;440033819;440006344;;;;;2;;;;;
Q25;2013;440041580;440041572;;;;;1;1;;;;
Q25;2013;440044451;750721334;0;1;;;;;;;;
Q25;2013;440046944;750721334;0;1;0;0;0;0;0;0;0;0
Q25;2013;440048239;440041895;;;;;;;;1;;
Q25;2013;440048676;750721334;0;1;;;;;;;;
Q25;2013;450000047;450000096;;1;;;;;2;;;
Q25;2013;450000062;450000104;;10;;;;;;;;
Q25;2013;450000070;450000112;2;3;;;1;;1;4;;
Q25;2013;450000120;450000138;2;5;;;;;;;;
Q25;2013;450000187;450000146;;1;;;;;;;;
Q25;2013;450000245;450000542;;;;;;1;;;;
Q25;2013;450000260;450000161;1;8;;;;;;2;;
Q25;2013;450000336;450000179;1;;;;;;;2;;
Q25;2013;450000526;930019484;2;5;;;1;1;;;;
Q25;2013;450000930;450002423;6;18;0;0;0;0;2;0;0;0
Q25;2013;450002613;450000088;;;;;0;2;5;1;;
Q25;2013;450010079;450000195;;;;;2;;;;;
Q25;2013;450014956;450000849;;7;;;;;2;2;;
Q25;2013;460000045;460780083;4;19;0;0;0;0;0;0;0;0
Q25;2013;460000060;460780117;1;7;;;;;;9;;
Q25;2013;460000102;460780208;;1;;;;;;;;
Q25;2013;460000110;460780216;3;15;0;0;0;0;3;3;0;0
Q25;2013;460785090;;;1;;;1;;;4;;
Q25;2013;460785595;460780216;0;1;0;0;0;0;0;0;0;0
Q25;2013;470000027;470014069;;;;;;4;;;;
Q25;2013;470000142;470000795;;;;;;2;;;;
Q25;2013;470000308;930019484;;1;;;;;;;;
Q25;2013;470000423;470000316;5;13;0;0;1;0;0;0;0;0
Q25;2013;470000431;470000324;6;27;;;;;2;2;;
Q25;2013;470000480;470001660;9;24;0;0;0;0;3;1;0;0
Q25;2013;470000530;470000357;;1;;;;;;;;
Q25;2013;470000555;470001660;0;2;0;0;0;0;0;0;0;0
Q25;2013;470000571;470000407;1;14;;;;;1;;;
Q25;2013;470008780;470000316;0;2;0;0;0;0;0;0;0;0
Q25;2013;470012931;470001660;0;3;0;0;0;0;0;1;0;0
Q25;2013;480000017;480780097;2;3;;;1;1;;2;;
Q25;2013;480000041;480780139;1;2;;;;;;1;;
Q25;2013;480000058;480780147;;3;;;;;1;;;
Q25;2013;480000074;480780162;1;;;;;1;;1;;
Q25;2013;480780543;480782101;1;;;;;;;;;
Q25;2013;480783034;480782101;;1;;;;;;;;
Q25;2013;490000049;490000031;1;;;;;2;2;12;;
Q25;2013;490000106;490000163;;3;;;;;;;;
Q25;2013;490000155;490017258;2;0;0;0;0;2;0;1;0;0
Q25;2013;490000239;490015765;1;;;;;;;;;
Q25;2013;490000296;490000387;;4;;;;;;;;
Q25;2013;490000338;490000403;1;1;;;;;2;;;
Q25;2013;490000353;490000411;;1;;;;;;;;
Q25;2013;490000494;490000429;;;;;;;2;;;
Q25;2013;490000569;490000437;;2;;;;;1;;;
Q25;2013;490000635;490000676;5;7;;;1;;;;;
Q25;2013;490000643;440042844;;2;;;;2;;;;
Q25;2013;490000700;490000692;1;6;;;;;;;;
Q25;2013;490001765;490528452;3;15;;;;1;;;;
Q25;2013;490002037;490000890;;;;;;2;;;;
Q25;2013;490002979;490535705;;;;;1;;;;;
Q25;2013;490004256;490001716;;1;;;;;;;;
Q25;2013;490008604;490001070;1;10;;;;;;;;
Q25;2013;490014909;490008109;;;;;3;3;;;;
Q25;2013;490016870;440048643;;;;;;2;;;;
Q25;2013;490532173;530000025;;1;;;;;;;;
Q25;2013;490536224;490000031;0;0;0;0;0;0;0;1;0;0
Q25;2013;500000021;500000054;0;6;;;;;;;;
Q25;2013;500000187;500000013;6;26;;;;;;;;
Q25;2013;500000195;500000039;2;12;;;;;;9;;
Q25;2013;500000260;500000054;2;7;0;;0;;2;1;;
Q25;2013;500000435;500000104;3;5;;;;;;;;
Q25;2013;500000450;500000112;5;15;0;0;1;0;0;0;0;0
Q25;2013;500000468;500000013;1;2;;;;;;;;
Q25;2013;500000476;500000138;;6;;;;;;;;
Q25;2013;500000575;500000245;2;4;;;;;;;;
Q25;2013;500000591;500000393;5;17;;;;;;;;
Q25;2013;500010384;;;9;;;;;;;;
Q25;2013;500015185;;;13;;4;;;;;;
Q25;2013;500021423;500000567;0;0;0;0;1;1;0;0;0;0
Q25;2013;510000169;510000037;3;7;;;;1;;;;
Q25;2013;510000177;100006279;3;2;;;;;2;;;
Q25;2013;510000185;510000532;1;;;;;;;;;
Q25;2013;510000193;510000557;;;;;;1;;;;
Q25;2013;510000201;750034589;;;;;;;;1;;
Q25;2013;510000219;510000052;1;2;;;;;;;;
Q25;2013;510000235;510000060;1;2;;;1;;;;;
Q25;2013;510000250;510000078;4;7;;;;;;;;
Q25;2013;510000292;750720534;1;1;;;;;;;;
Q25;2013;510000359;510000086;1;1;;;;;1;;;
Q25;2013;510000466;510000102;;1;;;;;;;;
Q25;2013;510000516;510000136;5;5;0;0;0;0;0;0;0;0
Q25;2013;510011679;510000029;1;2;0;0;0;0;1;0;0;0
Q25;2013;520000019;520780024;3;14;0;0;0;0;0;1;0;0
Q25;2013;520000027;520780032;;;;;2;;9;21;;
Q25;2013;520000035;520780040;2;14;;;;;;2;;
Q25;2013;520000043;520780057;;8;;;;;;;;
Q25;2013;520000050;520780065;2;13;;;;;;;;
Q25;2013;520000068;520780073;2;5;;;;;3;6;;
Q25;2013;520000076;520780081;2;10;;;;;;;;
Q25;2013;520000084;520780099;2;12;;;;;;;;
Q25;2013;520782939;520780032;;;;;;;;3;;
Q25;2013;530000017;530000025;;6;;;;;1;2;;
Q25;2013;530000132;530007202;;;;;;;;1;;
Q25;2013;530000140;530000058;0;1;0;0;0;0;0;0;0;0
Q25;2013;530000264;530000371;1;3;;;1;3;;;;
Q25;2013;530000611;530002591;;4;;;;;;;;
Q25;2013;530032788;530000025;;1;;;;;;;;
Q25;2013;540000015;540023264;;1;;;;1;;;;
Q25;2013;540000023;540000049;1;6;0;0;0;0;0;0;0;0
Q25;2013;540000072;540014081;;;;;;;1;2;;
Q25;2013;540000148;540019007;1;12;;;;;;;;
Q25;2013;540000155;540000080;;;;;;1;;;;
Q25;2013;540000270;540003399;;;;;;;1;;;
Q25;2013;540000726;750721334;;2;;;;1;;;;
Q25;2013;540000981;540001112;;;;;;1;;;;
Q25;2013;540001070;540000767;1;2;;;;2;;;;
Q25;2013;540001138;540002078;;;;;;2;;;;
Q25;2013;540001286;540003019;;;;;3;5;;;;
Q25;2013;540002698;540002078;;;;;2;7;;;;
Q25;2013;540008364;540000049;;7;;;;1;;;;
Q25;2013;540009578;540000122;;;;;;1;;;;
Q25;2013;540009701;540019726;;;;;;1;;;;
Q25;2013;540013224;540000536;;;;;1;;;;;
Q25;2013;550000012;550000020;;;;;;1;;;;
Q25;2013;550000038;550000046;1;1;;;0;1;;;;
Q25;2013;550000202;550000053;2;1;;;;;1;;;
Q25;2013;550000251;550000095;1;2;;;;;2;1;;
Q25;2013;550000434;550003354;10;6;;;;;6;2;;
Q25;2013;560000127;560023210;10;4;0;0;0;0;0;0;0;0
Q25;2013;560000135;560005746;11;19;;;;;;5;;
Q25;2013;560000143;560014748;;7;;;;;;1;;8
Q25;2013;560000184;560006017;1;1;;;;2;1;10;;
Q25;2013;560000192;560000044;;;;;;1;;1;;
Q25;2013;560000200;560023210;3;1;0;0;0;0;0;0;0;0
Q25;2013;560000275;560005746;;;;;;;;1;;
Q25;2013;560000382;560002032;4;5;;;;;;2;;
Q25;2013;560000465;560002198;1;1;;;;;1;3;;
Q25;2013;560000473;560002206;;5;;;;;;;;
Q25;2013;560000697;560002677;;1;;;;;;;;
Q25;2013;560002024;560006074;2;4;0;;1;1;2;0;;
Q25;2013;560002123;750043994;;;;;1;;;;;
Q25;2013;560002933;560006074;;;;;1;;;;;
Q25;2013;560002974;830013678;;;;;2;;2;8;;
Q25;2013;560003055;440042844;;6;;;;;;;;
Q25;2013;560006637;560002214;5;35;;;;;;1;;
Q25;2013;560006785;560023210;0;5;0;0;0;0;0;0;0;0
Q25;2013;560009615;560014748;1;0;0;0;0;0;0;0;0;0
Q25;2013;560009623;560023210;2;14;0;0;0;0;0;0;0;0
Q25;2013;560012122;560002677;;;;;;;;1;;
Q25;2013;560014219;560014748;0;1;0;0;0;0;0;0;0;0
Q25;2013;560015422;560002214;5;35;;;;;;1;;
Q25;2013;570000059;570025254;0;1;0;0;1;0;0;0;0;0
Q25;2013;570000091;750050759;2;6;;;;3;;;;
Q25;2013;570000117;570015099;1;12;;;;;;;;
Q25;2013;570000125;570015099;;6;;;;;;;;
Q25;2013;570000216;570010173;;;;;;2;;;;
Q25;2013;570000356;570000919;;;;;;1;;;;
Q25;2013;570000380;570000034;;4;;;;;;2;;
Q25;2013;570000448;750050759;1;9;;;;4;;1;;
Q25;2013;570000455;570010173;2;5;;;;;;;;
Q25;2013;570000489;750050759;1;12;;;;;;;;
Q25;2013;570000547;540019726;;5;;;1;;1;1;;
Q25;2013;570000562;570011353;;1;;;;;;;;
Q25;2013;570000596;750821092;;;;;;1;;;;
Q25;2013;570000646;570001115;;;;;0;1;;;;
Q25;2013;570000661;570000158;;;;1;;;;;;
Q25;2013;570000687;570025254;0;1;0;0;1;0;0;0;0;0
Q25;2013;570000828;570011452;1;1;;;;;1;;;
Q25;2013;570000885;570000133;;4;;;;;1;;;
Q25;2013;570000893;570000141;;;;;2;;;;;
Q25;2013;570000968;570000430;3;10;;;2;1;;;;
Q25;2013;570000992;570000497;;16;;;;;;;;
Q25;2013;570001099;570023630;;;;;;;2;;;
Q25;2013;570003103;540019726;;7;;;;;;4;;
Q25;2013;570003947;570023630;;;;;;;;3;;
Q25;2013;570009670;570000307;;0;;;;;;1;;
Q25;2013;570010082;570013797;;;;;;1;;;;
Q25;2013;570012633;540019726;;2;;;;;;2;;
Q25;2013;570014621;570010173;;2;;;;;;;;
Q25;2013;570015040;570010173;1;2;;;;;;;;
Q25;2013;570015206;570010173;;1;;;;;;;;
Q25;2013;570015776;750050759;;3;;;;;;;;
Q25;2013;570016014;570015099;;3;;;;;;;;
Q25;2013;570026252;570023630;;;;;;;3;;;
Q25;2013;570026682;570005165;0;2;0;0;0;1;0;0;0;0
Q25;2013;580971646;580780039;0;1;0;0;0;0;0;0;0;0
Q25;2013;580972610;580780054;;1;;;;;;1;;
Q25;2013;580972636;580780971;2;1;;;;;;;;
Q25;2013;580972644;580781136;;6;;;;;;;;
Q25;2013;580972669;580780070;;4;;;;;1;1;;
Q25;2013;580972685;580780096;8;14;;;;;;;;
Q25;2013;580972693;580780039;5;6;0;0;0;0;2;0;0;0
Q25;2013;580972701;580970978;;3;;;;;;;;
Q25;2013;590000097;590780185;0;1;0;0;0;1;0;0;0;0
Q25;2013;590000105;590780193;;;;;;;1;;;
Q25;2013;590000113;590053120;4;4;;;1;0;;;;
Q25;2013;590000121;590780227;;1;;;;;1;3;;
Q25;2013;590000188;590780334;0;6;0;0;1;2;0;0;0;0
Q25;2013;590000428;590781605;;5;;;1;;;;;
Q25;2013;590000436;590781621;3;11;;;;;5;13;;
Q25;2013;590000444;590781639;;9;;;1;;;;;
Q25;2013;590000451;590781647;;3;;;;;;;;
Q25;2013;590000469;590781662;2;4;0;0;0;0;1;4;0;0
Q25;2013;590000477;590781670;;7;;;;;;2;;
Q25;2013;590000527;590781795;5;9;;;;;2;4;;
Q25;2013;590000535;590781803;3;5;;;1;5;2;3;;
Q25;2013;590000592;590782165;8;82;;;;;;4;;
Q25;2013;590000600;590782207;;;;;;;1;2;;
Q25;2013;590000618;590782215;35;43;;;0;3;1;7;;
Q25;2013;590000691;590782439;;;;;1;;3;1;;
Q25;2013;590000758;590782637;;;;;1;0;1;3;;
Q25;2013;590000766;590782645;;4;;;;;;1;;
Q25;2013;590000782;590782660;;;;;;1;;;;
Q25;2013;590001004;590783239;2;3;;;;;2;3;;
Q25;2013;590001442;590784245;1;4;;;;;;;;
Q25;2013;590001582;590785663;3;8;;;;;0;3;;
Q25;2013;590006607;590780193;;;;;2;;6;4;;
Q25;2013;590009148;810002519;;;;;;1;;;;
Q25;2013;590009528;590782165;0;3;;;;;;;;
Q25;2013;590016408;590016358;;;;;;;;;1;
Q25;2013;590044632;590782421;;3;;;;;;;;
Q25;2013;590048476;590046785;1;;;;;;;;;
Q25;2013;590052049;590006268;;;;2;;1;;;;
Q25;2013;590053955;;;;;;1;1;;;;
Q25;2013;590780128;590000063;;2;;;;1;1;2;;
Q25;2013;590780268;590053955;;;;;2;8;;;;
Q25;2013;590780284;590051801;15;8;;;4;3;;;;
Q25;2013;590780383;590000204;;;;;1;;;;;
Q25;2013;590781951;590053955;;;;;;4;;;;
Q25;2013;590782256;590000659;;;;;;1;;;;
Q25;2013;590782298;590000675;;;;;;3;;;;
Q25;2013;590782496;590000139;;;;;;1;;;;
Q25;2013;590782611;750719239;0;0;0;0;0;1;0;0;0;0
Q25;2013;590782694;750034589;1;2;;;;;;2;;
Q25;2013;590784864;590780193;;;;;;;;1;;
Q25;2013;590784898;590780193;;;;;;1;;1;;
Q25;2013;590785374;620001834;2;3;;;;;;1;;
Q25;2013;590786984;620020859;;5;;;;;;;;
Q25;2013;590787586;590780193;;;;;;2;1;;;
Q25;2013;590788865;590782421;;3;;;;;;;;
Q25;2013;590790473;620020859;;3;;;;1;;;;
Q25;2013;590790655;590002218;0;0;0;0;1;0;0;0;0;0
Q25;2013;590791091;590780193;;;;;;1;;2;;
Q25;2013;590791323;590782637;2;6;;;;;;2;;
Q25;2013;590796975;590780193;;;;;4;10;1;11;;
Q25;2013;590797346;620020859;2;4;;;;;;;;
Q25;2013;590797353;590051801;14;10;;;;1;;;;
Q25;2013;590801106;590782421;2;1;;;;1;;;;
Q25;2013;590804696;590781902;1;;;;1;;;;;
Q25;2013;590806360;590003596;;;;;;1;;;;
Q25;2013;590810784;590004685;;;;;;2;;;;
Q25;2013;590811279;590780193;;;;;1;1;1;1;;
Q25;2013;590812186;590782421;1;2;;;;;;;;
Q25;2013;590813507;590000485;;;;;;1;;;;
Q25;2013;590817441;620003814;;1;;;;;;;;
Q25;2013;600000012;600100028;0;0;0;0;2;4;2;8;0;0
Q25;2013;600000046;600100127;3;8;0;0;0;0;1;1;0;0
Q25;2013;600000186;600100648;;;;;;1;1;4;;
Q25;2013;600000194;600100713;;;;;;2;4;7;2;15
Q25;2013;600000467;600101984;0;0;0;0;1;3;0;0;0;0
Q25;2013;600001184;600108948;1;18;;;;;;5;;
Q25;2013;600003008;600113278;;;;;;;0;9;;
Q25;2013;600010094;600100580;0;3;;;;;;;;
Q25;2013;600100101;750712184;0;0;0;0;0;0;1;0;0;0
Q25;2013;600100275;600000111;0;0;0;0;1;0;0;0;0;0
Q25;2013;600100309;750721334;;1;;;2;1;;1;;
Q25;2013;600100671;750034589;0;2;0;0;2;2;0;0;0;0
Q25;2013;600101687;600010037;;1;;;;;;;;
Q25;2013;600101943;750720609;1;;;;;1;1;1;;
Q25;2013;600105381;600106611;1;1;;;;;1;1;;
Q25;2013;600111124;600106611;;;;;;;1;;;
Q25;2013;600113476;600100721;1;0;0;0;1;0;0;0;0;0
Q25;2013;610000028;610780025;3;2;0;0;0;0;0;0;0;0
Q25;2013;610000044;610780074;0;2;0;0;0;0;0;1;0;0
Q25;2013;610000051;610780082;5;2;0;0;0;0;1;2;0;0
Q25;2013;610000069;610780090;;;;;;;;3;;
Q25;2013;610000077;610780124;1;6;;;;;1;3;;
Q25;2013;610000085;610780132;0;1;0;0;0;0;0;0;0;0
Q25;2013;610000093;610780140;0;5;0;0;0;0;0;0;0;0
Q25;2013;610000101;610780157;3;2;;;;;;;;
Q25;2013;610000119;610780165;3;1;0;0;0;0;1;3;0;0
Q25;2013;610780116;610790594;;1;;;;2;1;2;;
Q25;2013;610780207;610787061;1;;;;;;;;;
Q25;2013;610780371;760025734;;;;;;;;4;;
Q25;2013;610780389;610004939;;3;;;;;1;;;
Q25;2013;610784050;610780082;0;0;0;0;0;3;0;0;0;0
Q25;2013;610784423;610787285;;3;;;;;;1;;
Q25;2013;610788325;610780165;1;0;0;0;0;0;0;0;0;0
Q25;2013;620000026;620003814;2;3;;;;;3;2;;
Q25;2013;620000034;620100057;10;8;;;;1;;2;;
Q25;2013;620000067;620100081;1;10;;;;;;2;;
Q25;2013;620000117;620100461;;4;;;;;;1;;
Q25;2013;620000224;620100651;8;24;;;;;3;10;;
Q25;2013;620000232;620100669;;;;;;3;;;;
Q25;2013;620000240;620100677;;;;;;;;1;;
Q25;2013;620000257;620100685;;4;;;;2;;;;
Q25;2013;620000281;620101287;3;24;;;1;;2;;;
Q25;2013;620000299;620101295;2;16;;;;1;;2;;
Q25;2013;620000323;620101337;2;1;;;;;2;9;;
Q25;2013;620000596;750820680;;;;;;;;2;;
Q25;2013;620000653;620103440;4;9;;;;;;;;
Q25;2013;620003202;620103432;8;19;;;;;;;;
Q25;2013;620003350;620001834;4;28;;;;;;;;
Q25;2013;620003376;620001834;23;54;;;;;;;;
Q25;2013;620003822;620003814;2;6;;;;;;1;;
Q25;2013;620003889;620003848;;1;;;;;;;;
Q25;2013;620013649;620013599;0;0;0;0;0;1;0;0;0;0
Q25;2013;620024349;620024299;0;0;1;2;0;0;0;0;0;0
Q25;2013;620025346;620001834;13;54;;;;;;;;
Q25;2013;620025387;620025361;;;1;1;;;;;;
Q25;2013;620027664;620003814;;1;;;;;7;3;;
Q25;2013;620100099;620014779;;;1;;1;3;;;;
Q25;2013;620100735;620000265;;;;;1;;;;;
Q25;2013;620100750;620000273;;;;1;;;;;;
Q25;2013;620100842;620001834;2;17;;;;;3;2;;
Q25;2013;620102954;620020859;0;0;0;0;1;0;0;0;0;0
Q25;2013;620106203;620020859;1;6;;;;;;;;
Q25;2013;620106625;620020859;2;13;;;;1;;;;
Q25;2013;620116558;620001834;1;3;;;;;;;;
Q25;2013;620117309;620112581;;;;;;1;;;;
Q25;2013;620117606;620020859;2;13;;;;1;;;;
Q25;2013;630000016;630180032;;1;;;;;1;;;
Q25;2013;630000131;630003168;1;2;;;1;1;1;1;;
Q25;2013;630000149;630780302;3;8;;;;;;;;
Q25;2013;630000404;630780989;16;53;;;;;1;;;
Q25;2013;630000412;630780997;4;13;;;;;1;4;;
Q25;2013;630000420;630781003;;5;;;;;;;;
Q25;2013;630000438;630781011;7;4;;;;;;;;
Q25;2013;630000446;630781029;3;10;0;0;0;0;0;5;0;0
Q25;2013;630000479;630781110;2;8;0;0;0;0;0;0;0;0
Q25;2013;630000487;630781136;2;1;;;;;;;;
Q25;2013;630000560;630781367;;13;;;;;;;;
Q25;2013;630010296;630010270;1;;;;;;;;;
Q25;2013;630010510;750043994;;;;;;1;;;;
Q25;2013;630011823;870015336;1;;;;;;;;;
Q25;2013;630780195;630786754;2;5;;;2;1;3;8;;
Q25;2013;630780211;630000107;;;;;1;;;;;
Q25;2013;630780401;630000172;;;;;1;3;;;;
Q25;2013;630780526;630009991;;;;;;;;2;;
Q25;2013;630780559;870015336;;8;;;;;;2;;
Q25;2013;630781268;630780989;1;27;;;;1;;;;
Q25;2013;630781417;630000578;;;;;;1;;;;
Q25;2013;630781755;630011518;;;;;;1;;;;
Q25;2013;630781771;630780989;;1;;;;;;;;
Q25;2013;630781839;630000826;;;;;;2;;;;
Q25;2013;630783348;750050916;1;1;;;;;;;;
Q25;2013;630783538;630780989;1;5;;;;;;;;
Q25;2013;630784742;630000990;;;;;2;2;;;;
Q25;2013;630790384;630786754;;;;;;;;2;;
Q25;2013;640000162;640780417;16;4;;;;;;;;
Q25;2013;640000402;640780813;0;3;;;;;;;;
Q25;2013;640000410;640780821;4;11;;;1;;3;2;;
Q25;2013;640000428;640780839;;14;;;;;;;;
Q25;2013;640000436;640780862;;;;;;;2;;;
Q25;2013;640000600;640781290;23;104;;;1;1;7;5;;
Q25;2013;640003836;640791976;1;3;;;;;;;;
Q25;2013;640007019;;;;;;1;;;;;
Q25;2013;640015921;640780821;2;3;;;;;;;;
Q25;2013;640017521;640790374;;2;;;;;;;;
Q25;2013;640017646;640017638;0;2;0;0;0;0;0;0;0;0
Q25;2013;640780185;640000089;1;3;;;;;;;;
Q25;2013;640780268;640000113;;;;;;1;;;;
Q25;2013;640780490;640000212;;;;;;1;;;;
Q25;2013;640780631;640000295;;;;;;1;;;;
Q25;2013;640780672;640000337;;;;;;2;;;;
Q25;2013;640780755;640780417;1;2;;;;;;;;
Q25;2013;640780904;750721334;1;;;;;;;1;;
Q25;2013;640780946;640000469;;;;;1;3;;;;
Q25;2013;640781225;640000568;;;;;;2;;;;
Q25;2013;640781340;640000642;1;;;;;;;;;
Q25;2013;640786281;640791976;1;1;;;;;;;;
Q25;2013;640787149;640001681;;2;;;;;;;;
Q25;2013;640792305;640000626;;;;;;;1;;;
Q25;2013;650000045;650780158;0;4;0;0;0;0;0;0;0;0
Q25;2013;650000052;650780166;8;12;;;;;;;;
Q25;2013;650000078;650780190;0;1;0;0;0;0;0;0;0;0
Q25;2013;650000417;650783160;1;3;;;;;6;5;;
Q25;2013;650780141;650783160;;;;;;;;2;;
Q25;2013;650780323;650000128;;1;;;;;;;;
Q25;2013;650784218;650780174;3;6;;;;;2;4;;
Q25;2013;660000084;660780180;1;8;;;;;;;;
Q25;2013;660000092;660780198;1;3;;;1;3;1;;;
Q25;2013;660000167;660780271;0;3;0;0;1;1;1;4;0;0
Q25;2013;660000605;660786799;;1;;1;1;1;;4;;
Q25;2013;660005166;660786542;;3;;;1;;1;1;;
Q25;2013;660006990;340019363;;;;;1;;;;;
Q25;2013;660007006;340019363;;;;;;;1;;;
Q25;2013;660780172;660786799;;;;;;;;1;;
Q25;2013;660780321;590799730;1;2;;;;;1;1;;
Q25;2013;660780370;660786799;;;;;;;6;3;;
Q25;2013;660780610;660000274;;;;;;1;;;;
Q25;2013;660780784;660000407;;;;;4;13;;;;
Q25;2013;660781287;660000621;;;;;;2;;;;
Q25;2013;660790163;660790155;;;;;;1;;;;
Q25;2013;670000025;670780055;;1;;;2;1;;;;
Q25;2013;670000033;670780063;;;;;3;;;;;
Q25;2013;670000041;670780071;5;9;;;;;;;;
Q25;2013;670000058;670013366;;4;;;;;2;2;;
Q25;2013;670000082;670780147;;2;;;;;;;;
Q25;2013;670000157;670780337;;;;;;1;4;4;;
Q25;2013;670000165;670780345;;8;;;;;1;5;;
Q25;2013;670000173;670780352;;3;;;;;2;3;;
Q25;2013;670000181;670780360;;2;;;;;;;;
Q25;2013;670000215;680000643;1;12;;;;5;;;;
Q25;2013;670000249;680000643;;6;;;;;;;;
Q25;2013;670000272;670780543;;3;;;;;1;2;;
Q25;2013;670000306;670780584;;;;;;1;1;10;;
Q25;2013;670000348;670780642;;4;3;5;;;;;;
Q25;2013;670000371;670780675;1;6;;;;;;1;;
Q25;2013;670000397;670780691;;;;;1;;;;;
Q25;2013;670002278;750043994;;;;;;1;;;;
Q25;2013;670005479;670000652;;1;;;;;;;;
Q25;2013;670008838;670000785;1;;;;;;;;;
Q25;2013;670013325;670013317;;;;;;1;;;;
Q25;2013;670014992;670780139;1;;;;;;;;;
Q25;2013;670016153;670013754;;1;;;;;;;;
Q25;2013;670016237;670016211;;3;;;;;2;;;
Q25;2013;670780121;670013754;4;3;;;;1;;;;
Q25;2013;670780162;670000108;;;;;;;1;1;;
Q25;2013;670780188;670014604;;;;;3;;2;;;
Q25;2013;670780212;670014604;;1;;;;1;2;5;;
Q25;2013;670780378;670000785;5;15;;;2;;;;;
Q25;2013;670780550;670013754;;11;;;;;;;;
Q25;2013;670780592;670013754;1;3;;;;;;;;
Q25;2013;670780600;750050759;;13;;;;;;;;
Q25;2013;670780873;670013754;1;3;;;;;;;;
Q25;2013;670780915;670013754;;5;;;;;;;;
Q25;2013;670781129;670013754;2;4;;;;;;;;
Q25;2013;670781574;670000652;;1;;;;1;;;;
Q25;2013;670783273;670780055;;;;;;3;;;;
Q25;2013;670792027;670792340;;;;;;;;1;;
Q25;2013;670797539;670014604;;;;;;;1;2;;
Q25;2013;670798636;670014604;2;;;;;;3;;;
Q25;2013;670799675;680000643;1;13;;;;;;3;;
Q25;2013;680000031;680000171;;4;;;;;;;;
Q25;2013;680000122;680000346;;8;;;;;;;;
Q25;2013;680000130;680000353;1;1;;;;1;1;;;
Q25;2013;680000189;680000643;1;17;;;;;;;;
Q25;2013;680000221;670781293;;2;;;1;;;;;
Q25;2013;680000312;680015963;1;;;;;;;;;
Q25;2013;680000320;680000643;4;23;;;;;;;;
Q25;2013;680000338;680000114;;;;;;1;;;;
Q25;2013;680000494;680000643;3;27;;;1;1;;;;
Q25;2013;680000544;680000395;1;1;;;;1;1;1;;
Q25;2013;680000577;680000411;1;;;;1;;;2;;
Q25;2013;680000601;680000437;3;6;;;;;;;;
Q25;2013;680000627;680000486;4;4;;;0;0;;;;
Q25;2013;680000684;680000973;;;;;2;2;;;;
Q25;2013;680000700;680001005;;9;;;;;;2;;
Q25;2013;680000726;680012648;0;1;;;;;;;;
Q25;2013;680000742;680001054;3;19;0;0;0;0;1;1;0;0
Q25;2013;680000767;680001088;0;5;0;0;0;1;0;0;0;0
Q25;2013;680000833;680001138;;2;;;;;;1;;
Q25;2013;680000874;680001179;1;11;;;4;3;;;;
Q25;2013;680000882;680016011;1;15;;;;;;1;;
Q25;2013;680001195;680016011;14;42;;;1;3;2;3;;
Q25;2013;680001237;670013754;1;5;;;;;;;;
Q25;2013;680001252;680001112;1;4;;;;;;;;
Q25;2013;680001294;680000890;;;;;;1;;;;
Q25;2013;680001310;670013754;;1;;;;;;;;
Q25;2013;680001617;680016011;;4;;;;;;;;
Q25;2013;680003324;680014495;8;45;;;;1;;2;;
Q25;2013;680013240;680016011;;2;;;;;;2;;
Q25;2013;680013547;680015963;1;2;;;;;;;;
Q25;2013;690000013;690780036;2;2;;;;;3;1;;
Q25;2013;690000039;690780051;1;2;;;;;;3;;
Q25;2013;690000047;690780069;;5;;;;;;1;;
Q25;2013;690000054;690780077;2;1;;;;;;;;
Q25;2013;690000062;690780085;;6;;;;;2;6;;
Q25;2013;690000088;690780101;;;;;1;4;1;2;;
Q25;2013;690000096;690780119;;;;;;;2;3;;
Q25;2013;690000401;750000218;2;1;;;;;;;;
Q25;2013;690000583;690782230;;;;;;;4;1;;
Q25;2013;690000591;690782248;;;1;4;1;;;;;
Q25;2013;690000609;690010749;;2;;;;1;;;;
Q25;2013;690000617;690031455;1;;;;;;;;;
Q25;2013;690000625;690782271;;4;;;;;;;;
Q25;2013;690000633;690010749;;2;;;;;;;;
Q25;2013;690000641;690782297;0;1;0;0;0;0;0;0;0;0
Q25;2013;690000773;690782925;0;10;;;1;;4;6;;
Q25;2013;690000880;690783220;;;;;1;19;;;;
Q25;2013;690001524;690787338;2;1;;;;;;;;
Q25;2013;690002092;010783009;;5;;;1;;;;;
Q25;2013;690006721;010783009;;2;;;;;;;;
Q25;2013;690012109;690027008;;;;;;2;;;;
Q25;2013;690022009;690796552;0;0;0;0;1;0;0;0;0;0
Q25;2013;690022959;690000732;;;;;;1;;;;
Q25;2013;690023239;690000146;0;0;0;0;0;1;0;0;0;0
Q25;2013;690023411;690000252;;;;;;4;;;;
Q25;2013;690036108;690036090;;;;;;1;;;;
Q25;2013;690780093;750821092;;;;;2;;;;;
Q25;2013;690780200;690000112;;;;;;1;;;;
Q25;2013;690780499;690000278;;;;;;1;;;;
Q25;2013;690780507;750052276;;;;;;1;;;;
Q25;2013;690780523;750047938;;;;;;1;;;;
Q25;2013;690780655;690000377;;;;;2;;;;;
Q25;2013;690781737;750721334;;;;;1;1;;;;
Q25;2013;690782172;;;;;;1;;;1;;
Q25;2013;690782834;690000724;;;;;4;2;;;;
Q25;2013;690783154;690781810;;;;;;2;;;;
Q25;2013;690784137;690781810;;;;;;3;;;;
Q25;2013;690784186;690781810;1;;;;;3;;;;
Q25;2013;690784244;750721334;;;;;1;1;;;;
Q25;2013;690787452;690781810;2;;;;;1;;;;
Q25;2013;690788930;690001623;;;;;;1;;;;
Q25;2013;690791132;690001912;;;;;1;1;;;;
Q25;2013;690793468;690002068;;;;;;1;;;;
Q25;2013;690796727;;;;;;4;1;;;;
Q25;2013;690801709;690802715;1;10;;;;;;;;
Q25;2013;690805361;690805353;;;;;2;3;;;;
Q25;2013;700000011;700780026;;6;;;;;;3;;
Q25;2013;700000045;250006335;;;;;;;;1;;
Q25;2013;700780042;250006335;1;6;;;;;2;3;;
Q25;2013;700780075;700004096;;4;;;;;;;;
Q25;2013;700780208;700004591;3;5;;;;;;;;
Q25;2013;710002569;710000092;;;;;;1;;;;
Q25;2013;710010067;710780644;1;0;0;0;0;0;0;0;0;0
Q25;2013;710010786;710781451;;;;;;;3;;;
Q25;2013;710780917;710000274;;;;;;2;;;;
Q25;2013;710781139;750721334;1;;;;;;1;1;;
Q25;2013;710781535;210010294;1;3;;;;;;1;;
Q25;2013;710781824;710000464;;;;1;;2;;;;
Q25;2013;710972282;710781451;;;;;;;1;;;
Q25;2013;710972365;710780644;0;1;0;0;0;0;0;1;0;0
Q25;2013;710978107;710781592;;1;;;;;2;;;
Q25;2013;710978123;710781063;;12;;;;;1;2;;
Q25;2013;710978156;710780214;1;2;;;;;;;;
Q25;2013;710978164;710780438;1;8;;;;;;;;
Q25;2013;710978180;710781360;;5;;;;;;1;;
Q25;2013;710978198;710781386;;1;;;;;;4;;
Q25;2013;710978206;710780156;;4;;;;;1;2;;
Q25;2013;710978214;710781345;;12;;;;;;1;;
Q25;2013;710978230;710781329;8;21;;;;;;4;;
Q25;2013;710978255;710781568;1;1;;;;;1;1;;
Q25;2013;710978263;710780958;;;;;1;1;4;7;;
Q25;2013;710978271;710781014;;;;;;;;1;;
Q25;2013;710978289;710780263;3;11;;;;;;5;;
Q25;2013;710978313;710976705;1;19;;;;1;;;;
Q25;2013;710978347;710781204;;;;;;1;;2;;
Q25;2013;720000033;720000025;;1;;;;;5;9;;
Q25;2013;720000124;720000066;1;1;;;;;;;;
Q25;2013;720000314;720000090;2;2;;;;;;;;
Q25;2013;720000389;720012749;;1;;;;1;;1;;
Q25;2013;720000470;610780082;0;0;0;0;0;2;1;0;0;0
Q25;2013;720000520;720000140;1;9;;;;;;;;
Q25;2013;720000744;720000454;1;8;;;;;;;;
Q25;2013;720001437;720006022;1;4;;;;;2;2;;
Q25;2013;720001569;720007244;1;5;;;;;;;;
Q25;2013;720016179;720016724;1;3;;;;;;5;;
Q25;2013;720016823;720012749;;0;;0;;0;;1;;0
Q25;2013;720017748;720000561;;;;;1;;;;;
Q25;2013;730000031;730000015;5;5;;;;;;;;
Q25;2013;730000080;730780103;1;2;;;;;;3;;
Q25;2013;730000288;730780566;;2;;;;;;;;
Q25;2013;730000304;730780582;;3;;;;;1;5;;
Q25;2013;730780459;730000221;;;;;;1;;;;
Q25;2013;730780988;730002698;;;;;;1;;;;
Q25;2013;740000062;740780168;;6;;;;3;1;;;
Q25;2013;740000237;740781133;0;0;0;8;2;6;2;0;1;9
Q25;2013;740000302;740781216;;1;;;2;4;;;;
Q25;2013;740000328;740790381;2;2;;;;4;;;;
Q25;2013;740000401;740781893;1;;;;;;;;;
Q25;2013;740001847;740780168;;3;;;;;;;;
Q25;2013;740004148;310021373;;;;;;2;;;;
Q25;2013;740011481;740781133;0;0;0;0;0;0;0;1;0;0
Q25;2013;740014345;740000617;;;;;1;;;;;
Q25;2013;740014683;740780168;;3;;;;;;;;
Q25;2013;740780135;750050924;;;;;1;1;;;;
Q25;2013;740780143;750005068;0;0;0;0;0;3;0;0;0;0
Q25;2013;740780184;750052334;;;;;;1;;;;
Q25;2013;740780192;740780168;1;2;;;;;1;;;
Q25;2013;740780416;740000112;;;;;;3;;;;
Q25;2013;740780424;740000120;;;;;3;0;;;;
Q25;2013;740780952;740000179;;;;;;2;;;;
Q25;2013;740780986;740000195;;;;2;;1;;;;
Q25;2013;740781141;740790258;;;;;1;2;1;1;;
Q25;2013;740788070;740790381;;;;;;1;;;;
Q25;2013;750000481;750110025;;;;;1;;;;;
Q25;2013;750000507;750040628;;;;;;1;;;;
Q25;2013;750000523;750150120;1;38;;;;4;;1;;
Q25;2013;750000549;750150229;;;;;1;3;;;;
Q25;2013;750006348;910140011;;;;;;1;;;;
Q25;2013;750023749;750034308;;;;;1;1;;;;
Q25;2013;750038739;750043994;;;;;;2;;;;
Q25;2013;750039448;750720914;3;3;;;;;1;;;
Q25;2013;750051872;;;;;;1;2;;;;
Q25;2013;750052037;;1;11;;;;;;;;
Q25;2013;750100018;750712184;0;0;0;0;0;2;0;0;0;0
Q25;2013;750100042;750712184;0;0;0;0;2;2;1;3;0;0
Q25;2013;750100075;750712184;0;0;0;0;4;4;0;0;0;0
Q25;2013;750100083;750712184;0;0;0;0;0;1;1;0;0;0
Q25;2013;750100091;750712184;0;0;0;0;2;5;0;3;0;0
Q25;2013;750100109;750712184;0;0;0;0;0;1;1;1;0;0
Q25;2013;750100125;750712184;0;0;0;0;6;9;15;3;0;0
Q25;2013;750100166;750712184;0;0;0;0;2;4;0;0;0;0
Q25;2013;750100208;750712184;0;0;0;0;3;3;2;3;0;0
Q25;2013;750100216;750712184;0;0;0;0;0;0;1;0;0;0
Q25;2013;750100232;750712184;0;0;0;0;0;3;1;0;0;0
Q25;2013;750100273;750712184;0;0;0;0;1;0;0;0;0;0
Q25;2013;750100299;750712184;0;0;0;0;0;2;0;0;0;0
Q25;2013;750150104;750720476;;;;;5;4;;;;
Q25;2013;750150146;750720609;;;;;1;;;;;
Q25;2013;750150237;750006728;;7;;;;;;1;;
Q25;2013;750150260;750006728;3;1;;;;;;;;
Q25;2013;750150286;750015968;;;;;;2;;;;
Q25;2013;750150344;750720468;;;;;;1;;;;
Q25;2013;750150377;750721334;;;;;;2;;;;
Q25;2013;750160012;750813321;;;;;;6;;;;
Q25;2013;750170102;750721391;1;;;;;;;;;
Q25;2013;750300014;750000564;0;0;0;0;0;1;0;0;0;0
Q25;2013;750300071;750000598;;;;;2;9;;;;
Q25;2013;750300089;750000606;;;;;1;;;;;
Q25;2013;750300121;750052037;;;;;2;1;;;;
Q25;2013;750300139;750000655;;;;;1;;;;;
Q25;2013;750300154;750000671;;;;;3;5;;;;
Q25;2013;750300220;750054827;;;;;;1;;;;
Q25;2013;750300360;750026569;;;;;;3;;;;
Q25;2013;750300410;750000770;;;;;;1;;;;
Q25;2013;750300592;750000820;;;;;1;5;;;;
Q25;2013;750300667;750000838;;;;;1;1;;;;
Q25;2013;750300741;750000861;;;;;1;6;;;;
Q25;2013;750300766;920028180;1;1;;;;;;;;
Q25;2013;750300774;750000895;;;;;;3;;;;
Q25;2013;750300840;750000903;;;;;;1;;;;
Q25;2013;750301137;750001034;;;;;;2;;;;
Q25;2013;750301152;750047136;;;;;;1;;;;
Q25;2013;750310013;750043994;;;;;;1;;;;
Q25;2013;750710782;750001190;;1;;;;;;;;
Q25;2013;750790164;750008310;0;0;0;0;0;2;0;0;0;0
Q25;2013;750803447;750712184;0;0;0;0;0;4;3;3;0;0
Q25;2013;750803454;750712184;0;0;0;0;0;6;7;7;0;0
Q25;2013;750806226;750712184;0;0;0;0;1;0;3;0;0;0
Q25;2013;750826141;750825960;;3;;;;1;1;1;;
Q25;2013;750827214;750815607;;;;;;1;;;;
Q25;2013;760000018;760780023;10;7;0;0;0;0;2;3;0;0
Q25;2013;760000026;760780031;;5;;;;;1;;;
Q25;2013;760000034;760780049;;12;;;;;;1;;
Q25;2013;760000042;760780056;9;43;;3;;;;;;
Q25;2013;760000059;760780064;1;5;;;;;;2;;
Q25;2013;760000133;760780213;1;1;;;;;;5;;
Q25;2013;760000158;760780239;28;30;;;1;7;;;;
Q25;2013;760000166;760780247;7;45;1;1;;;;;;
Q25;2013;760000174;760780254;1;7;;;0;1;0;1;;
Q25;2013;760000182;760780262;3;5;;;;;;;;
Q25;2013;760000190;760780270;3;18;;;;;2;15;;
Q25;2013;760000356;760780726;;2;;;1;;;;;
Q25;2013;760000364;760780734;5;19;0;0;0;0;1;0;0;0
Q25;2013;760000372;760780742;6;29;;;;;;1;;
Q25;2013;760000380;760780759;2;15;;;;;1;;;
Q25;2013;760000398;760780742;;4;;;;;;;;
Q25;2013;760000620;760782227;3;2;;;;;1;1;;
Q25;2013;760000802;760782425;2;;;;;;;;;
Q25;2013;760004143;;;1;;;;;;;;
Q25;2013;760021329;760000448;;;;;;1;1;1;;
Q25;2013;760025312;760000315;;;;;2;2;;;;
Q25;2013;760780510;760000257;;;;;;5;;;;
Q25;2013;760780676;750808529;;1;;;;;;;;
Q25;2013;760780692;760025734;1;5;0;0;1;0;0;0;0;0
Q25;2013;760780791;760000414;0;0;0;0;1;2;0;0;0;0
Q25;2013;760780825;760000430;;;;;;1;;1;;
Q25;2013;760781054;930019484;;1;;;;;1;;;
Q25;2013;760781070;760780726;1;;;;;;;;;
Q25;2013;760783035;750721334;1;3;;;;;;1;;
Q25;2013;760800938;760780023;1;0;0;0;0;0;0;0;0;0
Q25;2013;760805770;760780726;3;5;;;;;;;;
Q25;2013;760806950;760780734;0;4;0;0;0;0;0;0;0;0
Q25;2013;770000149;770110021;4;0;;;;;;;;
Q25;2013;770000156;770110054;1;;;;;;;;;
Q25;2013;770000164;770110062;3;24;;;;;;;;
Q25;2013;770000172;770110070;2;5;;;;1;2;5;;
Q25;2013;770000180;770130011;;;;;;;;2;;
Q25;2013;770000214;770130052;1;;;;;1;;2;;
Q25;2013;770000420;770700029;2;3;;;;4;;;;
Q25;2013;770016467;750043994;;;;;;1;;;;
Q25;2013;770019032;770170017;;1;;;4;;;;;
Q25;2013;770150027;750720575;3;4;;;;1;2;;;
Q25;2013;770150043;750808529;;;;;;3;;;;
Q25;2013;770300010;770004299;;;;;1;;;;;
Q25;2013;770300135;770000289;;;;;1;0;;;;
Q25;2013;770420024;750042590;;;;;;;;2;;
Q25;2013;770630028;750042590;;;;;;;1;;;
Q25;2013;770700011;750042590;;;;;;;1;;;
Q25;2013;770701225;750721334;;1;;;1;3;;;;
Q25;2013;770790707;770000719;;;;;;2;;;;
Q25;2013;770813814;770130037;;;;;;1;1;1;;
Q25;2013;780000287;780110011;6;19;;;3;;8;9;;
Q25;2013;780000295;780002697;;8;;;;;2;3;;
Q25;2013;780000303;780110037;3;2;;;1;;;;;
Q25;2013;780000311;780001236;;;;;;;6;6;;
Q25;2013;780000329;780110052;5;2;;;;;2;2;;
Q25;2013;780000337;780001236;;;;;;;5;9;;
Q25;2013;780000378;780130027;;5;;;;;;;;
Q25;2013;780001657;780530010;;;;;;1;;;;
Q25;2013;780008298;750043994;;;;;;1;;;;
Q25;2013;780018727;780018719;;;;;;1;;;;
Q25;2013;780140018;750005068;1;2;;;3;7;2;1;;
Q25;2013;780140075;750804114;3;9;;;;;;;;
Q25;2013;780150017;750005068;1;;;;;2;2;;;
Q25;2013;780150033;780020715;;;;;1;;;;;
Q25;2013;780170056;780825097;;;;;;1;;;;
Q25;2013;780300075;780000485;;;;;;1;1;;;
Q25;2013;780300083;780000493;0;0;0;0;0;2;0;0;0;0
Q25;2013;780300109;920000395;;;;;;1;;;;
Q25;2013;780300208;780000576;;;;;;1;;;;
Q25;2013;780300406;780018032;;;;;;1;;;;
Q25;2013;780300414;780000675;;;;;2;5;;;;
Q25;2013;780300422;780002259;;;;1;1;4;;;;
Q25;2013;780700050;780826210;;;;;;1;1;;;
Q25;2013;780800256;780110078;;3;;;;;;2;;
Q25;2013;790000087;790000012;8;50;;;;;2;10;;
Q25;2013;790000095;790006654;2;17;;;;;;;;
Q25;2013;790000103;790006654;1;17;;;;;;;;
Q25;2013;790000111;790000046;1;5;;;;;;;;
Q25;2013;790000137;790000061;;7;;;;;;;;
Q25;2013;790000145;790000079;;8;;;;;;;;
Q25;2013;790000269;870015336;;1;;;;;;;;
Q25;2013;790000681;790002497;2;7;;;1;4;;;;
Q25;2013;790003537;790006654;;10;;;;;;;;
Q25;2013;790008064;790002497;;5;;;;;;;;
Q25;2013;790009948;790001242;;;;;1;2;;;;
Q25;2013;790012355;790000012;;3;;;;;;;;
Q25;2013;800000143;800000028;4;11;0;0;0;0;3;1;0;0
Q25;2013;800000184;800000036;1;3;;;;;;;;
Q25;2013;800000192;800000044;12;71;;;1;;;;;
Q25;2013;800000200;800000051;3;31;;;;;2;0;;
Q25;2013;800000226;800000069;2;15;;;;;;2;;
Q25;2013;800000275;800000077;1;3;;;;;;5;;
Q25;2013;800000390;800000085;4;21;;;;;;;;
Q25;2013;800000432;800000093;9;38;;;;;2;2;;
Q25;2013;800000457;800000119;6;36;0;0;0;0;2;3;0;0
Q25;2013;800000507;800000135;5;14;;;;;2;4;;
Q25;2013;800002503;800001141;;;;;;;;4;;
Q25;2013;800004152;800000093;9;38;;;;;2;2;;
Q25;2013;800009417;800000085;0;1;;;;;;;;
Q25;2013;800015448;800000093;9;38;;;;;2;2;;
Q25;2013;800016768;800003071;;1;;;;;;;;
Q25;2013;800016776;800000085;;1;;;;;;;;
Q25;2013;810000158;810100099;1;1;;;;;;;;
Q25;2013;810000224;810000471;;;;;;2;;;;
Q25;2013;810000448;810099945;;4;;;;;;;;
Q25;2013;810000505;810000331;0;0;0;0;0;1;0;0;0;0
Q25;2013;810000521;810000380;1;2;;;;;;;;
Q25;2013;810000539;810000398;1;6;;;;;;;;
Q25;2013;810004200;920000395;;;;;1;;;;;
Q25;2013;810100008;;;;;;;2;1;1;;
Q25;2013;810101170;810101162;;;;;;3;;;;
Q25;2013;820000032;820000016;10;35;;;;;;;;
Q25;2013;820000057;820000131;;;;;3;1;;;;
Q25;2013;820000198;820004950;0;3;0;0;0;0;0;0;0;0
Q25;2013;820000420;820000206;1;3;;;;;1;2;;
Q25;2013;820000438;820000214;1;;;;;;;;;
Q25;2013;820000461;820000248;1;7;;;;;;;;
Q25;2013;820000883;820004950;6;5;;;0;1;3;5;;
Q25;2013;820004067;820000016;;1;;;;;;;;
Q25;2013;830000279;830100517;;;;;;1;;;;
Q25;2013;830000287;830100525;;1;;;;2;;;;
Q25;2013;830000295;830100533;6;6;0;0;0;1;0;0;0;0
Q25;2013;830000303;830100541;;;;;;;2;;;
Q25;2013;830000311;830100566;2;5;;;;1;;6;;
Q25;2013;830000345;830100616;13;89;;;1;;1;;;
Q25;2013;830000600;830101200;;2;;;;;11;12;;
Q25;2013;830006128;830004479;;;;;;2;;;;
Q25;2013;830100012;750712184;0;0;0;0;2;1;0;0;0;0
Q25;2013;830100103;830000022;;;;;5;2;;;;
Q25;2013;830100392;830000154;;;;;;2;;;;
Q25;2013;830100434;830000196;;;;;2;4;;;;
Q25;2013;830100574;750821092;;;;;;3;;;;
Q25;2013;830100608;830100616;4;14;;;;;;;;
Q25;2013;830100681;750005068;;;;;;1;2;1;;
Q25;2013;830100764;830000436;;;;;;1;;;;
Q25;2013;830101010;830000568;;1;;;;;;;;
Q25;2013;830200507;830013678;;;;;;;;2;;
Q25;2013;830200515;830001012;;;;;;3;;;;
Q25;2013;830202743;830100616;5;9;;;;;;;;
Q25;2013;830212759;750721235;;1;;;;;1;;;
Q25;2013;830213880;830100566;1;;;;;;1;1;;
Q25;2013;830213989;830100525;;1;;;;2;;;;
Q25;2013;840000350;840000657;0;1;0;0;0;2;0;0;0;0
Q25;2013;840000376;840000038;0;11;0;0;0;0;0;0;0;0
Q25;2013;840000392;840000046;;14;;;;1;1;2;;
Q25;2013;840000400;840000673;0;0;0;0;1;2;0;0;0;0
Q25;2013;840000434;840000079;;1;;;;;;;;
Q25;2013;840000483;840000087;6;11;;;;;;4;;
Q25;2013;840000491;130041916;0;0;0;0;0;0;4;1;0;0
Q25;2013;840000517;840000103;;1;;;;;;2;;
Q25;2013;840000525;840000111;;20;;;;;;1;;
Q25;2013;840000533;840000129;3;5;;;;;4;;;
Q25;2013;840000541;840000137;1;;;;2;2;3;9;;
Q25;2013;840001861;840006597;27;109;;;;;7;14;;
Q25;2013;840013312;840003685;0;0;0;0;0;1;0;0;0;0
Q25;2013;840017172;840017164;;;;;;1;;;;
Q25;2013;850000134;850013269;;;;;;1;;;;
Q25;2013;850000142;850000019;;;;;1;1;;;;
Q25;2013;850000175;850009010;1;4;;;;;;;;
Q25;2013;850000191;850000043;;2;;;;;;;;
Q25;2013;850000209;850000019;;;;;;1;;2;;
Q25;2013;850000233;850009010;;2;;;;;;;;
Q25;2013;850000258;850000092;;5;;;;;;;;
Q25;2013;850000399;750005068;;2;;;;;;;;
Q25;2013;850002130;850007048;;;;;;;;;;1
Q25;2013;850009630;850000035;1;14;;;;;;;;
Q25;2013;860000017;860780048;7;50;;;1;;;;;
Q25;2013;860000025;860780063;9;19;;;1;;2;3;;
Q25;2013;860000033;860780071;;14;;;;;;5;;
Q25;2013;860000058;860780097;1;21;;;;;;;;
Q25;2013;860000223;860013077;20;79;;;4;5;11;8;;
Q25;2013;860009208;860009158;;;;;;1;;;;
Q25;2013;860011014;860013077;2;10;;;;;1;1;;
Q25;2013;860780436;870015336;;1;;;;;;;;
Q25;2013;860793405;860793397;1;;;;;;;;;
Q25;2013;870000064;870000015;;1;;;3;;3;9;;
Q25;2013;870000098;870000023;4;9;;;;;1;3;;
Q25;2013;870000171;870015336;2;1;;;;;3;6;;
Q25;2013;870000270;870000031;7;31;;;;;;4;;
Q25;2013;870000288;870017415;;;;;2;1;;;;
Q25;2013;870000403;870014503;1;2;;;;;;1;;
Q25;2013;870000411;870017415;;;;;;1;;;;
Q25;2013;870000551;870014503;2;1;;;;;;;;
Q25;2013;870000601;870014248;6;6;;;;7;5;6;;
Q25;2013;870001567;870014503;2;1;;;;;;;;
Q25;2013;870002060;870017415;;;;;;5;;;;
Q25;2013;870003514;870000015;1;6;;;;;;2;;
Q25;2013;870005931;870000023;;1;;;;;;1;;
Q25;2013;870006137;870002466;;1;;;1;2;3;15;;
Q25;2013;870008042;870000015;1;28;;;;1;1;3;;
Q25;2013;870014859;870000015;;;;;;;;3;;
Q25;2013;880000021;880007059;0;0;0;0;3;0;0;0;0;0
Q25;2013;880000039;880780069;1;1;;;;;;;;
Q25;2013;880000047;880780077;4;3;0;0;1;1;0;3;0;0
Q25;2013;880000054;880007299;;;;;1;1;;1;;
Q25;2013;880000062;880780093;0;0;0;0;0;0;1;1;0;0
Q25;2013;880000070;880007299;1;;;;;;;1;;
Q25;2013;880000088;880780119;5;10;;;1;;5;3;;
Q25;2013;880000153;880780309;;3;;;;;;;;
Q25;2013;880000179;880780325;;1;;;;;;;;
Q25;2013;880000187;880780333;1;1;;;;;;3;;
Q25;2013;880000195;880780341;;2;;;;;;;;
Q25;2013;880000211;880780366;;3;;;;;;1;;
Q25;2013;880000336;880007059;0;0;0;0;2;0;0;0;0;0
Q25;2013;880780465;540019726;1;;;;;;;;;
Q25;2013;880780507;880000237;0;0;0;0;0;1;0;0;0;0
Q25;2013;880786645;880780077;0;1;0;0;0;0;0;0;0;0
Q25;2013;880788591;880780150;2;1;;;;1;;;;
Q25;2013;890000169;890000151;;;;;;1;;;;
Q25;2013;890000300;890000193;;;;;;;;1;;
Q25;2013;890000326;890008105;3;3;;;;;;;;
Q25;2013;890971583;890000417;;;;;;;;2;;
Q25;2013;890975519;890000052;;2;;;1;2;;;;
Q25;2013;890975527;890000037;;2;;;;;5;4;;
Q25;2013;890975535;890000409;1;1;;;;1;1;;;
Q25;2013;890975543;890000417;;;;;;1;1;0;;
Q25;2013;890975550;890970569;1;4;;;;;1;5;;
Q25;2013;890975568;890000433;;5;;;1;;;;;
Q25;2013;900000167;900000365;;5;;;;;3;6;;
Q25;2013;900000647;900004698;2;25;;;;;;7;;
Q25;2013;900002429;700004096;;2;;;;;;;;
Q25;2013;910000272;910110014;2;7;;;;;;;;
Q25;2013;910000280;910019447;2;;;;;;3;3;;
Q25;2013;910000298;910110055;;1;;;;;;;;
Q25;2013;910000322;910140011;;;;;;2;;;;
Q25;2013;910001973;910019447;2;14;;;;;1;;;
Q25;2013;910015965;750043994;;;;;;1;;;;
Q25;2013;910019298;940110042;;1;;;;;;;;
Q25;2013;910100015;750712184;0;0;0;0;0;1;0;0;0;0
Q25;2013;910100023;750712184;0;0;0;0;2;1;0;0;0;0
Q25;2013;910140037;750720914;1;;;;;;1;;;
Q25;2013;910150077;750720575;;;;;;;1;;;
Q25;2013;910300029;910000355;;;;;;1;;;;
Q25;2013;910300219;910003888;;;;;3;8;;;;
Q25;2013;910300326;910000553;;;;;;1;;;;
Q25;2013;910300359;910000587;;;;;1;;;1;;
Q25;2013;910310010;750052326;;;;;;1;;;;
Q25;2013;910803543;910017615;0;0;0;0;3;4;1;0;0;0
Q25;2013;910811322;830013678;;;;;;3;3;;;
Q25;2013;920000460;750813321;;;;;;3;;;;
Q25;2013;920000577;920110020;6;3;;;;;;;5;5
Q25;2013;920000601;920110053;1;;;;;;;;;
Q25;2013;920000619;920009909;0;0;0;0;0;1;0;0;0;0
Q25;2013;920000627;920009909;0;0;0;0;0;1;0;0;0;0
Q25;2013;920000643;920150034;;;;;1;;;;;
Q25;2013;920000650;920150059;;;;;1;12;3;4;;
Q25;2013;920000684;920150091;1;;;;2;6;1;1;;
Q25;2013;920001096;;;;;;;2;;;;
Q25;2013;920002177;920804465;;;;;;;4;3;;
Q25;2013;920005238;750043994;;;;;;3;;;;
Q25;2013;920100013;750712184;0;0;0;0;0;2;1;0;0;0
Q25;2013;920100021;750712184;0;0;0;0;2;3;0;0;0;0
Q25;2013;920100039;750712184;0;0;0;0;1;1;0;0;0;0
Q25;2013;920100047;750712184;0;0;0;0;0;2;0;0;0;0
Q25;2013;920100054;750712184;0;0;0;0;2;1;0;0;0;0
Q25;2013;920100062;750712184;0;0;0;0;0;0;0;1;0;0
Q25;2013;920120011;750821092;;;;;;1;;;;
Q25;2013;920140027;750720575;;;;;1;;;;;
Q25;2013;920150018;750720492;1;0;0;0;2;1;0;0;0;0
Q25;2013;920150075;780020715;0;0;0;0;1;1;0;0;0;0
Q25;2013;920300043;920001526;;;;;2;7;;;;
Q25;2013;920300191;920000767;;;;;;2;;;;
Q25;2013;920300464;910014919;;1;;;1;;;;;
Q25;2013;920300712;920810736;;;;;;4;;;;
Q25;2013;920300753;920810736;;;;;2;30;;;;
Q25;2013;920300787;920000981;;;;;1;12;;;;
Q25;2013;920300845;780020715;;;;;;1;;;;
Q25;2013;920300985;920810330;;1;;;;;;;;
Q25;2013;920310034;920001088;;;;;;3;;;;
Q25;2013;920310059;920001104;;;;;;1;;;;
Q25;2013;930000286;930021480;;;;;2;4;;;;
Q25;2013;930000328;930110051;3;;;;1;1;5;7;;
Q25;2013;930000336;930110069;2;;;;;;;;;
Q25;2013;930006648;750721235;;;;;1;;;;;
Q25;2013;930017512;930019948;;;;;;1;;;;
Q25;2013;930019203;750043994;;;;;;1;;;;
Q25;2013;930020920;750043408;;;;;1;1;;;;
Q25;2013;930021001;930021373;1;1;;;;1;;;;
Q25;2013;930100011;750712184;0;0;0;0;0;1;0;0;0;0
Q25;2013;930100037;750712184;0;0;0;0;2;1;1;0;0;0
Q25;2013;930100045;750712184;0;0;0;0;0;0;9;4;0;0
Q25;2013;930300025;930000393;;;;;;3;;;;
Q25;2013;930300066;930000401;;;;;;1;;;;
Q25;2013;930300116;930000427;;;;;;1;;;;
Q25;2013;930300140;930000450;;;;;;3;;;;
Q25;2013;930300264;930000492;;;;;;2;;;;
Q25;2013;930300280;310021274;;;;;;1;;;;
Q25;2013;930300553;930000633;;;;;1;3;;;;
Q25;2013;930300595;930000658;;;;;3;3;;;;
Q25;2013;930300629;930000666;;;;;;1;;;;
Q25;2013;930300645;930000682;;;;;1;2;;;;
Q25;2013;930500012;750720534;;;;;;1;;;;
Q25;2013;930706239;930110051;;1;;;;;3;1;;
Q25;2013;930815501;750034308;;1;;;;;;;;
Q25;2013;940000599;940110042;5;35;;;;3;5;19;;
Q25;2013;940000607;940140015;;1;;;;;1;1;;
Q25;2013;940000615;940140023;1;2;;;2;1;1;1;;
Q25;2013;940000649;940150014;;1;;;;;;;;
Q25;2013;940000664;940160013;;;;;3;21;;;;
Q25;2013;940006679;940017338;;;;;;2;;;;
Q25;2013;940016868;940016819;2;2;0;0;0;0;1;0;0;0
Q25;2013;940100027;750712184;0;0;0;0;9;9;1;0;0;0
Q25;2013;940100035;750712184;0;0;0;0;1;8;0;2;0;0
Q25;2013;940100043;750712184;0;0;0;0;6;12;0;0;0;0
Q25;2013;940100050;750712184;0;0;0;0;1;3;0;0;0;0
Q25;2013;940100068;750712184;0;0;0;0;0;1;0;0;0;0
Q25;2013;940120017;750821092;;;;;;2;;;;
Q25;2013;940300270;940000771;;;;;1;1;;;;
Q25;2013;940300379;940000805;;;;;;1;;;;
Q25;2013;940300445;940000854;;;;;;2;;;;
Q25;2013;940300551;940000912;;;;;;1;;;;
Q25;2013;940300577;310021266;;;;;;3;;;;
Q25;2013;940310014;940000979;1;;;;2;;;;;
Q25;2013;940700032;940001027;;;;;;1;;;;
Q25;2013;940812506;940110042;;3;;;;;;;;
Q25;2013;940813033;940001894;;;;;;4;;;;
Q25;2013;940813090;750043994;;;;;;1;;;;
Q25;2013;950000307;950110015;3;3;0;0;1;0;0;0;0;0
Q25;2013;950000315;950001370;7;12;;;;;;1;;
Q25;2013;950000323;950013870;;5;;;;;4;6;;
Q25;2013;950000331;950110049;;3;;;1;1;;3;;
Q25;2013;950000356;950013870;;;;;;;1;;;
Q25;2013;950000364;950110080;4;14;;;;2;;;;
Q25;2013;950000398;950140012;1;3;;;;;;;;
Q25;2013;950000406;950150037;;;;;;1;;;;
Q25;2013;950000695;950500033;1;;;;;1;;1;;
Q25;2013;950002568;750043994;;;;;;1;;;;
Q25;2013;950031237;950809640;;;;;;1;;;;
Q25;2013;950150011;940016249;;12;;;;;;;;
Q25;2013;950300152;950000489;;;;;1;2;;;;
Q25;2013;950300277;950000547;;;;;1;16;;;;
Q25;2013;950300301;950000562;;;;;1;4;;;;
Q25;2013;950420042;750043994;;;;;;1;;;;
Q25;2013;950630012;750721334;;2;;;1;4;;3;;
Q25;2013;950807982;950001636;;;;;2;2;;;;
Q25;2013;970100129;970100350;;1;;;;;;;;
Q25;2013;970100251;970100467;;;;;;1;;;;
Q25;2013;970102596;970100491;;;;;;4;;;;
Q25;2013;970104477;970104451;;;;;1;;;;;
Q25;2013;970107249;970100731;;;;;;1;;;;
Q25;2013;970108957;970108932;;;;;;1;;;;
Q25;2013;970111217;970111209;;;;;;1;;;;
Q25;2013;970200044;970202164;;;;;1;;;;;
Q25;2013;970200077;970202198;;2;;0;;0;;0;;0
Q25;2013;970203303;750000218;;;;;;2;;;;
Q25;2013;970203493;970200457;1;;0;;;1;;;;
Q25;2013;970209441;970209433;0;0;0;0;0;1;0;0;0;0
Q25;2013;970300026;970302022;;;;;;;12;18;;
Q25;2013;970300083;970302121;;;;;4;0;;;;
Q25;2013;970400016;970411005;7;4;;;;;;2;;
Q25;2013;970400024;970408589;26;13;0;0;2;4;14;4;0;0
Q25;2013;970400057;970408589;6;7;0;0;0;0;3;1;0;0
Q25;2013;970400065;970421038;0;1;0;0;0;2;7;4;0;0
Q25;2013;970423000;970430906;;3;;;1;1;;1;;
Q25;2013;980500011;980500003;;;;;;;6;7;;5
