BOR;AN;FI;FI_EJ;LIT;JOU;ENT;URG_EJ;URG_EXT;MCO_EJ;MCO_EXT;GER_EJ;GER_EXT;SSR_EJ;SSR_EXT;PSY_EJ;PSY_EXT;HAD_EJ;HAD_EXT;DOMIC1;DOMIC2;PEGER;EMGER;GERPSY;EMPAL;ALZ;EHPAD;VILHOS;RETR
USLD;2013;010000065;010780096;30;10680;18;;;;;;;;;;;;;;;;;;;;;;
USLD;2013;010000081;010780112;30;10692;14;0;;2;;;;8;1;;;;;3;;;;;17;;2;1;
USLD;2013;010000115;010009132;30;10196;49;;;2;47;;;20;;;;;;;;;;;;;3;;
USLD;2013;010009314;010780054;94;31970;91;2;;33;6;11;8;42;9;;2;;;7;;;;4;4;;8;0;
USLD;2013;010009702;010780054;26;8596;17;;;3;;;;8;;;;;;3;;;;;;25;2;0;
USLD;2013;010786259;010008407;18;8087;16;0;;0;2;0;0;0;7;0;0;0;0;0;7;0;0;7;0;0;0;0;0
USLD;2013;010789717;010008407;17;5962;10;0;;0;0;0;0;0;0;0;0;0;0;0;0;0;0;0;0;0;0;0;0
USLD;2013;020000089;020000022;30;10140;27;0;;1;0;0;0;22;0;0;0;0;0;2;2;0;0;10;12;0;0;1;0
USLD;2013;020000162;020000063;60;20950;37;1;;;;1;;20;5;;;;;7;3;19;0;0;0;0;5;1;1
USLD;2013;020000535;020000287;44;15020;22;1;;;;;;11;3;;2;;;3;;;;;9;;;1;
USLD;2013;020000683;020002085;30;10932;22;;;;;;;;4;;;;;18;;;;;4;4;5;;
USLD;2013;020004677;020000261;50;16602;45;0;;3;0;0;0;18;1;0;0;0;0;23;;0;0;0;0;0;2;2;0
USLD;2013;020005476;020000253;41;13696;20;0;;0;0;0;0;17;0;0;0;0;0;0;2;0;0;0;0;0;0;0;0
USLD;2013;030000061;030780092;80;29417;46;;;23;;4;;7;7;1;;;;4;;;;2;2;;1;1;6
USLD;2013;030000079;030780100;60;21781;35;0;;28;0;0;0;6;0;0;0;0;0;1;0;;;;;;;;
USLD;2013;030000087;030780118;115;41362;66;;;11;8;4;;35;1;;;;;6;1;685;776;;560;;;;13
USLD;2013;030000160;030780282;40;14377;8;;;;;;;;;483;227;;;;;;;;;;;;
USLD;2013;040000093;040780215;30;10655;14;;;;;;;;;;;;;;;;;;;;;;
USLD;2013;040002248;040000168;41;9757;32;0;;0;5;0;0;6;0;0;10;0;0;11;;0;15;0;1;0;0;0;0
USLD;2013;050000132;050007145;25;8976;9;;;2;;1;;;;4;;;;2;;;;;1;;;;
USLD;2013;050000231;050000116;30;10587;15;;;;;;;;9;;;;;;6;;;;;;2;;
USLD;2013;050000256;050000124;30;10349;18;;;2;;2;;13;1;;;;;;;;113;;;;;;
USLD;2013;050006436;050002948;50;18152;25;0;;2;0;1;0;4;1;0;0;0;0;0;0;0;0;0;0;0;0;0;0
USLD;2013;060000510;060780954;20;532;14;;;;;;;;;;;;;14;;;;0;0;;0;0;0
USLD;2013;060000551;060781010;41;14779;19;;;;;;;;;;;;;;;;;;;;4;;
USLD;2013;060019213;060005188;34;11906;36;;;;10;;1;;3;;0;;0;11;11;;;;;;4;8;4
USLD;2013;060788957;060785011;61;21998;24;;;;;1;;20;;;;;;3;;;;;;;6;;
USLD;2013;060790177;060785011;40;14205;9;;;;;;;8;;;;;;1;;;;;;;2;1;
USLD;2013;060790631;060791761;30;10740;23;0;;1;4;0;0;5;3;0;0;0;0;1;1;0;0;0;0;0;1;0;1
USLD;2013;060790680;060780897;30;10765;14;;;;;;;7;1;;;;;6;;;;;;;;;
USLD;2013;060793239;750826638;75;27109;29;;;;;8;;7;3;;1;;;;7;;;;;;1;;
USLD;2013;060794021;060780988;54;18658;34;;;;;;;;;;;;;;;;;;;;;;
USLD;2013;070000047;070780127;75;24915;42;0;;0;0;0;0;14;11;0;4;0;0;6;7;;;;8;;3;3;8
USLD;2013;070784517;070002878;60;21646;30;;;;;;;11;;;;;;19;;;;;;;2;;
USLD;2013;080000110;080000037;43;15397;25;1;;1;0;2;4;4;6;;1;;0;5;2;0;0;0;0;7;5;0;0
USLD;2013;080000219;080001969;2;611;2;0;;0;0;0;0;2;0;0;0;0;0;0;0;0;0;0;0;0;1;0;0
USLD;2013;080003635;080000615;65;23606;21;0;;4;0;0;0;15;0;;0;;0;2;0;2;2;0;3;0;0;0;0
USLD;2013;100000116;100000041;30;10580;27;;;0;3;;0;14;1;;1;;0;0;8;0;0;0;0;0;4;0;0
USLD;2013;100000140;100000058;30;10476;48;;;7;0;;10;25;0;;0;;0;6;0;0;0;0;0;0;2;0;0
USLD;2013;100000801;100006279;40;12206;36;0;;2;0;;0;9;2;;0;0;0;4;;4;0;2;3;0;6;1;0
USLD;2013;100006493;100000017;70;24897;45;0;;13;0;0;0;25;0;0;0;0;0;2;0;0;0;0;6;0;4;1;0
USLD;2013;110000049;110780087;30;10810;38;;;;1;;;17;;;;;;20;;;;;;;5;;
USLD;2013;110000247;110780772;30;10823;40;;;;;;;;;;;;;;;;;;;;;;
USLD;2013;110006137;110780061;30;8140;51;;;1;;;;;;;;;;43;;;;;;;8;;1
USLD;2013;110781283;110780137;90;30438;124;;;16;12;;;;4;2;;;;4;;;1;0;1;0;21;;25
USLD;2013;110785789;110786324;30;10491;20;;;;;;;14;2;;;;;3;1;;;3;;;2;;
USLD;2013;120000070;120780085;30;11565;20;0;;0;0;0;0;9;0;0;1;0;0;8;2;0;0;0;0;0;2;0;0
USLD;2013;120000088;120780093;30;10117;20;;;2;;;;12;;;2;;;4;;;;5;;;4;;
USLD;2013;120000096;120780101;30;10053;73;0;;6;3;0;7;2;1;0;0;0;0;5;8;0;2;5;0;0;7;5;0
USLD;2013;120000153;120780291;40;14412;27;;;;;;;12;10;;;;;;5;;;;;;;;
USLD;2013;120004668;120004619;40;13539;52;0;;10;;7;;22;1;;;;;11;1;;;;;;5;;
USLD;2013;120782263;120780069;80;24260;144;;;99;;;;16;;;;;;29;;;46;;;;;;
USLD;2013;120783097;120004528;50;17436;27;;;3;;;;17;5;;;;;;2;24;;;;;;;
USLD;2013;120786959;120780044;30;9317;48;1;;10;;6;;9;14;;;;;5;3;;;;;;8;3;
USLD;2013;130000516;130781339;56;18338;41;;;3;3;;;19;10;;;;;4;3;;;;;0;3;1;
USLD;2013;130000565;130781446;31;10652;38;;;16;;1;;;;;;;;21;;;;;;;;;
USLD;2013;130001225;130782634;33;11939;12;0;;0;;0;;0;;0;;0;;8;;44;0;20;8;0;0;0;0
USLD;2013;130001258;130028228;30;10651;19;2;;;;;;4;6;;;;;;7;;;;;;;;
USLD;2013;130012719;130000938;19;6836;6;;;1;;;;3;;;;;;2;;;;;;;1;;
USLD;2013;130032758;130001514;30;10414;56;;;15;;;;36;;;;4;;1;;0;0;0;0;0;7;;9
USLD;2013;130037674;130789316;30;10226;27;;;;;;1;14;2;;;;;10;;54;;;;;;;2
USLD;2013;130798358;130041916;70;24582;42;;;;1;;;17;;;;;9;14;;;;;;;;;5
USLD;2013;130808843;130002157;30;10414;20;;;1;6;;;;10;;;;;;3;;;;;;3;;1
USLD;2013;130809015;130001928;150;53166;63;0;;0;0;16;6;18;10;0;0;0;0;0;12;0;0;0;0;0;2;0;0
USLD;2013;140000027;140000035;40;14057;22;;;4;1;1;;3;1;;;2;;4;2;;;3;8;;;;
USLD;2013;140000241;140026279;30;9813;22;;;;;;;;;;;;;;;;;;;;;;
USLD;2013;140000373;140000159;30;10655;16;;;;6;;;1;2;2;;;;;5;;;;;;;;
USLD;2013;140012196;140000100;100;35320;33;;;17;;6;;;5;;;;;;6;;;;3;;;3;
USLD;2013;140013830;140000118;60;21881;32;;;6;1;3;;12;;;;;;9;1;91;;;2;3;;;
USLD;2013;140017401;140000092;50;18175;39;0;;3;1;0;;4;;0;;0;;6;;0;0;0;1;0;5;0;0
USLD;2013;150000032;150780088;35;12524;12;0;;0;0;0;0;0;0;0;0;0;0;12;0;0;0;0;0;0;11;0;0
USLD;2013;150000040;150780096;46;16562;28;;;6;;13;;74;;6;;;;9;;0;0;10;5;0;6;0;2
USLD;2013;150000164;150780468;30;9929;22;6;;0;;0;;0;;0;;0;;0;;;;;;;0;0;0
USLD;2013;150000180;150780500;30;9903;33;0;;7;0;0;0;17;0;0;0;0;0;9;0;0;0;0;0;0;0;0;0
USLD;2013;150002921;150780468;12;2300;47;;;;;;;;;;;;;;;;;;;;;;
USLD;2013;160000188;160000121;53;18740;50;0;;7;0;0;0;13;0;0;0;0;0;0;0;0;0;0;0;0;10;0;0
USLD;2013;160000253;160000451;30;10596;42;0;;3;0;27;0;3;1;0;0;0;0;8;0;3;0;0;3;0;5;0;0
USLD;2013;160000303;160006037;80;28630;2;;;;;;;11;;;;;;12;;;;5;4;;2;;
USLD;2013;160000360;160000519;65;23156;29;;;8;;3;;5;;;;;;8;;;;;;;;1;
USLD;2013;160006391;160000485;30;10489;28;;;7;2;;;6;3;;;;;10;;;1;;13;;8;;
USLD;2013;160006409;160014411;37;12802;34;;;;;;;;;;;;;;;;;;;;;;
USLD;2013;170000129;170780191;50;17604;27;0;;0;;0;;11;;0;;0;;7;9;0;0;0;0;0;3;0;0
USLD;2013;170000152;170780225;50;17494;22;;;;;;;;;;;;;;;;;;;;;;
USLD;2013;170791321;170023279;92;30894;68;;;10;;5;;28;2;;;;;4;;;3;;;;3;;
USLD;2013;170792220;170780175;45;16086;29;;;7;0;;;5;0;;0;;0;6;;;;;;0;1;0;3
USLD;2013;180000176;180001158;40;14424;10;;;;1;;;;1;1;;;;7;;0;0;0;0;0;2;;
USLD;2013;180000200;180000051;46;16676;18;;;;;10;;2;;;;;;;;;;;;;3;;
USLD;2013;180000333;180000093;30;10407;21;0;;0;;0;;21;;0;;0;;0;;0;0;0;0;0;0;0;0
USLD;2013;180003287;180000028;60;21185;69;0;;5;0;4;0;29;2;0;0;0;0;5;;0;0;0;3;0;2;0;0
USLD;2013;180003386;180000069;41;14228;30;;;2;;17;;8;;;;;;;3;;;;2;;;;
USLD;2013;180007825;180001158;60;21457;17;;;;1;;;;3;2;1;;;10;;0;0;0;0;0;1;;
USLD;2013;190000018;190000042;33;11949;17;;;;;;;7;;;;;;2;;;;;;53;2;0;2
USLD;2013;190000034;190000067;30;10017;27;;;6;;;;8;2;;2;;;9;;;;;;;5;;
USLD;2013;190000091;190000075;30;11102;10;;;1;;;;1;;;;;;8;;;;;;;3;;
USLD;2013;190002493;190000059;53;20375;29;;;5;;3;;16;;1;;;;11;;;1;;4;;2;2;
USLD;2013;190005140;190002485;30;10736;33;0;;0;10;0;5;0;2;0;0;0;0;13;3;33;2;0;0;0;11;0;0
USLD;2013;190005165;190002519;60;21321;50;;;;9;;;;4;;;;;;22;;;1;7;;1;;
USLD;2013;210983466;210011482;30;10138;21;;;;;;;;;;;;;;;;;;;;;;
USLD;2013;210983565;210011482;30;10766;20;;;3;1;;1;8;;;;;;6;1;;;;7;;4;;
USLD;2013;210986329;750043713;30;10760;4;;;;0;;1;;1;;0;;0;;2;0;0;0;0;0;0;0;0
USLD;2013;210987574;210780623;30;10344;14;;;8;160;;;;;;;;;;;;;;;;;;
USLD;2013;210987616;210780656;30;9866;18;;;;;;;;;;;;;;;;;;;;48;;
USLD;2013;210987939;210780607;42;15151;8;;;;;;2;;;2;;;;4;;;;;;;;;
USLD;2013;220005557;220000103;30;10862;16;1;;;;5;;4;1;;;;;5;;0;0;0;12;0;1;;
USLD;2013;220006423;220000152;30;10744;20;;;;;;;;;;;;;20;;;;;;;2;;4
USLD;2013;220006456;220021968;30;10610;47;;;16;;;;4;2;;;;;15;;0;0;10;1;0;10;;
USLD;2013;220006472;220000046;60;21179;24;1;;1;0;0;0;17;2;0;2;0;0;1;0;;;;;;4;0;0
USLD;2013;220007645;220005045;60;21418;75;;;27;12;;;18;5;;1;;;;12;3;3;4;;2;8;;
USLD;2013;220014138;220017974;30;10803;19;;;1;3;;;7;1;3;;;;3;1;;;;;;;;
USLD;2013;230000259;230780041;50;14138;35;0;;9;;0;;12;;0;;0;;14;;;0;;0;;4;;
USLD;2013;230000838;230780058;30;9945;16;0;;0;;3;;3;;0;;0;;6;4;;0;;;0;2;1;
USLD;2013;230000846;230780066;30;10444;38;;;;;;;;;;;;;;;;;;;;;;
USLD;2013;230000952;230780512;30;10264;25;;;;;;;;;;;;;;;;;;;;;;
USLD;2013;230000960;230780520;30;10041;16;;;;;;;8;;;;;;4;;;;;;;;2;
USLD;2013;240000372;240000059;50;16499;34;0;;20;1;6;0;0;2;0;0;0;0;4;1;4;0;0;0;0;1;0;0
USLD;2013;240000471;240000109;30;10786;23;;;;;;;20;;;;;;3;;;;;;;;;
USLD;2013;240000489;240000117;60;23325;33;;;3;;;;6;;0;;0;;21;;0;12;0;;0;0;1;9
USLD;2013;240000539;240000166;60;21289;23;;;;;4;3;5;;;2;;;1;;;;;2;;8;;1
USLD;2013;240000687;240000448;40;14609;11;;;;;;;10;1;;;;;;;;;;;;1;;3
USLD;2013;250000627;250000221;30;10823;12;;;;;;;;;;;;;;;;;;;;;;
USLD;2013;250000635;250000239;20;7066;20;;;;;;;;;;;;;;;;;;;;;;
USLD;2013;250000882;250002839;30;10196;17;;;;1;;1;;9;;;;;2;4;;;2;;;1;;
USLD;2013;250001237;250007598;60;21235;49;0;;11;6;;;14;7;1;;0;;10;;2;0;4;3;0;0;0;0
USLD;2013;250001252;250007788;91;32401;34;;;;;;;;;;;;;;;;;;;;;;
USLD;2013;250004009;900000365;30;10809;20;;;4;;;;16;;;;;;;;;;;;;1;;
USLD;2013;250007234;250000452;30;10819;15;0;;4;0;0;0;0;5;1;0;0;0;0;5;0;0;0;8;0;1;0;0
USLD;2013;260000013;260000021;74;26261;116;;;29;;36;;26;;;;;;25;;0;0;0;12;0;7;1;0
USLD;2013;260000138;260000047;40;14383;22;;;5;1;;;8;;;;;;8;;;1502;;22;;1;1;2
USLD;2013;260003363;260006770;58;18112;33;;;7;14;;;;7;;;;;;5;;;;;;;;
USLD;2013;260010012;260003264;33;11992;4;;;;;;;;;4;;;;;;;;;;;;;
USLD;2013;270000367;270000086;55;19230;69;1;;8;0;12;0;27;5;0;2;0;0;11;3;5;0;3;0;0;7;1;
USLD;2013;270000425;270000102;37;13178;21;;;;;;;;;;;;;;;;;;;;;;
USLD;2013;270000441;270000110;50;17194;28;0;;3;0;0;0;12;4;0;0;0;0;8;1;0;0;0;0;17;0;0;0
USLD;2013;270000516;270000177;30;11146;15;;;;;;;;;;;;;;;;;;;;;;
USLD;2013;280000050;280000142;50;17731;8;;;;;;;;1;4;;;;1;2;;;;;1;2;;
USLD;2013;280000084;280000183;92;32418;29;;;;;;;13;1;;;;;15;;25;;5;5;;1;2;
USLD;2013;280000100;280000225;40;13680;12;;;2;3;;;2;;;;;;3;2;0;0;0;0;0;0;0;0
USLD;2013;280000662;280500075;40;13992;23;0;;0;;11;;8;;0;;0;;4;;0;0;3;2;0;1;0;0
USLD;2013;290000181;290000074;30;10918;26;0;;0;;0;;23;;0;;0;;3;;0;0;0;0;0;1;1;0
USLD;2013;290000785;220020739;34;11932;14;;;;;;;;;;;;;;;;;;;;;;
USLD;2013;290008291;290021542;10;3583;15;;;;;;;1;;;;;;14;;25;;;10;;;;
USLD;2013;290008853;290000074;30;10918;26;;;;;;;23;;;;;;3;;0;0;0;0;0;1;1;0
USLD;2013;290014687;290000306;30;10851;22;0;;0;;1;;6;;0;;0;;15;;0;0;5;0;0;6;1;0
USLD;2013;290017599;290020700;34;11250;31;;;2;;;;5;2;;;;;;;;;;;;1;0;0
USLD;2013;290017920;220020739;34;11932;14;;;;;;;14;;;;;;;;;0;;;0;0;0;0
USLD;2013;290017946;290000017;152;54742;57;;;2;;;;10;9;2;;;;;13;;;21;2;;3;;1
USLD;2013;290020841;290000298;35;9706;3;;;;;;;;;;;;;3;;;;;;;2;;2
USLD;2013;290023605;290021542;90;33113;26;;;;;;;11;;10;;;;5;;121;0;61;15;0;5;1;
USLD;2013;290024462;290000298;35;15453;25;;;;1;;;;1;12;;;;2;5;;;;;;3;1;
USLD;2013;290025113;290020700;30;11098;24;1;;;;;;3;1;;;1;;;1;;;;;;3;0;0
USLD;2013;290025147;290020700;30;11583;12;;;;;;;2;3;;;;;;;;;;;;0;0;0
USLD;2013;2A0000212;2A0000170;30;9891;14;;;67;;;;212;;;;;;;;;;;;;6;;0
USLD;2013;2A0002614;2A0002606;30;10844;15;1;;;1;;;4;1;;;;;;8;;;;;;2;;
USLD;2013;2A0023271;2A0000014;70;23822;52;1;;;1;1;;38;;;;;;10;;;;;;;1;;5
USLD;2013;2B0004089;2B0000020;30;9669;21;;;;;;;;;;;;;;;;;;;;;;
USLD;2013;2B0005359;2B0005342;20;6998;18;;;7;5;;;;4;;;;;2;;;;;;;2;2;
USLD;2013;300000031;300780053;30;10683;25;0;;11;3;6;10;0;0;0;0;0;0;25;0;0;0;0;1;0;6;0;0
USLD;2013;300000064;300780087;30;11756;24;;;5;6;;;9;;;;;;;4;;;;;;;;
USLD;2013;300000072;300780095;30;10855;20;0;;8;3;0;0;2;2;0;0;0;0;5;0;0;0;0;0;0;2;3;0
USLD;2013;300012481;300780046;27;10053;18;;;;;;;;;;;;;;;;;;;;;;
USLD;2013;300012499;300780046;63;22241;26;;;;;;;;;;;;;;;;;;;;;;
USLD;2013;300782125;300780038;190;67152;104;0;;13;;12;;46;;;;;;33;;;;;;;5;4;4
USLD;2013;310000310;310780671;60;21655;37;;;;;;;;;;;;;;;;;;;;;;
USLD;2013;310000336;310780713;61;21306;31;;;2;;;;17;;;;;;8;;;;;;;;;
USLD;2013;310013628;310786256;53;18770;31;;;;;;;;;;;;;;;;;;;;;;
USLD;2013;310018049;750043713;63;21595;18;;;;;;;13;;;;;;;5;;;;;;4;;
USLD;2013;310021571;310021563;44;1007;25;;;;3;;3;;14;;;;;;5;0;0;0;0;0;0;0;0
USLD;2013;310022298;310781406;120;46510;66;1;;2;4;8;0;38;5;0;1;0;0;7;;0;0;;31;;4;;
USLD;2013;310794094;310780754;47;16907;18;;;;;;;;;;;;;;;;;;;;;;
USLD;2013;320000086;320780117;70;25192;28;;;;;;;17;;;;;;3;;;;8;;;2;;
USLD;2013;320000102;320780133;35;12228;30;;;8;3;;;17;1;;;;;1;;;;;;;18;;
USLD;2013;320000128;320780158;30;10503;42;;;;;;;;;;;;;;;;;;;;;;
USLD;2013;320000144;320780174;30;11077;14;0;;1;2;0;;8;1;0;1;0;;1;;4;4;10;1;0;2;0;0
USLD;2013;330000571;330781220;34;10160;21;;;3;1;;;6;4;;;;;2;5;;;;;;6;;
USLD;2013;330000613;330781261;60;21302;51;;;3;;1;;29;;2;;1;;15;;;;;;;11;2;
USLD;2013;330005182;330792862;50;18068;38;0;;0;14;0;0;0;8;0;4;0;12;0;;0;0;0;0;0;6;3;
USLD;2013;330781337;330781196;120;40169;62;;;;3;;;;;;1;;;;;;;;;;0;;0
USLD;2013;330791641;330056540;80;28734;24;;;;8;;;;5;;;;;;11;0;0;6;3;0;1;;1
USLD;2013;340000033;340780055;143;50120;144;;;55;4;10;;45;5;2;;;;;;;;;;;8;;8
USLD;2013;340000215;340780519;30;10684;33;;;;4;;;1;1;;;;;27;;;;;;;12;;
USLD;2013;340000231;340780535;49;17331;36;;;3;4;;;10;3;;;;;13;3;;;;;;7;;
USLD;2013;340008275;340780477;76;26956;41;;;11;2;;;15;2;;;;;;11;0;0;5;1;0;6;;
USLD;2013;340780436;340011295;35;12235;35;;;;;;;;;;;;;;;;;;14;;;;
USLD;2013;340780444;340009893;30;10523;16;;;6;;;;6;1;;;;;3;;;;;;;0;0;0
USLD;2013;340782481;340780477;70;24533;49;;;15;4;;;15;1;;;;;;14;;;5;1;;6;;
USLD;2013;340789379;340001825;80;27087;39;;;;;;9;2;;;1;;;;27;0;0;0;0;0;4;;
USLD;2013;340796051;340011295;55;19457;48;;;;;;;;;;;;;;;;;;15;;;;
USLD;2013;350006789;350005179;120;42537;86;;;;;;;;;;;;;;;;;;;;;;
USLD;2013;350013249;350002317;30;10545;36;;;;;;;13;20;;;;;;3;;;;;;9;;
USLD;2013;350013629;350000022;83;29484;72;;;6;3;10;;18;;2;;;;65;;;;;;;;;
USLD;2013;350013728;350000055;53;16009;39;2;;8;3;;;17;1;;;;;6;2;;;;;;1;1;
USLD;2013;350028668;350000030;49;17578;22;0;;4;0;1;0;6;1;0;0;0;0;10;;1;0;3;;0;1;1;0
USLD;2013;350031613;350000048;30;10737;18;1;;0;1;0;0;9;2;0;0;0;0;0;5;;0;6;5;;1;1;
USLD;2013;350031803;440042844;60;21080;42;;;22;6;;;18;8;;2;;;6;;;;;10;;;;
USLD;2013;350032280;350000246;80;28856;63;;;;21;;2;;;35;;;;5;;;;;;;10;;2
USLD;2013;360000160;360000079;30;10441;45;;;;;;;;;;;;;;;;;;;;;;
USLD;2013;360000202;360000103;31;9813;52;0;;0;0;4;0;16;0;0;0;0;0;4;0;0;0;0;0;0;3;23;0
USLD;2013;360004618;360000046;30;10719;13;;;7;;;;6;;;;;;;;;;;;;2;;
USLD;2013;360006688;360000392;64;21701;101;;;;;;;;;;;;;;;;;;;;;;
USLD;2013;370000531;370000606;125;42283;75;;;1;2;3;;47;2;;;;;19;;;;;211;10;18;1;0
USLD;2013;370102659;250018132;80;29170;6;;;;0;;0;;0;;2;;0;;4;0;0;0;0;0;2;1;0
USLD;2013;380000026;380780031;30;10597;18;0;;0;1;0;0;2;0;0;0;0;0;2;1;0;0;0;0;0;0;0;0
USLD;2013;380000075;380780098;45;16524;26;;;;;;;4;6;;;;;3;;;;;;;6;;1
USLD;2013;380000109;380780213;76;26854;52;;;8;5;;;19;3;;;;;17;;;;9;1;;11;;
USLD;2013;380000356;380782698;70;25671;41;;;;;;;;;;;;;;;;;;;;;;
USLD;2013;380006288;380780080;125;43613;114;0;;13;6;11;0;18;5;0;0;1;0;5;;0;0;42;0;0;8;4;0
USLD;2013;380785840;380780049;38;13831;54;;;;;;;;;;;;;;;;;;;;;;
USLD;2013;380798520;380780049;47;17121;41;;;;;;;;;;;;;;;;;;;;;;
USLD;2013;380802512;380793265;45;16131;35;;;;16;;1;;8;;;;;2;8;;;;;;0;2;0
USLD;2013;380802702;380780080;40;14293;60;1;;4;;2;;35;1;0;;0;;1;;0;0;0;4;0;15;3;0
USLD;2013;380802728;380784751;30;10899;11;;;;;;;;;;;;;;;;;;;;;;
USLD;2013;390000040;390780146;51;17386;22;;;;;;;1;;;;;;21;;;;;;;;;
USLD;2013;390000065;390780161;30;10734;14;;;2;;;;6;3;;1;;;;;;;;1;;3;;
USLD;2013;390000214;390780591;30;10374;11;0;;0;0;0;0;11;0;0;0;0;0;0;0;0;0;10;17;0;2;0;0
USLD;2013;390784833;390780609;32;11567;17;;;;;;;;;;;;;;;;;;;;;;
USLD;2013;400000147;400780268;40;14394;35;0;;3;0;0;0;24;4;0;2;0;0;6;0;0;0;0;0;0;4;2;
USLD;2013;400006607;400790663;30;10950;82;;;;7;;3;;2;;2;;0;;20;0;0;2;5;0;0;0;0
USLD;2013;400780250;400011177;80;28527;43;;;9;;7;;20;1;1;;;;5;;;;4;7;;4;2;1
USLD;2013;400781043;400780193;100;35414;111;1;;36;4;7;;38;2;0;;7;3;;;32;;48;;;16;1;0
USLD;2013;400787446;400780458;150;54635;80;;;;;;6;;62;;;;;;12;;;;;;17;3;
USLD;2013;410000020;410000087;100;38229;108;;;26;3;;;19;;2;;;;58;;;;;23;;4;;
USLD;2013;410000046;410000103;60;21301;72;;;12;3;;;5;;4;;0;;10;;0;0;0;2;0;0;0;0
USLD;2013;420000234;420780652;150;52697;87;1;;2;;4;;63;;;1;;;16;;;0;0;67;0;4;;1
USLD;2013;420000275;420780694;30;10680;38;;;;;;;28;5;;;;;;5;;;;;;;;
USLD;2013;420780546;420000168;30;10787;17;0;;0;0;0;1;0;6;0;0;0;0;0;9;0;0;0;0;0;4;0;0
USLD;2013;420782559;420784878;78;27856;57;;;;;;;57;;;;;;1;;;;;23;;1;2;5
USLD;2013;420782567;420784878;82;29421;71;;;;;;;68;;;;;;;;;;;12;;2;1;5
USLD;2013;420784845;420780033;149;53719;103;0;;10;;0;;80;;0;;0;;4;;221;0;;;0;44;8;
USLD;2013;420789067;420780710;50;18122;32;;;;;;;;25;;;;;7;;0;0;0;;0;4;;
USLD;2013;430000117;430000018;55;19861;26;;;2;2;3;;8;;;;;;5;6;58;0;;5;;1;;
USLD;2013;430000190;430000034;30;10649;38;0;;11;0;13;0;5;3;0;0;0;0;3;3;38;0;4;0;0;5;3;0
USLD;2013;430000307;430000067;30;10661;12;0;;4;0;0;0;3;1;0;0;0;0;3;1;;;;4;;1;;
USLD;2013;430000356;430000091;30;10810;16;;;;;;;;;;;;;;;;;;;;;;
USLD;2013;430007419;630786754;40;14266;11;;;;;;;;;;;;;;;;;;;;;;
USLD;2013;440000016;440000057;75;25897;21;;;14;;;;;;;;;;6;;;;;;;;;2
USLD;2013;440000180;440000263;30;10879;8;;;;1;;;;;6;;;;1;;;;10;;;;;
USLD;2013;440000503;440000313;30;10753;28;0;;2;0;0;0;12;3;1;;;;8;2;;;;;;1;;
USLD;2013;440000552;440042141;28;6268;5;0;;0;0;0;0;3;0;0;0;0;0;0;2;0;0;;0;0;0;0;0
USLD;2013;440000644;440000347;30;10695;20;;;;;;1;11;;;;;;8;;;;;;;;;
USLD;2013;440000883;440042141;27;11950;11;0;;0;0;0;0;9;0;0;0;0;0;0;2;0;0;;0;0;0;0;0
USLD;2013;440001253;440028538;42;15147;23;;;2;;;;11;;;;;;9;1;;;;;;11;1;
USLD;2013;440001295;440000859;39;12747;31;;;2;;;;12;4;;;;;7;;;;;;;9;;
USLD;2013;440001964;440003267;30;10486;14;;;;3;7;;;3;;;;;1;;;;;;;50;;
USLD;2013;440002939;440001758;37;13462;19;;;;;;4;;9;;;;;;2;;;;;;;;
USLD;2013;440021202;850009010;30;10647;20;0;;1;2;0;0;11;0;0;0;0;0;2;4;6;0;0;9;0;4;0;1
USLD;2013;440021285;440000297;30;10306;28;0;;5;;6;;14;;1;;0;;2;;0;0;2;22;0;0;0;1
USLD;2013;440032399;440041531;28;10030;16;;;;;;;11;;;;;;5;;;;;;;;;
USLD;2013;440050458;440000289;10;3076;6;;;;;;;;;;;;;;;;;;;;;;
USLD;2013;440050466;440000289;160;57202;89;;;;;;;;;;;;;;;;;;;;;;
USLD;2013;450000062;450000104;82;28834;40;4;;7;2;;;16;1;1;;;;9;;0;0;0;2;0;5;0;0
USLD;2013;450000070;450000112;48;17684;20;0;;1;;2;;8;;0;;0;;4;;0;0;5;5;0;0;1;1
USLD;2013;450010442;450000088;100;35723;166;;;;;;;;;;;;;;;;;;;;;;
USLD;2013;450010475;450000088;60;20389;101;;;;;;;;;;;;;;;;;;;;;;
USLD;2013;450012059;450000179;40;12757;22;;;2;1;;;16;2;;;;;2;;;;;;;7;;
USLD;2013;460000052;460780091;50;17874;36;;;2;;;;27;;;;;;5;2;;;;10;;2;;
USLD;2013;460785595;460780216;60;21656;28;1;;2;0;14;0;0;1;0;5;0;0;0;5;0;70;3;0;0;1;1;1
USLD;2013;470000571;470000407;60;21801;69;;;12;;;17;14;;;4;;;5;13;10;10;;;;;22;2
USLD;2013;470008780;470000316;36;12187;22;;;;;;;;;;;;;;;;;;;;;;
USLD;2013;470012931;470001660;27;9418;24;;;1;;;;;;;;;;23;;;;;;;;;
USLD;2013;480000017;480780097;30;10631;15;;;;;;;1;;;;;;14;;;;;;;3;;
USLD;2013;480000041;480780139;25;7443;28;;;10;3;;;12;;;;;;3;;;;;;;3;;
USLD;2013;480000074;480780162;30;10940;24;0;;6;1;0;0;0;0;0;0;0;0;15;1;0;0;0;5;0;1;4;
USLD;2013;490000353;490000411;35;12476;34;;;;1;;;12;5;;;;;7;;;;;;;8;1;
USLD;2013;490000569;490000437;36;12334;9;0;;;;0;0;4;3;0;0;0;0;0;2;;;;3;;0;0;0
USLD;2013;490000650;490007689;30;10221;14;0;;7;4;0;1;0;0;0;0;0;0;0;0;0;0;0;0;0;0;1;0
USLD;2013;490008604;490001070;50;18249;13;;;;;;;;;;;;;13;;;;0;;0;;;
USLD;2013;490536224;490000031;40;13205;44;0;;6;2;0;0;32;0;0;0;0;0;4;0;0;0;0;0;0;0;0;0
USLD;2013;490537040;490535093;60;21298;41;;;;;;;;;;;;;;;;;;;;;;
USLD;2013;500000021;500000054;70;25972;82;;;;;;;;;;;;;;;;;;;;;;
USLD;2013;500000260;500000054;50;17865;54;;;;;;;;;;;;;;;;;;;;;;
USLD;2013;500000450;500000112;35;12473;18;;;5;1;;;4;;;;;;8;;;;;;;;;
USLD;2013;500000591;500000393;60;21689;32;2;;8;1;;;8;1;;;;;12;;;;;;;;;
USLD;2013;510000169;510000037;30;9325;19;0;;3;0;0;0;8;0;0;0;0;0;5;0;0;0;11;14;0;0;0;0
USLD;2013;510000235;510000060;30;10341;20;0;;0;0;1;0;0;0;;0;0;0;19;0;2;0;3;0;2;3;0;0
USLD;2013;510000466;510000102;30;10228;54;;;7;0;;0;8;0;;0;;0;6;0;0;0;28;;0;0;0;0
USLD;2013;510000508;510000128;30;9315;21;;;;5;;2;0;1;;2;;0;0;13;3;0;0;6;0;1;3;0
USLD;2013;510011679;510000029;120;42994;47;0;;0;0;0;0;2;0;0;0;0;0;44;1;;22;;;0;0;0;0
USLD;2013;520000019;520780024;32;11359;23;;;10;0;;0;0;6;;0;;0;7;0;0;0;0;8;1;1;1;0
USLD;2013;520000076;520780081;35;12745;14;0;;0;1;0;0;4;0;0;0;0;0;8;1;0;0;0;0;89;3;0;2
USLD;2013;530000132;530007202;30;9143;22;;;4;;;;5;2;;;;;10;1;;;;20;;;;
USLD;2013;530000264;530000371;55;19451;20;;;2;;3;;12;1;;;;;2;;;;;15;;2;;
USLD;2013;530031384;530000074;47;16095;19;0;;2;0;3;0;8;0;0;0;0;0;6;0;0;0;0;10;0;0;0;1
USLD;2013;530032788;530000025;56;20281;45;0;;0;;1;;10;;0;;0;;34;;0;0;6;40;0;0;0;26
USLD;2013;540005410;540019007;18;6017;8;0;;0;0;0;0;7;0;0;0;0;0;1;0;0;0;0;0;0;1;;
USLD;2013;540006459;540002078;34;12295;33;;;4;;2;;20;;;;;;6;0;77;;4;2;;5;1;
USLD;2013;540006665;540019007;22;6987;14;0;;0;3;0;0;5;0;0;1;0;0;4;1;0;0;0;0;0;1;;
USLD;2013;540006780;540000080;30;10649;40;;;13;;;;;12;;;;;14;1;;;;25;;7;;7
USLD;2013;540008364;540000049;36;12463;44;0;;6;2;0;0;0;5;0;0;0;0;31;;0;0;0;36;0;12;0;0
USLD;2013;540008737;540000114;30;10710;26;0;;0;;0;;7;;1;;0;;19;;0;0;18;0;0;4;0;0
USLD;2013;540009578;540000122;60;21523;40;;;1;;;;30;;1;;4;;4;;;;;;;;;
USLD;2013;540009586;540006707;56;17801;25;0;;0;3;0;0;16;1;0;0;0;0;5;0;0;0;0;0;0;3;0;0
USLD;2013;540009859;570010181;30;7420;5;;;;;4;;;;;;;;;1;0;;2;;0;0;0;0
USLD;2013;540012747;540014081;43;14785;51;0;;16;25;0;1;0;5;0;0;0;0;3;1;0;0;10;3;0;2;0;0
USLD;2013;540013232;540002078;72;26065;34;;;1;1;1;;20;;3;;;;7;;105;;25;13;;0;0;0
USLD;2013;550003321;550003354;30;10453;24;;;2;0;;;8;2;1;0;;;6;;0;0;0;;0;0;0;1
USLD;2013;550003370;550000020;48;15360;34;0;;12;1;6;;10;;1;1;;;10;;;0;;10;;0;;0
USLD;2013;550004626;550000046;32;11113;23;;;3;1;;;6;;;;;;12;1;;;;;;5;;
USLD;2013;550005581;550000095;30;10875;9;;;;;;;;;;2;;;;7;;;;;;;;
USLD;2013;560000275;560005746;30;10630;17;;;;;;;;;;;;;;;;;;;;;;
USLD;2013;560004301;560000085;15;5166;15;;;6;1;;;3;;;;;;5;;;;;;;2;2;
USLD;2013;560005035;560005746;55;19318;66;;;;;;;;;;;;;;;;;;;;;;
USLD;2013;560006637;560002214;30;10443;44;;;1;15;;3;14;;;;;;10;;;;;1;;3;;
USLD;2013;560006694;560002065;30;10845;11;;;1;;;2;;1;;1;;;;6;;;9;;;1;1;
USLD;2013;560006785;560023210;30;10837;25;0;;4;0;0;0;16;0;0;0;0;0;2;3;;;;;;;;
USLD;2013;560009615;560014748;30;10816;42;;;;;;;;;;;;;;;;;;;;;;
USLD;2013;560009623;560023210;60;21743;45;0;;4;0;0;0;29;0;0;0;0;0;6;6;;;;;;;;
USLD;2013;560009714;560000044;30;10734;11;;;6;;;;;3;;;;;;2;;;;;;1;;
USLD;2013;560010092;560002032;58;21040;9;;;;;;;;;7;;;;2;;;;;;;2;;2
USLD;2013;560012122;560002677;50;18108;6;;;;;;;;;;;;;;;;;;;;;;
USLD;2013;570001867;570011387;30;10681;18;;;3;;;;4;;;1;;;10;;;;;;;3;;
USLD;2013;570003947;570023630;30;10737;11;;;;;;;9;;;;;;;2;0;0;0;;0;0;0;0
USLD;2013;570011163;570000430;30;10657;21;;;;;;3;8;3;;;1;;6;;;;;;;2;;
USLD;2013;570011205;570005165;23;8269;6;;;;;;;6;;;;;;;;;;;;;1;;
USLD;2013;570011247;570005165;37;12455;28;;;5;;1;;11;;;;;;;11;;;;;;4;;
USLD;2013;570013367;570000141;30;10623;27;;;;2;;;;1;3;;;;6;15;;;;;;;;
USLD;2013;570013888;750050759;30;10562;32;0;;0;5;0;10;12;0;0;0;0;0;5;0;0;0;0;0;0;7;0;0
USLD;2013;570014621;570010173;30;10922;7;;;2;;;;;1;;;;;;4;;;;;;;;
USLD;2013;570015040;570010173;30;10941;24;;;1;3;14;;;1;;;;;;5;;;;;;;;
USLD;2013;570015206;570010173;30;10691;21;;;;9;;0;;6;;0;;0;;6;0;0;0;0;0;0;0;0
USLD;2013;570015776;750050759;30;10712;21;;;;;;;;;;;;;;;;;;;;;;
USLD;2013;570015784;570000158;30;10534;19;;;;2;5;;10;1;;;;;;1;;;;;;;2;1
USLD;2013;570016014;570015099;41;14214;34;0;;18;1;5;;1;1;;5;0;0;3;;;;;23;;1;0;0
USLD;2013;570022376;570011353;30;10742;35;;;;;;;;;;;;;;;;;;;;;;
USLD;2013;570023192;570010181;58;19631;49;;;;;3;1;23;3;;;;;;19;0;0;5;2;0;2;1;
USLD;2013;580971646;580780039;120;38194;94;3;;22;3;4;;62;4;;;;;1;;;;;;;4;;1
USLD;2013;580972644;580781136;30;8440;28;;;;;;;;;;;;;;;;;;;;;;
USLD;2013;580972651;580780047;30;10491;37;;;11;;;;7;;;;;;19;;;;;;;16;;
USLD;2013;580972677;580780088;30;10652;24;;;;;;;23;;;;;;1;;;;;;0;;;
USLD;2013;580972701;580970978;30;10633;14;;;;;;;10;;;;;;4;;;;;;;6;8;
USLD;2013;580972719;580780757;30;10535;28;;;;;;;;;;;;;;;;;;;;114;;
USLD;2013;590000014;590780052;30;10313;11;;;1;;;;6;1;;;;;3;;;;;;;;;
USLD;2013;590000121;590780227;60;21531;33;;;;;;;22;;;;;;;11;;;;;;;;
USLD;2013;590000337;590781415;80;31999;46;;;;2;;1;;16;;2;;0;;6;0;0;11;12;0;3;0;0
USLD;2013;590000428;590781605;58;19662;49;;;4;;3;;34;6;;;;;2;;;450;;;;8;8;
USLD;2013;590000451;590781647;40;14265;19;;;;2;;;9;1;;;;;7;;;;;;;;;
USLD;2013;590000469;590781662;30;10504;24;;;;;;;;;;;;;;;;;;;;;;
USLD;2013;590000477;590781670;38;13682;22;;;;1;;;18;;;;;;3;;;;7;;;4;;1
USLD;2013;590000527;590781795;30;9368;22;0;;2;1;6;0;13;0;0;0;0;0;0;0;0;0;0;0;0;8;0;0
USLD;2013;590000592;590782165;60;28167;63;;;;;;;58;;;;;;5;;;;;4;;4;6;3
USLD;2013;590001004;590783239;60;18302;35;;;20;7;;;2;;;;;;6;;;;;;;3;;
USLD;2013;590001582;590785663;60;19778;37;;;;;;;22;2;;;;;11;2;;;;;;6;;
USLD;2013;590044632;590782421;30;10489;12;;;;;1;;8;;;;;;3;;;;;;;;;
USLD;2013;590788865;590782421;60;21579;17;;;;;;;13;;;;;;4;;;;;;;;;
USLD;2013;590791091;590780193;120;39772;53;;;3;0;;;36;3;1;1;;;9;;0;0;0;0;0;4;;
USLD;2013;590791323;590782637;60;20253;47;0;;0;11;0;0;15;;0;0;0;0;21;;0;0;6;12;0;0;0;0
USLD;2013;590804696;590781902;60;21076;43;0;;2;1;8;1;18;1;0;0;;;1;;19;4;5;43;17;2;1;0
USLD;2013;590812186;590782421;30;10768;8;;;2;;2;;2;;;;;;4;;;;;;;;;
USLD;2013;590812749;590782215;90;32171;56;0;;3;1;6;5;11;5;1;0;0;0;29;;;;;;;6;0;0
USLD;2013;600000020;600100085;30;10778;22;;;;4;;;14;;;;;;4;;;;;;;;;
USLD;2013;600000046;600100127;30;10759;22;0;;0;8;0;0;12;0;0;0;0;0;0;2;0;0;0;0;0;0;0;0
USLD;2013;600000053;600101984;73;26932;32;1;;3;;2;;18;5;;;;;3;;;;8;6;;1;;
USLD;2013;600000152;600100572;86;30368;24;0;;0;1;0;0;16;3;0;0;0;0;4;0;0;0;4;0;0;4;0;1
USLD;2013;600000186;600100648;88;36227;33;0;;3;0;0;;18;3;0;;0;0;9;;0;0;24;0;0;32;0;0
USLD;2013;600000285;600100721;47;16839;36;0;;1;;1;;6;;0;;0;;0;;0;0;0;6;0;0;0;0
USLD;2013;600001184;600108948;31;11324;31;;;;;;;;;;;;;;;;;;;;;;
USLD;2013;600100101;750712184;94;30195;32;;;;;;;32;;;;;;;;;;;;;;;
USLD;2013;600105381;600106611;51;18339;34;;;;1;;1;18;7;;;;;;7;;;;;;;;
USLD;2013;600107494;600100713;100;35409;52;0;;3;0;8;0;19;7;1;0;0;0;15;;0;0;1;14;0;5;1;3
USLD;2013;600107668;600100721;73;26288;43;0;;0;5;0;0;10;0;0;2;0;0;14;1;0;0;0;1;0;0;0;0
USLD;2013;610000044;610780074;30;10756;17;0;;0;1;0;;11;;0;;0;;0;;1408;0;7;3;0;2;0;0
USLD;2013;610784050;610780082;110;38171;47;1;;3;;3;;31;;0;;0;;9;;;;11;4;;9;;
USLD;2013;620000224;620100651;60;20422;41;;;3;;;;25;3;;;;;10;;;;;;2;15;;
USLD;2013;620000240;620100677;60;20985;41;0;;0;9;9;0;11;3;1;0;0;0;8;;;33;;;;7;0;0
USLD;2013;620000257;620100685;48;17107;52;;;;;6;;41;2;;;;;1;2;;;;;;;;
USLD;2013;620000299;620101295;30;10775;29;;;6;;;;;;;;;;;;;;;;;;;
USLD;2013;620000323;620101337;30;10616;23;;;2;;4;;5;;;;;;11;;;;;;;3;;
USLD;2013;620000349;620101360;50;18149;8;;;;;;;;;;;;;;;;;;;;;;
USLD;2013;620000653;620103440;60;20521;39;0;;1;0;3;0;21;4;1;0;0;0;5;0;2;0;0;14;0;0;3;0
USLD;2013;620003350;620001834;35;12396;46;1;;11;10;;;15;1;1;;;;3;4;;;;21;;3;1;
USLD;2013;620019380;620100461;30;6594;7;0;;0;0;0;0;3;2;0;0;0;0;2;0;0;0;0;0;0;1;0;0
USLD;2013;620105957;620100081;30;12690;12;;;;;;;7;;;;;;4;1;;;;;;1;;
USLD;2013;620106625;620020859;40;14080;28;;;;2;;;19;;;;;;7;;0;0;0;0;0;7;;
USLD;2013;620108357;620103432;30;8660;14;0;;0;3;1;;2;2;0;;;;6;;;;;;;4;;
USLD;2013;620111195;620100057;110;38873;113;;;27;7;;;37;5;;;;;12;;0;0;0;58;0;11;0;0
USLD;2013;620116558;620001834;40;12396;46;1;;11;10;;;15;1;1;;;;3;4;;;;21;;3;1;
USLD;2013;630000016;630180032;20;7146;10;0;;1;0;0;0;7;0;0;0;0;0;2;0;0;0;0;0;0;0;0;0
USLD;2013;630000412;630780997;40;13726;27;0;;1;;0;;16;;0;;0;;10;;0;27;0;38;0;4;;
USLD;2013;630000420;630781003;29;9825;69;0;;21;;0;;15;;0;;0;;24;;0;0;0;4;0;11;0;0
USLD;2013;630000446;630781029;30;10886;15;;;2;;;;11;;;;;;2;;;;;;;5;1;
USLD;2013;630000560;630781367;66;24019;33;0;;18;0;0;0;9;0;0;0;0;0;6;0;0;0;7;3;0;4;0;0
USLD;2013;630009678;750043994;24;7589;3;;;;;;;;;;2;;;;1;;;;;;;;
USLD;2013;630787034;630780989;111;36170;76;;;;;;;;;;;;;;;;;;9;;9;1;
USLD;2013;630790384;630786754;44;15992;6;;;;;;;;;5;;;;1;;;;40;;;;;
USLD;2013;640000162;640780417;74;26707;31;;;;;;;;;;;;;;;;;;;;;;
USLD;2013;640000402;640780813;55;18729;28;0;;3;1;4;;18;;;;;;2;;;;3;8;;5;2;0
USLD;2013;640000410;640780821;67;20825;54;0;;;;;;;;0;;0;;;;0;0;0;0;0;;;
USLD;2013;640000600;640781290;80;28258;40;;;5;;3;;28;2;;;;;;2;116;;;4;;;2;2
USLD;2013;640003836;640791976;20;7241;8;;;;1;;;;;;;;;;7;;;;;;;;
USLD;2013;640780755;640780417;76;27252;51;;;;;;;;;;;;;;;;;;;;;;
USLD;2013;640786281;640791976;60;21753;32;;;;;;;;1;;1;;;;30;;;;;;;;
USLD;2013;650000045;650780158;33;12108;38;;;;;1;;16;;;;;;11;1;;;3;6;;10;;
USLD;2013;650000052;650780166;36;12962;18;0;;2;;10;;0;;0;;0;;6;;0;0;0;3;0;0;0;0
USLD;2013;650000060;650780174;66;24016;64;;;9;;;;23;;3;;;;29;;;;;4;0;16;12;
USLD;2013;650780141;650783160;47;16998;28;;;;;;;;;;;;;;;;;;;;;;
USLD;2013;650780182;650783160;101;36432;45;;;;;;;;;;;;;;;;;;;;;;
USLD;2013;660000084;660780180;38;13952;30;;;3;;;;19;;;;;;;;;;;;;3;2;
USLD;2013;660000167;660780271;40;14316;32;;;10;;2;;11;;;1;;;8;;;;;;;4;1;
USLD;2013;660006990;340019363;15;4872;11;;;5;1;;;3;1;;;;;;1;;;;;;;;
USLD;2013;660781444;660780180;162;56943;125;;;9;4;3;;23;18;1;;;;11;;;;;;;7;4;
USLD;2013;670000041;670780071;30;10820;9;0;;;5;;;2;;;;0;;2;;;;;;;0;0;0
USLD;2013;670000058;670013366;72;25860;25;;;;;;;;;;;;;;;;;;;;;;
USLD;2013;670000157;670780337;31;10751;29;;;;1;6;;13;;;;;;2;;;0;;5;;;;
USLD;2013;670000165;670780345;30;10858;7;;;1;;;;5;1;;;;;;;1;;4;2;;;;
USLD;2013;670000306;670780584;104;36164;112;;;;17;18;3;35;15;;1;;;23;;;;3;70;;3;2;
USLD;2013;670000348;670780642;30;10664;12;;;;;;;6;;;;;;3;3;0;0;1;1;0;0;0;0
USLD;2013;670000397;670780691;45;16164;19;;;;;;;;;;;;;;;0;0;0;0;0;;;
USLD;2013;670000603;670781152;40;14239;30;;;;6;;;;7;7;;;;6;2;;;;;;;;
USLD;2013;670797729;750832701;45;12684;39;;;;;;;;;;;;;;;;;;6;;;;
USLD;2013;670799550;670780055;108;37915;89;;;28;6;27;;15;3;;;;;11;;;3;15;1;;1;3;
USLD;2013;670799675;680000643;45;16371;15;;;;;;;;;;;;;;;;;;;;;;
USLD;2013;670799691;670780139;30;10670;17;;;;4;;2;6;;;;;;5;;;;10;2;;0;0;0
USLD;2013;680000122;680000346;30;11093;10;;;;;;;;;;;;;;;;;;;;;;
USLD;2013;680000544;680000395;25;8926;9;;;1;1;;;5;1;;;;;;1;;;;2;;;;
USLD;2013;680000627;680000486;30;10802;14;;;;;;;9;;;;;;4;;;;1;;;3;;
USLD;2013;680000767;680001088;48;17462;33;;;;;;;19;10;;;;;2;2;;;;2;;2;;2
USLD;2013;680000833;680001138;46;16367;41;;;;13;;;25;;;;;;;3;;;;;;4;;4
USLD;2013;680003324;680014495;80;28199;71;;;;8;;;;7;;2;;;;5;0;0;80;3;0;7;3;6
USLD;2013;680004553;680000486;108;38452;85;;;19;;11;;48;1;;;;;5;;;;3;;;9;2;
USLD;2013;680013240;680016011;30;10731;28;;;2;;5;2;8;6;;;;;6;;;;;;;;;
USLD;2013;680013547;680015963;30;10039;32;;;;3;9;;17;;;;;;3;;;;;;;;;
USLD;2013;690000609;690010749;30;10442;39;0;;0;8;2;1;13;5;0;0;0;0;8;1;0;0;0;0;0;7;0;0
USLD;2013;690000773;690782925;85;30324;48;;;;;1;;29;3;;;;;15;;;;3;;2;4;1;
USLD;2013;690006887;690780432;93;31093;39;;;;;3;;31;;;;;;;4;;;;;;;;
USLD;2013;690007315;690793633;33;11928;16;;;;12;;;3;;;;;;;1;;;;;;1;;
USLD;2013;690784194;690781810;59;20524;84;;;;;;;27;;;;;;;;;;;;;0;0;0
USLD;2013;690787429;690781810;60;21355;82;0;;0;3;4;0;13;5;0;0;0;;0;;0;0;0;0;0;1;0;1
USLD;2013;690787452;690781810;132;40650;188;5;;5;0;5;3;60;0;0;0;0;0;3;9;0;0;1;70;0;6;;2
USLD;2013;690787478;690781810;155;54905;220;0;;;;3;3;28;26;0;;0;;2;;0;0;0;0;0;3;;
USLD;2013;690791132;690001912;60;22664;74;;;;63;;;;;;;;;11;;;;1;10;;4;4;
USLD;2013;690801709;690802715;60;21600;23;;;;;;;;;;;;;;;;;;;;;;
USLD;2013;690802061;690000104;30;10713;14;0;;0;0;0;0;14;0;0;0;0;0;0;0;0;0;0;2;0;1;0;0
USLD;2013;690802251;690782222;40;14524;15;0;;1;0;0;0;8;4;0;0;0;0;1;1;0;;;;0;0;0;0
USLD;2013;690802913;690005038;60;21199;36;;;3;6;;4;3;11;;;;;6;3;;;;19;;0;0;0
USLD;2013;690803093;690780564;30;10645;17;;;;;;;;;;;;;;;;;;;53;118;;
USLD;2013;700784341;700004096;30;10869;11;;;;;;;;;8;;1;;3;;;;;;;3;;
USLD;2013;710972282;710781451;54;18852;37;;;6;1;;;22;1;;;;;6;1;;;;;;0;0;1
USLD;2013;710972365;710780644;70;24974;34;1;;;;4;;13;4;;;1;;6;;;;;;;;;3
USLD;2013;710972423;710780263;90;31301;34;1;;10;;7;;1;;1;;;;14;;3;0;13;7;4;0;0;0
USLD;2013;720000033;720000025;64;23134;49;13;;7;;10;;16;;;;;;2;;;;2;1;;11;;5
USLD;2013;720000124;720000066;30;10581;45;;;;;;;;;;;;;;;;;;;;13;0;
USLD;2013;720000314;720000090;20;7224;15;;;;;;;;;;;;;;;;;;;;;;
USLD;2013;720000470;610780082;30;10140;37;8;;4;;1;;8;;1;;0;;15;;;;9;32;;;;
USLD;2013;720000520;720000140;55;19609;18;;;1;2;;;9;1;;;;;5;;0;0;0;0;0;0;0;0
USLD;2013;720000801;720002054;30;10775;23;0;;0;3;0;0;0;11;0;0;0;0;0;9;0;0;0;0;0;3;0;0
USLD;2013;720005909;720000025;126;45599;57;;;;12;18;;20;;;;;;3;;;;10;;;5;3;
USLD;2013;730000049;730002839;30;10745;30;;;7;;7;;7;;;;;;9;;30;;;;;2;2;
USLD;2013;730000080;730780103;30;10892;29;0;;9;1;0;0;2;2;0;0;0;0;4;;0;0;0;12;0;2;0;0
USLD;2013;730000098;730780111;30;10807;14;;;3;1;;;6;1;;;;;3;;;;;;;2;;
USLD;2013;730783552;730000015;30;10789;17;;;7;;2;;3;;;;1;;4;;;;;;;;;
USLD;2013;730785276;730002839;30;10682;22;;;8;;2;;1;1;;1;;;8;;;;;4;;;;
USLD;2013;740000286;740781190;30;10384;49;;;7;2;;;1;3;;;;;11;;;;;;;;;
USLD;2013;740000302;740781216;30;10386;41;0;;6;0;16;0;0;0;0;0;0;0;3;0;0;0;0;127;0;3;0;0
USLD;2013;740000401;740781893;50;17991;42;;;;;;;;;;;;;;;;;;;;;;
USLD;2013;740001847;740780168;40;14352;20;;;3;8;;;;8;;;;;;1;0;0;0;13;0;;;
USLD;2013;740011481;740781133;80;28678;57;;;13;1;12;;21;9;;;;;1;;;;;;;6;1;
USLD;2013;740788070;740790381;30;10937;46;;;2;;2;;4;3;;;;;6;1;0;0;0;5;0;0;0;0
USLD;2013;740789532;740781208;45;16006;21;;;3;;;;8;1;;;;;9;;;;;;;0;0;0
USLD;2013;750041543;750712184;74;26317;60;0;;1;0;0;0;59;0;0;0;0;0;0;0;0;165;0;55;0;0;0;0
USLD;2013;750100042;750712184;78;28202;32;;;;;;;32;;;;;;;;;;;460;;;;
USLD;2013;750100083;750712184;32;11495;29;0;;0;;0;;29;;0;;0;;0;;0;0;0;0;0;6;0;0
USLD;2013;750100125;750712184;37;13050;8;;;;;;;8;;;;;;;;;;;;;;;3
USLD;2013;750100216;750712184;175;59187;74;;;;;;;58;;;;;;;3;;;;21;;;;
USLD;2013;750100299;750712184;350;106840;128;;;;;;;;;;;;;;;;;;;;;;
USLD;2013;750150377;750721334;78;26611;42;;;;;4;;33;2;;;;;;3;;;;;;;;
USLD;2013;750801441;750712184;390;139346;207;;;;;;;164;33;;;;;;10;;;;210;;39;;
USLD;2013;760000133;760780213;36;12709;57;;;12;11;;;8;;;;;;26;;;;;;;;2;
USLD;2013;760000141;760780239;110;39826;35;;;;;6;;9;1;;1;;;5;13;;;;;;;;
USLD;2013;760000356;760780726;154;13788;63;;;7;4;5;;4;;1;;;;5;;;65;;;;;;
USLD;2013;760000380;760780759;35;12725;18;;;;2;;;4;;;;;;12;;;;;;;2;;
USLD;2013;760023671;760780239;70;24875;33;;;3;;2;;16;5;;;;;3;4;;;;10;;0;0;0
USLD;2013;760783530;760780239;90;31839;42;;;2;;;;23;;;2;;;;15;;;121;6;;0;0;0
USLD;2013;760800938;760780023;130;45869;91;1;;6;4;21;;26;3;0;;0;;3;3;;;;;;;;
USLD;2013;760806950;760780734;40;14644;32;;;10;;3;;15;1;;;;;3;;;;;;;;;
USLD;2013;770000156;770110054;41;14539;22;0;;5;;2;2;8;3;0;;0;;;2;0;0;0;8;0;1;1;1
USLD;2013;770000164;770110062;85;29968;90;;;8;4;9;;6;;;;;;1;;;;;;;10;;
USLD;2013;770000214;770130052;38;13348;32;;;1;;3;;5;;1;;;;;1;32;0;2;5;;2;;
USLD;2013;770813814;770130037;110;32492;66;;;;;;;;;;;;;;;;;;;;;;
USLD;2013;770814622;770700185;60;21117;16;0;;1;0;0;0;46;4;2;1;0;0;6;0;0;0;20;10;0;0;0;0
USLD;2013;780000287;780110011;50;18082;12;;;;;;;2;;;;;;10;;;;2;2;;1;;
USLD;2013;780000303;780110037;90;29447;55;;;;;4;5;37;1;;;;1;7;;0;0;320;28;0;2;2;0
USLD;2013;780000311;780001236;97;33267;36;;;;;;;;;;;;;;;;;;;;;;
USLD;2013;780000337;780001236;39;12638;14;0;;2;1;0;0;5;2;0;0;0;0;2;2;;1;2;0;0;0;0;0
USLD;2013;780000352;780110094;60;21041;15;;;;3;;2;2;4;;;;;4;;;5;;1;;;;
USLD;2013;780000360;780130019;40;13804;29;0;;0;1;0;8;0;10;0;0;0;0;0;10;0;0;0;0;0;2;0;1
USLD;2013;780000378;780130027;30;10305;24;;;3;1;;;6;4;;;;;10;;;;;4;;3;;
USLD;2013;780150033;780020715;48;12543;54;;;;10;;;;36;;;;;;8;0;0;0;0;0;2;5;
USLD;2013;780822748;780002697;32;11218;12;;;;;;;11;;;;;;1;;2;;;5;;;1;
USLD;2013;790000087;790000012;71;18503;27;1;;3;;8;;8;;1;;;;6;;0;0;1;22;0;3;;
USLD;2013;790000111;790000046;35;12044;25;;;2;;;8;10;;;;;;1;;;;;;;2;;1
USLD;2013;790000145;790000079;30;9284;24;;;;;;;18;2;;;;;4;;;;;;;4;;
USLD;2013;790003537;790006654;27;9290;24;;;19;;;;3;;;;;;;2;0;0;0;5;0;1;;
USLD;2013;790007884;790006654;28;9247;16;;;4;;;;7;1;1;;;;;3;0;0;2;0;0;2;;
USLD;2013;790009369;790006654;30;9902;20;;;12;1;;;2;3;;;;;;2;0;0;0;3;1;2;0;0
USLD;2013;800000200;800000051;30;10757;17;0;;0;3;5;2;0;0;0;0;0;1;6;0;;;;;;;;
USLD;2013;800000226;800000069;35;11945;28;;;3;;;;10;;;;;;15;;0;0;0;11;0;0;0;3
USLD;2013;800000275;800000077;30;10828;42;;;;2;;;7;;;;;;33;;;;;2;;39;;
USLD;2013;800000390;800000085;30;10125;36;;;;;;;23;2;;;;;9;;;;;;;6;;
USLD;2013;800000432;800000093;30;10594;13;;;;;;;11;1;;;;;1;;;;;;;2;3;
USLD;2013;800000481;800000127;30;6603;6;;;;;;2;;1;;;;;;1;;;;;;;;
USLD;2013;800000507;800000135;68;23224;114;;;;;;;;;;;;;;;;;;;;;;
USLD;2013;800000614;800000044;190;65580;109;;;2;;33;;46;;;;;;2;;;;;;;;;
USLD;2013;800009417;800000085;35;12362;26;0;;0;0;0;0;17;3;0;0;0;0;0;;;;;;;2;3;0
USLD;2013;810000505;810000331;74;27523;65;;;;;13;1;16;11;11;;;;13;;;;;;;1;;3
USLD;2013;810000562;810000455;60;21744;39;;;4;3;;;18;5;1;;;;7;1;3;;;5;;0;0;0
USLD;2013;810099838;810000380;50;18288;29;0;;7;0;1;0;16;0;0;0;0;0;5;0;0;0;0;5;0;1;0;2
USLD;2013;810100370;810000380;70;25400;17;0;;1;0;3;0;4;0;0;2;0;0;7;0;0;0;0;0;0;1;0;0
USLD;2013;820000032;820000016;30;9924;29;0;;27;0;5;0;8;1;1;0;0;0;13;0;0;0;0;8;0;1;0;0
USLD;2013;820000438;820000214;35;11553;67;0;;0;14;0;0;0;9;0;0;0;0;8;0;0;0;0;0;0;6;0;0
USLD;2013;830000279;830100517;46;17065;23;1;;;;;;13;3;;;;;6;;;;;;;1;;
USLD;2013;830000337;830100590;40;14289;48;0;;21;2;;;;1;;;;;9;;0;0;0;0;0;1;3;1
USLD;2013;830006128;830004479;40;14600;19;;;;;;;;;;;;;;;;;;;;;;
USLD;2013;830013629;130002041;26;9074;11;;;;2;;;;;;;;;;9;;;;;;;;1
USLD;2013;830100608;830100616;14;4212;22;;;;;;;;;;;;;22;;;;;;;6;;1
USLD;2013;830202743;830100616;36;13988;28;;;;2;;;5;6;;;;;14;;;;;16;;12;;
USLD;2013;830212734;830008819;30;9905;45;;;;8;;;22;2;;;;;13;;;;;;;;;
USLD;2013;830212759;750721235;100;35586;37;;;3;;;;27;;;;;;7;;;;;;;3;;
USLD;2013;830212783;830002432;23;8207;11;;;;1;;;;8;;;;;;2;;;;;;3;;
USLD;2013;830213880;830100566;30;10816;20;;;;;3;;15;;;;;;2;;0;0;0;14;0;2;2;0
USLD;2013;830213989;830100525;35;12473;26;;;5;;;;;2;;;;;;10;11;;;5;;;;
USLD;2013;840000343;840000012;40;14480;24;;;2;;;;10;7;;;;;4;1;;1;;2;;5;;
USLD;2013;840000392;840000046;30;10727;32;;;12;;;;4;;;;;6;10;;32;32;4;;;;;
USLD;2013;840000418;840004659;30;8528;90;;;60;1;;;11;2;;;;;;16;;;;;;;;
USLD;2013;840000483;840000087;30;10359;31;;;;12;;;;17;;;;;;2;;;;;;;;2
USLD;2013;840000491;130041916;50;17197;45;;;34;1;;;33;;;;;;10;;;;;;;2;;2
USLD;2013;840001861;840006597;67;24273;16;;;;;;;;;;;;;;;;;;;;;;
USLD;2013;850000142;850000019;80;28717;38;;;;;;;30;1;;;;;7;;117;;2;12;;2;2;
USLD;2013;850000209;850000019;30;10597;22;;;2;1;;;9;;;1;;;2;4;;;2;;;2;1;
USLD;2013;850000233;850009010;30;10809;18;0;;1;0;0;0;10;0;0;0;0;0;7;0;0;0;1;0;0;4;0;0
USLD;2013;850000647;850011453;42;14968;41;;;4;;;;16;2;;;;;19;;;;;;;5;;2
USLD;2013;850001116;850020280;34;12269;18;;;;;;;;;;;;;;;;;;;;;;
USLD;2013;850003377;850009010;30;10714;14;0;;1;0;0;0;4;1;0;0;0;0;8;0;0;0;2;0;0;1;0;0
USLD;2013;850021049;850000084;60;21757;24;;;1;1;2;;4;;;;;;12;4;;;;;;1;;
USLD;2013;850021866;850000092;25;8982;2;;;;;1;;;;1;;;;;;;;27;;;0;0;0
USLD;2013;850022013;850000100;21;7649;22;;;;3;;;1;8;;;;;10;;;;;5;;1;1;
USLD;2013;860000033;860780071;30;10821;15;;;2;;;;6;;;;;;1;;0;0;10;16;0;0;0;0
USLD;2013;860000058;860780097;42;14741;26;;;4;4;;;24;1;;2;;;1;4;;;;12;;;;
USLD;2013;860000223;860013077;97;36354;34;;;;;;;31;1;;;;;2;;165;0;50;10;0;1;0;0
USLD;2013;860011014;860013077;30;10570;38;;;1;;;;35;;;1;;;1;;68;;;15;;7;;
USLD;2013;860785682;860780063;60;20948;61;0;;5;0;7;0;23;2;0;0;0;0;13;0;0;0;25;12;0;7;2;0
USLD;2013;870000270;870000031;40;14346;68;0;;19;0;3;5;29;0;0;4;0;0;8;;0;0;6;0;0;9;3;
USLD;2013;870000551;870014503;39;13937;17;;;;;;;;;;;;;;;;;;;;;;
USLD;2013;870000601;870014248;30;10988;57;;;12;4;;;18;1;;3;;;;;;;;3;;17;;9
USLD;2013;870001567;870014503;45;16249;47;;;;;;;;;;;;;;;;;;;;;;
USLD;2013;870003514;870000015;114;41175;103;1;;7;1;1;0;30;2;0;4;0;0;3;0;0;0;0;0;0;2;1;0
USLD;2013;870005931;870000023;60;21457;45;;;;;;;31;;4;;;;8;;;;;;;9;2;
USLD;2013;870008042;870000015;138;50023;125;0;;18;14;2;0;62;5;0;2;0;0;10;10;0;0;6;16;0;6;4;0
USLD;2013;880785621;880007059;30;9869;24;1;;;1;;;20;2;;;;;;;;;;;;;;
USLD;2013;880786637;880780093;24;6488;25;;;8;;;;11;1;;;;;4;;0;0;0;1;0;3;1;
USLD;2013;880786645;880780077;30;9828;98;;;6;;;;21;;;;;;7;3;;;;16;;;;
USLD;2013;880787692;880780069;25;7885;45;0;;4;1;0;0;15;1;0;0;0;0;2;7;0;0;0;0;0;0;0;0
USLD;2013;880788773;880007299;30;10771;31;0;;0;4;4;0;17;1;0;0;0;0;;5;3;0;0;10;0;2;3;3
USLD;2013;880789409;880780259;30;7841;31;;;13;1;;;17;2;;;;;3;1;;;;7;;6;;
USLD;2013;890971583;890000417;64;22785;50;;;15;5;;;9;;;;;;4;;;;76;147;;4;;3
USLD;2013;890975527;890000037;36;12899;12;;;4;1;;;4;;;1;;;2;;;;;;;2;;2
USLD;2013;900000647;900004698;123;42149;69;0;;0;4;0;1;0;28;0;4;0;0;;32;;;;;;3;1;1
USLD;2013;910000272;910110014;48;15726;31;;;;2;;3;12;9;;;;;;5;;;;5;;1;;
USLD;2013;910000280;910019447;30;10178;27;;;;;;;;;;;;;;;;;;;;;;
USLD;2013;910000306;910110063;30;10832;13;0;;0;0;0;0;2;1;0;0;0;;;;40;100;10;0;0;0;0;0
USLD;2013;910001973;910019447;40;13708;26;;;1;1;;;15;1;;;;;8;;;;;;;;;
USLD;2013;910100015;750712184;171;58189;93;;;1;;;;92;;;;;;;;;;;20;;0;;24
USLD;2013;910100023;750712184;206;74201;66;;;4;;;;62;;;;;;;;;;36;15;;0;;12
USLD;2013;910150069;910000033;62;21153;41;;;;;;;34;7;;;;;;;;;;;;0;0;0
USLD;2013;920000569;920026374;0;1212;0;;;;;;;;;;;;;;;;;;;;;;
USLD;2013;920000593;920026374;88;30948;56;0;;0;0;2;6;21;0;0;0;0;0;6;;0;0;0;0;0;0;2;2
USLD;2013;920000619;920009909;100;33021;50;;;18;4;;1;6;16;;;;;5;;;;;;;1;;
USLD;2013;920001369;920710654;75;26256;52;;;;14;;;13;;;;;;11;14;;;;;;6;2;1
USLD;2013;920024205;920808037;110;38742;64;;;;14;;;39;;;;;;4;5;;;;;;14;1;
USLD;2013;920100047;750712184;80;28370;21;;;;;;;14;2;2;;;;3;;;;;;;;;
USLD;2013;920100062;750712184;119;42822;49;;;;;;;;;;;;;;;;;;;;;;
USLD;2013;930000294;930021480;43;14742;34;0;;0;;1;;26;;0;;0;;7;;;;;5;;;;
USLD;2013;930100011;750712184;179;63699;122;;;;;;;65;7;63;;;;;;0;0;0;371;0;22;;
USLD;2013;930150057;750808529;35;12859;26;;;;;;;4;;;;;;;3;;;;;;1;;
USLD;2013;930706239;930110051;100;36228;33;0;;0;1;0;0;25;3;0;0;0;0;2;3;0;0;4;3;0;3;2;
USLD;2013;930815501;750034308;114;40792;68;;;;1;;1;;;7;12;;;;1;;;;;;;;1
USLD;2013;940000615;940140023;42;14599;7;;;;;;;;;4;2;;;;1;;;45;;;;;2
USLD;2013;940100027;750712184;60;14512;7;;;;;;;7;;;;;;;;;;;2;;1;;
USLD;2013;940100035;750712184;187;73578;106;;;;;10;;86;;4;;;;6;;;;;;;1;;
USLD;2013;940100050;750712184;387;136581;227;;;;;;;226;1;;;;;;;;;;44;;2;;67
USLD;2013;940100068;750712184;249;66456;90;3;;446;739;;3;5;;2;;;;256;;;;;1259;;38;33;128
USLD;2013;940812506;940110042;46;16107;20;0;;1;8;;;1;;;;0;0;9;;46;0;0;2;0;0;0;0
USLD;2013;950000307;950110015;100;28318;36;;;7;;2;4;20;1;;;;;2;;2;;2;5;;;;
USLD;2013;950000331;950110049;120;39861;59;0;;5;0;1;0;27;14;0;0;0;0;12;0;0;0;0;5;0;1;0;0
USLD;2013;950000349;950015289;60;21547;28;;;6;;;;13;2;;;;;7;;;;;;;4;1;1
USLD;2013;950000406;950150037;40;14071;26;;;;;;;;;;;;;;;;;;;;;;
USLD;2013;950000695;950500033;43;14935;23;;;;6;;0;;13;;0;;0;;4;0;0;0;0;0;4;0;0
USLD;2013;950016139;950015289;60;21547;28;;;6;;;;13;2;;;;;7;;;;;;;4;1;1
USLD;2013;950100016;750712184;115;40106;57;1;;0;;2;;50;;0;;0;;0;;0;10;0;77;0;0;21;11
USLD;2013;970100418;970100194;30;10814;3;;;;;;;;;;;;;;;;;;;;;;
USLD;2013;970100459;970100244;15;6977;6;;;;;;;;;;;;;;;;;;;;;;
USLD;2013;970112033;970100210;120;39872;31;;;;;;;;;;;;;31;;;;;;;;;
USLD;2013;970211223;970211207;30;10950;37;;;;;;;;;;;;;;;;;;;;;;
USLD;2013;970211272;970211207;22;7207;20;;;;1;1;;;1;;;;;1;;;;;;;0;0;0
USLD;2013;970211389;970211207;90;31618;134;;;;;;;;;;;;;;;;;;;;;;
USLD;2013;970300026;970302022;30;9709;37;1;;5;;24;;;1;;;;;6;;;;;;;;;
USLD;2013;970400156;970403606;30;10701;11;;;1;;;;5;2;;;;;3;;;;;;;;;
USLD;2013;970463139;970408589;40;13681;14;;;1;;4;;3;;;;;;;;;1;;;;;;
