BOR;AN;FI;FI_EJ;SMUR;GEN;SAIS;PED;ANT;FIAUTOR;ANTSAIS;SAMU;HMED;HIDE;HAMB;AMBLCE;VEHLEG;MOYAER;MOYMAR;SORTER1;SORTER2;dtTIH;SORAER1;SORAER2;SORMAR;SORTIES;SORTNM;PATDC;PATLSP;PATTSP;PATTRANM;TRAN;TRAN18;TRAN80;TRANSIEG;TRANAUT;APP;APD;APMIN;DR;DRM;DRMLIB;HMR;HMRAMU;HMRAM;ARM;PDSA;NRML;NBLIB;CAR;SAMUSDIS
SMURSAMU;2013;010000024;010780054;1;1;0;0;0;;0;1;252;336;252;2;2;;;1362;292;76;;;;1654;476;173;3;50;250;886;;;886;;203159;198983;193378;118866;93381;58629;329;168;161;622;1;0;0;3430;1
SMURSAMU;2013;010000032;010780062;1;1;0;0;0;;0;0;168;168;168;1;1;;;477;74;0;;16;0;567;209;77;3;46;61;350;24;164;225;125;;;;;;;;;;;;;;;
SMURSAMU;2013;010005239;010008407;1;1;0;0;0;;0;0;10;10;84;;1;;;477;130;;;;;607;222;46;0;19;157;320;39;100;220;100;;;;;;;;;;;;;;;
SMURSAMU;2013;010780203;010006450;1;1;0;0;0;010780203;0;0;168;168;168;1;1;;;720;5;;;;;725;168;82;;86;;533;;;257;276;;;;;;;;;;;;;;;
SMURSAMU;2013;020000162;020000063;1;1;0;0;0;;0;0;;168;360;2;2;0;0;1311;491;;6;15;0;1823;;;;;;;;;;;;;;;;;;;;;;;;;
SMURSAMU;2013;020000394;020000253;1;1;0;0;0;020000394;0;1;280;280;280;2;3;0;;1622;491;0;79;226;0;2418;647;113;27;67;421;1126;77;331;973;153;340643;217377;182066;116458;116458;21225;248;168;80;360;1;0;;3211;0
SMURSAMU;2013;020000519;020000261;1;1;0;0;0;;0;0;168;168;0;0;1;0;0;782;;;;;;782;331;103;9;65;160;630;36;146;611;19;;;;;;;;;;;;;;;
SMURSAMU;2013;020000535;020000287;1;1;0;0;0;020000287;0;0;406;171;0;1;1;0;0;701;0;0;0;0;0;701;216;86;8;6;116;485;102;120;357;128;;;;;;;;;;;;;;;
SMURSAMU;2013;020001061;020004404;1;1;0;0;0;;0;0;168;168;140;1;1;0;0;747;203;0;3;0;;953;113;62;10;16;25;686;62;177;625;61;;;;;;;;;;;;;;;
SMURSAMU;2013;020001087;020004495;1;1;0;0;0;;0;0;168;168;168;2;0;0;0;643;7;0;0;0;0;650;265;68;5;41;265;537;88;119;256;281;;;;;;;;;;;;;;;
SMURSAMU;2013;030000061;030780092;1;1;0;0;0;030780092;0;1;336;352;224;2;2;0;0;1181;330;0;14;31;0;1556;438;116;7;120;195;774;84;171;689;85;259944;;;90621;90621;26405;272;168;104;468;1;1;0;913;0
SMURSAMU;2013;030000079;030780100;1;1;0;0;0;030780100;0;0;336;390;350;1;2;0;0;1226;547;0;;;;1773;;;;;;;;;;;;;;;;;;;;;;;;;
SMURSAMU;2013;030000087;030780118;1;1;0;0;0;;0;0;336;336;336;2;2;;;1618;227;;25;23;;1893;589;184;155;;161;;;;;;;;;;;;;;;;;;;;
SMURSAMU;2013;040000093;040780215;1;1;0;0;0;;0;0;16;14;;0;2;0;0;605;111;;;;;716;;83;6;18;7;639;;;579;60;;;;;;;;;;;;;;;
SMURSAMU;2013;040000135;050002948;1;1;0;0;0;050002948;0;0;336;434;0;0;1;0;0;301;37;;5;1;;344;35;21;0;10;4;200;;;135;65;;;;;;;;;;;;;;;
SMURSAMU;2013;040000911;040788879;1;1;0;0;0;;0;1;168;168;168;;;;;385;11;;190;14;;600;25;31;;;;539;;;440;99;;62522;;47520;38280;11195;271;168;103;216;1;0;;130;0
SMURSAMU;2013;050000231;050000116;1;1;0;0;0;050000116;0;0;124;168;0;;2;;;188;;;249;;;437;15;12;3;;;420;;;415;5;;;;;;;;;;;;;;;
SMURSAMU;2013;050000348;050002948;1;1;0;0;0;;0;1;176;123;0;0;2;1;0;734;193;33;282;182;0;1391;103;68;;14;21;913;47;158;805;108;188651;188651;;45807;20205;9421;265;168;97;295;1;1;18;224;0
SMURSAMU;2013;060000478;060780897;1;1;0;0;0;;0;0;168;19;;;;;;842;112;;;;;954;303;77;107;29;90;624;33;145;356;268;;;;;;;;;;;;;;;
SMURSAMU;2013;060000510;060780954;1;1;0;0;0;060780954;0;0;168;119;0;1;;;;1368;54;0;0;0;0;1422;406;110;0;140;156;962;75;210;660;302;;;;;;;;;;;;;;;
SMURSAMU;2013;060000544;060780988;1;1;0;0;1;060780988;0;0;168;168;0;;2;;;1254;50;;1;;;1305;330;139;10;50;131;925;0;0;782;143;;;;;;;;;;;;;;;
SMURSAMU;2013;060001450;060785011;1;1;0;0;0;;0;1;525;490;574;3;4;;;4406;2128;0;225;261;;7020;702;186;3;513;;3696;;;2252;1444;337994;337994;;209868;170341;50572;322;;286;924;1;0;5;5400;0
SMURSAMU;2013;060002102;060791761;1;0;0;0;1;;0;0;168;168;168;;1;;;588;68;0;0;0;0;656;255;58;2;41;154;400;37;154;152;248;;;;;;;;;;;;;;;
SMURSAMU;2013;060789195;060785011;1;1;0;1;0;;0;0;48;84;;;;;;;130;177;;60;;190;;;;;;;;;;;;;;;;;;;;;;;;;
SMURSAMU;2013;070000013;070002878;1;1;0;0;0;;0;1;168;154;0;;1;;;366;13;;;;;379;61;51;;7;3;305;;;233;72;107605;91191;82072;112911;88455;24456;284;165;119;304;1;0;18;912;1
SMURSAMU;2013;070000179;070780358;1;1;0;0;0;070780358;0;0;168;168;0;0;1;0;0;484;18;;;;;502;66;51;2;1;13;418;27;107;409;9;;;;;;;;;;;;;;;
SMURSAMU;2013;070000609;070005566;1;1;0;0;0;;0;0;168;168;168;;1;;;518;36;0;;;;554;;;;;;;;;;;;;;;;;;;;;;;;;
SMURSAMU;2013;080000110;080000037;1;1;0;0;0;080000037;0;0;169;169;169;1;1;;;768;2;;;;;770;128;73;0;38;4;640;44;297;565;75;;;;;;;;;;;;;;;
SMURSAMU;2013;080000219;080001969;1;1;0;0;0;;0;0;168;168;168;1;1;;;457;10;0;;;;467;84;39;8;23;14;320;37;145;271;49;;;;;;;;;;;;;;;
SMURSAMU;2013;080000276;080001969;1;1;0;0;0;;0;0;168;168;168;1;1;0;0;285;30;12;;;;315;83;24;8;41;10;282;10;48;231;51;;;;;;;;;;;;;;;
SMURSAMU;2013;080000425;080000615;1;1;0;0;0;;0;1;266;168;336;2;1;0;0;1667;494;;;12;;2173;639;140;15;170;277;1077;;;955;122;;136162;;88092;32152;0;168;0;0;262;0;0;0;681;0
SMURSAMU;2013;080009814;080000615;1;1;0;0;0;080000425;0;0;168;0;0;;1;;;601;16;;;;;617;13;5;0;47;0;487;3;12;259;228;;;;;;;;;;;;;;;
SMURSAMU;2013;090000175;090781774;1;1;0;0;0;090781774;0;1;168;172;0;1;4;0;0;1194;323;;136;;;1653;272;149;2;74;;1030;90;158;801;229;119210;119210;;27095;20288;7000;168;;20;168;1;0;7;541;1
SMURSAMU;2013;090000183;090781816;1;1;0;0;0;;0;0;168;168;168;1;1;0;0;332;145;;;;;477;;;;;;;;;;;;;;;;;;;;;;;;;
SMURSAMU;2013;100000090;100000017;1;1;0;0;0;100000017;0;1;336;502;360;2;3;0;0;2087;444;;0;0;0;2531;1293;263;23;355;652;794;0;0;739;55;163836;134506;;91400;48364;9350;168;;48;378;1;0;11;1184;0
SMURSAMU;2013;100000199;100006279;1;1;0;0;0;;0;0;168;168;0;;1;;;425;8;;;;;433;176;70;1;28;77;368;35;124;235;133;;;;;;;;;;;;;;;
SMURSAMU;2013;110000023;110780061;1;1;0;0;0;110780061;0;1;558;504;336;2;4;0;0;2307;342;17;148;93;0;2890;1358;254;35;393;869;1104;76;195;916;188;304732;270721;270721;79623;63179;19251;220;168;52;540;1;0;0;1815;1
SMURSAMU;2013;110000049;110780087;1;0;0;0;1;;0;0;;;;;;;;;;;;;;;;;;;;;;;;;;;;;;;;;;;;;;;
SMURSAMU;2013;110000056;110780137;1;1;0;0;0;;0;0;337;337;0;0;1;0;0;1331;398;;47;60;;1836;668;155;20;84;409;946;;;732;214;;;;;;;;;;;;;;;
SMURSAMU;2013;110780236;110780707;1;0;0;0;1;;0;0;170;170;0;;;;;;;;;;;;;;;;;;;;;;;;;;;;;;;;;;;;
SMURSAMU;2013;120000039;120780044;1;1;0;0;0;;0;1;168;168;168;0;3;0;0;1513;269;0;212;380;0;2374;607;127;;102;378;1283;82;245;1158;125;82732;82732;;32048;22563;0;168;168;;168;0;0;0;985;0
SMURSAMU;2013;120000054;120780069;1;1;0;0;0;;0;0;186;186;0;;;;;357;0;;;;;357;62;44;;18;;295;17;61;267;28;;;;;;;;;;;;;;;
SMURSAMU;2013;120000070;120780085;1;1;0;0;0;;0;0;208;336;0;;;;;343;;;;;;343;;38;;22;47;327;10;67;292;35;;;;;;;;;;;;;;;
SMURSAMU;2013;120004569;120004528;1;1;0;0;0;;0;0;168;157;0;1;1;;;391;22;;;;;413;;50;29;;84;309;34;88;276;33;;;;;;;;;;;;;;;
SMURSAMU;2013;120004668;120004619;1;1;0;0;0;120004668;0;0;168;168;0;;;;;244;23;;;;;267;64;30;0;24;10;195;15;59;166;29;;;;;;;;;;;;;;;
SMURSAMU;2013;130000409;130041916;1;1;0;0;0;;0;0;168;168;0;;;;;2165;300;;;;;2465;1136;171;26;144;810;1016;77;349;680;336;;;;;;;;;;;;;;;
SMURSAMU;2013;130000565;130781446;1;1;0;0;0;;1;0;168;168;168;1;1;;;1692;245;;;;;1937;480;174;8;61;237;1212;;;578;634;;;;;;;;;;;;;;;
SMURSAMU;2013;130001225;130782634;1;1;0;0;1;;0;0;168;168;0;;;;;1408;31;;;;;1439;209;125;84;;;742;;;564;178;;;;;;;;;;;;;;;
SMURSAMU;2013;130002827;130789274;1;1;0;0;0;;0;0;135;18;25;1;1;;;1262;196;;;;;1458;1189;115;3;174;476;896;;;741;155;;;;;;;;;;;;;;;
SMURSAMU;2013;130002835;130789316;1;1;0;0;0;130789316;0;0;222;263;0;0;0;0;0;1493;180;0;0;0;0;1673;313;133;7;173;0;1086;;;763;323;;;;;;;;;;;;;;;
SMURSAMU;2013;130783293;130786049;1;0;0;0;0;;0;1;;;;5;1;1;0;10905;3688;0;313;392;0;15298;6798;904;151;758;4985;9290;1353;1701;5859;3431;567211;527151;499872;485871;289633;58535;338;338;;1288;1;0;30;5648;0
SMURSAMU;2013;130786742;750821092;1;1;0;0;1;130786049;0;0;120;0;0;0;0;0;0;1315;211;0;0;2;0;1528;715;113;11;15;502;681;49;192;316;365;;;;;;;;;;;;;;;
SMURSAMU;2013;140000027;140000035;1;1;0;0;0;;0;0;168;168;168;;2;;;541;3;;;;;544;119;76;4;0;39;422;28;123;392;30;;;;;;;;;;;;;;;
SMURSAMU;2013;140000209;140000100;1;1;0;0;0;140000100;0;1;336;361;615;2;4;0;0;2442;1234;128;7;44;;3727;447;245;202;0;0;;;;;;223906;214876;194183;126182;126182;74447;376;168;208;537;1;0;0;2588;0
SMURSAMU;2013;140000233;140000118;1;1;0;0;0;140000233;0;0;168;168;168;2;2;;;332;9;;;;;341;52;43;0;9;0;291;34;76;207;84;;;;;;;;;;;;;;;
SMURSAMU;2013;140000373;140000159;1;1;0;0;0;140000159;0;0;12;12;12;;2;;;399;13;;;;;412;90;81;;9;;;;;;;;;;;;;;;;;;;;;
SMURSAMU;2013;140024886;140000092;1;1;0;0;0;140000092;0;0;168;168;65;;2;;;521;15;;;;;536;66;1;7;59;;388;22;93;288;100;;;;;;;;;;;;;;;
SMURSAMU;2013;140026410;140026279;1;1;0;0;0;;0;0;168;168;168;1;;;;432;12;;;;;444;75;58;17;;;357;28;95;266;91;;;;;;;;;;;;;;;
SMURSAMU;2013;150000032;150780088;1;1;0;0;0;;0;0;116;168;0;0;0;0;0;493;132;21;0;0;0;625;190;51;0;0;139;304;;;259;45;;;;;;;;;;;;;;;
SMURSAMU;2013;150000040;150780096;1;1;0;0;0;;0;1;238;168;168;2;2;;;1053;219;0;213;273;;1758;200;88;0;36;76;896;;;756;140;71500;71485;71335;37037;32310;10008;205;168;37;205;1;1;13;361;0
SMURSAMU;2013;150000164;150780468;1;0;0;0;1;150780468;0;0;;;;;;;;355;126;;;;;481;93;28;9;12;44;262;;;176;86;;;;;;;;;;;;;;;
SMURSAMU;2013;160000253;160000451;1;1;0;0;0;160000451;0;1;336;56;336;3;3;;;1992;601;;;;;2593;605;191;16;144;254;1391;121;278;1368;23;;169628;140304;59342;56570;24593;284;168;116;356;1;0;0;86;0
SMURSAMU;2013;160000303;160006037;1;1;0;0;0;;0;0;168;84;0;;1;;;418;18;;;;;436;0;0;0;;;334;;;173;161;;;;;;;;;;;;;;;
SMURSAMU;2013;160000311;160000485;1;1;0;0;0;160000485;0;0;145;8;0;;1;;;453;29;0;;;;482;125;37;13;33;32;328;17;78;118;210;;;;;;;;;;;;;;;
SMURSAMU;2013;160000337;160000493;1;1;0;0;0;160000493;0;0;168;210;0;;1;;;535;;;;;;535;110;77;13;15;89;469;54;143;171;298;;;;;;;;;;;;;;;
SMURSAMU;2013;160015368;160014411;1;1;0;0;0;;;0;168;70;168;1;1;;;596;14;39;;8;;618;192;79;3;53;57;443;;;325;118;;;;;;;;;;;;;;;
SMURSAMU;2013;170000038;170780050;1;1;0;0;0;170780050;0;0;169;176;0;;;;;478;9;;;;;487;189;73;9;36;71;289;28;94;189;100;;;;;;;;;;;;;;;
SMURSAMU;2013;170000087;170023279;1;1;0;0;0;;0;1;336;336;336;2;2;0;0;1941;574;0;132;209;8;2864;742;239;6;167;415;1215;216;421;1169;46;269371;229848;205148;152946;152946;54514;310;168;142;597;1;0;0;2420;0
SMURSAMU;2013;170000095;170780167;1;1;0;0;0;170780167;0;0;169;231;0;0;0;0;0;368;34;0;0;0;0;402;95;59;3;21;12;268;25;51;206;62;;;;;;;;;;;;;;;
SMURSAMU;2013;170000103;170780175;1;1;0;0;0;;0;0;336;277;345;3;1;0;0;720;717;89;2;20;;1459;154;51;71;;32;557;78;479;514;43;;;;;;;;;;;;;;;
SMURSAMU;2013;170000129;170780191;1;1;0;0;0;;0;0;168;168;168;0;2;0;0;706;21;;;;;727;303;115;3;55;130;398;28;78;325;73;;;;;;;;;;;;;;;
SMURSAMU;2013;170000152;170780225;1;1;0;0;0;;0;0;168;168;168;;2;;;1097;0;0;;;;1097;526;129;;171;226;569;50;102;489;80;;;;;;;;;;;;;;;
SMURSAMU;2013;180000010;180000028;1;1;0;0;0;;0;1;390;191;336;2;3;0;0;1588;483;;0;0;0;2071;519;137;12;61;295;1070;;;1062;8;;;;81688;67481;7855;196;168;28;;1;0;0;832;1
SMURSAMU;2013;180000200;180000051;1;1;0;0;0;;0;0;168;168;0;0;2;0;0;557;59;;;;;616;90;66;4;10;10;598;38;131;547;51;;;;;;;;;;;;;;;
SMURSAMU;2013;180000283;180000069;1;1;0;0;0;180000069;0;0;168;172;0;;;;;581;46;;;;;627;190;78;9;34;97;402;17;55;329;73;;;;;;;;;;;;;;;
SMURSAMU;2013;190000018;190000042;1;1;0;0;0;;0;0;98;168;366;2;3;0;0;1758;315;0;19;35;0;2127;277;137;1;111;28;1165;0;0;1081;84;;;;;;;;;;;;;;;
SMURSAMU;2013;190000026;190000059;1;1;0;0;0;;0;1;168;168;168;2;2;;;966;155;;1;1;;1123;482;78;27;377;;485;;;370;115;98051;93027;97070;74826;40173;23489;168;168;118;342;1;0;0;1195;0
SMURSAMU;2013;190000091;190000075;1;1;0;0;1;190000059;0;0;169;85;;;2;;;308;104;;;;;412;54;35;;12;;261;;;193;68;;;;;;;;;;;;;;;
SMURSAMU;2013;210987558;210780581;1;1;0;1;0;;0;1;585;461;420;4;5;1;0;3938;1368;246;245;274;0;5825;1369;310;19;465;523;3238;;;3238;;228791;175333;165529;83254;76150;26630;339;218;121;552;1;0;0;1446;0
SMURSAMU;2013;210987657;210780714;1;1;0;0;0;;0;0;168;168;228;1;1;0;0;952;14;0;0;0;0;966;524;53;1;62;408;836;98;202;717;119;;;;;;;;;;;;;;;
SMURSAMU;2013;210987665;210010070;1;1;0;0;0;210010070;0;0;168;336;84;;1;;;313;;;;;;313;74;31;1;42;;239;;;208;31;;;;;;;;;;;;;;;
SMURSAMU;2013;210987673;210010070;1;1;0;0;0;;0;0;168;245;168;;1;;;147;8;;;;;155;28;18;;10;;118;;;67;51;;;;;;;;;;;;;;;
SMURSAMU;2013;210987699;210780706;1;1;0;0;0;210780706;0;0;168;175;168;2;1;0;0;492;116;;;;;608;100;36;29;35;;492;43;122;440;52;;;;;;;;;;;;;;;
SMURSAMU;2013;220000012;220000020;1;0;0;0;0;220000020;0;1;336;220;385;3;3;1;0;2290;1103;;175;384;10;3962;;;;;;1684;282;957;1177;507;201877;199167;159805;126845;91614;34298;324;168;156;508;1;0;1;;0
SMURSAMU;2013;220000095;220000046;1;1;0;0;0;;0;0;;;;;;;;759;34;0;5;0;0;798;122;99;5;18;0;570;59;149;446;124;;;;;;;;;;;;;;;
SMURSAMU;2013;220000343;220000079;1;1;0;0;0;;0;0;1000;1000;1000;0;2;0;0;475;17;;0;0;0;492;83;66;1;16;0;402;22;;283;119;;;;;;;;;;;;;;;
SMURSAMU;2013;220000368;220000103;1;1;0;0;0;220000103;0;0;368;574;3;0;1;0;0;759;10;0;0;0;0;769;216;126;11;12;60;553;;;436;117;;;;;;;;;;;;;;;
SMURSAMU;2013;220000541;220000152;1;1;0;0;0;220000152;0;0;168;168;0;1;;;;398;13;;;;;411;;55;2;27;;337;24;80;237;100;;;;;;;;;;;;;;;
SMURSAMU;2013;230000820;230780041;1;1;0;0;0;;0;1;168;168;0;1;3;;;799;226;;77;83;;1185;222;116;4;28;74;577;13;86;420;157;33863;33863;;33863;20991;12872;40;168;208;252;1;1;0;413;0
SMURSAMU;2013;240000372;240000059;1;1;0;0;0;240000372;0;0;168;168;168;0;2;0;0;588;111;;;;;699;162;89;4;17;49;415;23;113;348;67;;;;;;;;;;;;;;;
SMURSAMU;2013;240000489;240000117;1;1;0;0;0;;0;1;504;336;336;2;2;1;0;1618;712;49;176;204;0;2710;;;;;;;;;;;286961;286961;;103138;0;0;168;;;528;1;0;;1869;0
SMURSAMU;2013;240000687;240000448;1;1;0;0;0;240000448;0;0;168;754;0;;1;;;359;59;;;;;418;103;61;;30;;256;25;118;204;52;;;;;;;;;;;;;;;
SMURSAMU;2013;250000114;900000365;1;1;0;0;0;;0;0;168;175;336;1;2;0;0;2212;134;0;0;0;0;2346;1142;158;25;156;803;1070;;;1069;1;;;;;;;;;;;;;;;
SMURSAMU;2013;250000700;250000452;1;1;0;0;0;250000452;0;0;178;179;168;1;2;0;0;1044;263;3;0;0;0;1307;209;81;8;25;95;1060;96;228;940;120;;;;;;;;;;;;;;;
SMURSAMU;2013;250006954;250000015;1;1;0;0;0;;0;1;336;393;270;2;5;;;3490;404;38;332;220;;4446;1147;164;31;405;547;3222;606;;3035;187;542402;474646;32737;252651;188345;75917;672;336;336;1134;1;1;15;5866;0
SMURSAMU;2013;260000013;260000021;1;1;0;0;0;260000021;0;1;336;336;336;2;2;1;0;1303;534;;229;398;;2464;370;216;3;46;65;1146;;;920;226;241500;241500;;90276;73632;16644;220;168;52;444;1;0;0;519;0
SMURSAMU;2013;260000120;260016910;1;1;0;0;0;;0;0;168;168;168;2;;;;1010;;;;;;1010;;;;;;;;;;;;;;;;;;;;;;;;;
SMURSAMU;2013;260000138;260000047;1;1;0;0;0;;0;0;168;168;168;1;1;0;0;845;46;0;132;0;0;1023;328;123;1;38;134;671;89;161;588;83;;;;;;;;;;;;;;;
SMURSAMU;2013;260000203;260016910;1;0;0;0;1;;0;0;50;50;50;2;;;;140;;;;;;140;;;;;;;;;;;;;;;;;;;;;;;;;
SMURSAMU;2013;270000045;270000060;1;1;0;0;1;270000060;0;0;134;168;98;;1;;;526;25;;3;2;;556;187;78;2;29;115;341;31;77;198;143;;;;;;;;;;;;;;;
SMURSAMU;2013;270000359;270023724;1;1;0;0;0;;0;1;336;168;336;2;4;;;1331;817;;6;52;;2206;757;163;14;64;549;1131;;;917;214;207101;195176;183251;117224;86942;30282;272;168;104;528;1;1;0;2601;0
SMURSAMU;2013;270000367;270000086;1;1;0;0;0;270003650;0;0;168;168;168;;1;;;647;;;;;;647;78;5;17;166;;375;37;84;178;197;;;;;;;;;;;;;;;
SMURSAMU;2013;270000425;270000102;1;1;0;0;0;270000102;0;0;168;168;168;;1;;;551;;;;;;551;114;68;4;41;0;464;;;154;310;;;;;;;;;;;;;;;
SMURSAMU;2013;270000441;270000110;1;1;0;0;0;270000110;0;0;168;168;84;0;2;0;0;442;3;;0;0;0;445;277;53;11;21;192;207;13;39;37;170;;;;;;;;;;;;;;;
SMURSAMU;2013;270000458;270023724;1;1;0;0;0;;0;0;168;168;168;0;2;0;0;781;;;;;;781;;;;;;;;;;;;;;;;;;;;;;;;;
SMURSAMU;2013;280000084;280000183;1;1;0;0;0;280000183;0;1;336;336;168;1;3;1;;1091;190;0;94;404;;1779;732;157;18;171;386;631;64;81;466;165;177619;141501;132502;85276;71065;0;214;168;;396;1;0;0;1242;0
SMURSAMU;2013;280000662;280500075;1;1;0;0;0;280000662;0;0;405;420;366;;1;;;570;2;;;;;572;247;67;3;54;123;446;43;107;247;199;;;;;;;;;;;;;;;
SMURSAMU;2013;280502998;280000589;1;1;0;0;0;;0;0;168;168;0;;;;;470;0;0;0;0;0;470;470;58;4;18;104;295;;;132;163;;;;;;;;;;;;;;;
SMURSAMU;2013;280504267;280000134;1;1;0;0;0;280000134;0;0;336;336;168;3;1;;;1340;219;0;0;0;0;1559;797;226;15;112;413;1065;115;142;1009;56;;;;;;;;;;;;;;;
SMURSAMU;2013;290000025;290020700;1;1;0;0;0;290020700;0;0;168;0;0;1;1;1;0;1117;79;76;19;6;0;1221;461;105;33;34;289;962;91;164;902;60;;;;;;;;;;;;;;;
SMURSAMU;2013;290000033;290021542;1;1;0;0;0;290021542;0;0;168;168;168;1;1;;;1028;143;;2;1;;1174;382;107;6;67;189;648;96;180;530;118;;;;;;;;;;;;;;;
SMURSAMU;2013;290000066;290020700;1;1;0;0;0;290020700;0;0;168;0;0;1;1;0;0;562;53;40;9;1;0;625;250;47;37;13;153;474;33;103;447;27;;;;;;;;;;;;;;;
SMURSAMU;2013;290000256;290000017;1;1;0;0;0;;0;0;168;168;168;;;;;519;89;;0;0;0;608;;80;0;52;;;;;;;;;;;;;;;;;;;;;
SMURSAMU;2013;290000785;220020739;1;1;0;0;0;290000785;0;0;336;420;;1;;;;416;66;;4;8;6;500;74;45;6;23;0;352;31;116;222;130;;;;;;;;;;;;;;;
SMURSAMU;2013;290000934;290000306;1;1;0;0;0;290000306;0;0;191;168;168;;1;;;662;151;0;21;4;;838;238;87;0;0;115;544;58;103;328;216;;;;;;;;;;;;;;;
SMURSAMU;2013;290004324;290000017;1;1;0;0;0;290000017;0;1;461;406;406;3;2;1;;2862;1566;151;437;344;192;5401;;228;15;91;;2630;;;2249;381;285954;272666;267894;153972;153972;66262;308;168;140;1030;1;0;0;1856;0
SMURSAMU;2013;290029982;290020700;1;0;0;0;0;290020700;0;0;168;0;0;1;1;0;0;548;126;56;38;57;0;769;235;61;10;15;149;500;45;118;282;218;;;;;;;;;;;;;;;
SMURSAMU;2013;2A0000022;2A0000014;1;1;0;0;0;2A0000014;0;1;336;336;588;3;3;1;0;2450;686;;474;836;0;4446;422;110;12;93;207;2502;141;72;2357;145;62588;58540;58150;24098;24098;;948;204;744;1488;1;0;0;1530;0
SMURSAMU;2013;2A0002614;2A0002606;1;0;0;0;1;2A0000014;0;0;154;308;0;;;;;422;;;;;;422;46;16;2;22;0;316;;;198;118;;;;;;;;;;;;;;;
SMURSAMU;2013;2A0003125;2A0000014;1;1;0;0;1;2A0000014;0;0;168;84;168;0;1;0;0;394;24;0;0;0;0;418;44;14;2;27;1;351;0;7;0;351;;;;;;;;;;;;;;;
SMURSAMU;2013;2A0003133;2A0000014;1;1;0;0;1;2A0000014;0;0;168;0;168;0;1;0;0;524;31;0;0;0;0;555;;25;15;30;101;353;3;0;3;350;;;;;;;;;;;;;;;
SMURSAMU;2013;2A0003141;2A0000014;1;1;0;0;1;2A0000014;0;0;168;0;168;0;1;0;0;246;40;0;0;0;0;286;89;17;1;31;40;157;12;5;4;153;;;;;;;;;;;;;;;
SMURSAMU;2013;2B0000012;2B0000020;1;1;0;0;0;2B0000020;0;1;294;252;588;0;0;0;0;2009;1176;20;544;616;0;4345;374;95;74;131;0;3138;0;0;2575;563;83625;82560;78432;39847;39847;4200;188;168;20;336;1;1;0;300;0
SMURSAMU;2013;2B0000038;2B0004246;1;0;0;0;1;;0;0;1;1;0;;1;;;314;;;;;;314;;;;;;;;;;;;;;;;;;;;;;;;;
SMURSAMU;2013;2B0003420;2B0000020;1;1;0;0;1;;0;0;168;168;168;0;1;0;0;436;37;;;;;473;89;27;14;43;;464;;;100;364;;;;;;;;;;;;;;;
SMURSAMU;2013;2B0004907;2B0000020;1;1;0;0;1;;0;0;168;168;168;0;1;0;0;238;61;0;0;0;0;299;53;19;8;24;0;228;0;0;65;163;;;;;;;;;;;;;;;
SMURSAMU;2013;2B0005409;2B0000020;1;0;0;0;1;;0;0;168;112;168;0;1;0;0;832;1;0;0;0;0;833;407;21;39;344;0;443;0;0;388;55;;;;;;;;;;;;;;;
SMURSAMU;2013;300000023;300780046;1;1;0;0;0;300780046;0;0;168;168;0;0;2;0;0;2282;75;0;0;0;0;2357;125;10;2;26;47;1733;115;426;1255;478;;;;;;;;;;;;;;;
SMURSAMU;2013;300000031;300780053;1;1;0;0;0;300780053;0;0;208;176;0;0;0;0;0;830;0;;;;;830;184;96;2;86;0;646;;;539;107;;;;;;;;;;;;;;;
SMURSAMU;2013;300782117;300780038;1;1;0;0;0;;0;1;5824;616;586;5;3;1;;4493;1471;138;233;325;;6522;3551;1670;136;1680;65;3975;;;3411;564;253493;219571;202714;175266;157031;49686;1456;;;;1;0;0;1662;0
SMURSAMU;2013;310000310;310780671;1;1;0;0;0;;0;0;168;168;168;1;1;;;829;436;122;0;0;0;1265;226;113;2;73;210;420;23;112;293;127;;;;;;;;;;;;;;;
SMURSAMU;2013;310016977;310781406;1;0;0;1;0;;0;0;223;152;132;1;1;2;;367;1360;199;26;123;0;1876;153;4;0;67;82;322;306;0;277;45;;;;;;;;;;;;;;;
SMURSAMU;2013;310783048;310781406;1;1;0;0;0;;0;1;574;672;708;3;5;2;0;6623;2658;1487;578;220;0;10079;3366;742;42;359;2223;6058;271;1041;3861;2197;543994;483226;;374163;192283;68154;658;378;274;1008;1;0;95;2506;0
SMURSAMU;2013;320000086;320780117;1;1;0;0;1;320780117;0;1;168;168;0;;;;;1192;129;;;;;1321;;;;;;;;;;;;70747;;;26533;;;;;;0;1;;476;1
SMURSAMU;2013;320000102;320780133;1;0;0;0;1;320000102;0;0;168;168;168;;2;;;357;77;;4;4;;442;151;36;1;28;86;357;33;106;195;162;;;;;;;;;;;;;;;
SMURSAMU;2013;330000555;330781204;1;1;0;0;0;;0;0;168;168;168;;1;;;655;;;29;;;684;162;130;1;63;;548;33;80;379;169;;;;;;;;;;;;;;;
SMURSAMU;2013;330000571;330781220;1;1;0;0;0;;0;0;504;504;504;1;;;;258;123;26;0;0;0;381;100;45;2;10;4;13;12;1;13;;;;;;;;;;;;;;;;
SMURSAMU;2013;330000589;330027509;1;1;0;0;0;;0;0;168;168;168;0;1;1;;630;;;;;;630;139;107;0;31;1;491;15;58;349;142;;;;;;;;;;;;;;;
SMURSAMU;2013;330000605;330781253;1;1;0;0;0;;0;0;336;350;336;4;8;0;0;1483;132;;0;0;;1615;195;129;;14;52;1277;73;166;1220;57;;;;;;;;;;;;;;;
SMURSAMU;2013;330780495;330796392;1;1;0;0;0;;0;0;168;168;168;;7;;;491;1;;;;;492;128;75;1;21;31;390;0;0;247;143;;;;;;;;;;;;;;;
SMURSAMU;2013;330780537;330000324;1;1;0;0;0;330780537;0;0;168;168;168;1;0;0;0;335;0;0;0;0;0;335;122;30;30;31;31;249;14;59;170;79;;;;;;;;;;;;;;;
SMURSAMU;2013;330781360;330781196;1;1;0;1;0;;0;1;168;168;0;6;4;1;;4807;2944;;476;386;;8613;;;;;;;;;;;;445093;;318249;277332;140805;;;;;1;0;;7553;0
SMURSAMU;2013;340000033;340780055;1;1;0;0;0;;0;0;336;336;336;2;2;;;2147;663;;0;0;0;2810;551;263;6;190;;1596;118;433;1388;208;;;;;;;;;;;;;;;
SMURSAMU;2013;340000223;340011295;1;1;0;0;0;340011295;0;0;168;168;0;0;0;0;0;1036;56;0;0;0;0;1092;539;138;0;59;342;497;;;402;95;;;;;;;;;;;;;;;
SMURSAMU;2013;340000231;340780535;1;0;0;0;1;;0;0;;;;;;;;;;;;;;;;;;;;;;;;;;;;;;;;;;;;;;;
SMURSAMU;2013;340780436;340011295;1;0;0;0;1;340011295;0;0;113;113;0;0;0;0;0;753;0;0;0;0;0;753;134;53;0;81;;619;;;340;279;;;;;;;;;;;;;;;
SMURSAMU;2013;340780717;340008150;1;0;0;0;1;340785161;0;0;168;168;168;;1;;;;;;;;;;;;;;;;;;;;;;;;;;;;;;;;;;
SMURSAMU;2013;340785161;340780477;1;1;0;0;0;;0;1;336;252;816;7;4;1;0;7237;1580;;199;425;0;9441;;408;38;540;2;4320;1669;2411;3485;835;418615;362929;268998;270102;218498;51604;269;168;101;888;1;0;18;624;0
SMURSAMU;2013;350000147;350000022;1;1;0;0;0;;0;0;168;168;168;2;6;0;0;828;18;;;;;846;20;109;10;18;;684;29;167;666;18;;;;;;;;;;;;;;;
SMURSAMU;2013;350000154;350000030;1;1;0;0;0;;0;0;168;168;152;;1;;;430;103;0;0;2;0;535;92;65;1;10;10;352;34;110;276;76;;;;;;;;;;;;;;;
SMURSAMU;2013;350000162;350000048;1;1;0;0;0;350000048;0;0;186;186;0;;1;;;504;107;;0;0;0;611;66;30;0;6;30;500;;;387;113;;;;;;;;;;;;;;;
SMURSAMU;2013;350000188;350000055;1;1;0;0;0;;0;0;168;168;168;;1;;;336;59;;;;;395;138;45;0;10;83;360;35;88;249;111;;;;;;;;;;;;;;;
SMURSAMU;2013;350000741;350005179;1;1;0;0;0;;0;1;336;218;588;4;4;0;0;3010;1508;315;8;17;;4543;953;351;1;164;437;1580;201;245;1424;156;235941;218595;196736;134752;132905;46969;295;222;73;654;1;0;0;766;0
SMURSAMU;2013;360000137;360000053;1;1;0;0;0;;0;1;366;336;336;3;3;1;;1836;953;211;235;324;;3348;578;293;29;219;37;2216;115;359;2107;109;312500;246800;;99310;79881;19429;216;168;48;420;1;0;26;43;1
SMURSAMU;2013;360000160;360000079;1;1;0;0;1;360000053;0;0;;;;;;;;;;;;;;;;;;;;;;;;;;;;;;;;;;;;;;;
SMURSAMU;2013;370000499;370000481;1;1;0;1;0;370000481;0;1;;;;1;;;;117;599;;8;131;;855;;;;;;;;;;;;;;;;;;;;;;;;;
SMURSAMU;2013;370000531;370000606;1;1;0;0;0;;0;0;168;168;0;0;1;;;383;22;0;6;0;0;411;92;66;25;0;89;297;23;55;169;128;;;;;;;;;;;;;;;
SMURSAMU;2013;370000879;370000564;1;1;0;0;0;;0;0;168;168;0;2;0;0;0;466;33;33;0;0;0;499;137;43;5;16;73;402;;;155;247;;;;;;;;;;;;;;;
SMURSAMU;2013;370000903;370000614;1;1;0;0;1;370000481;0;0;168;168;0;;;;;331;27;0;0;0;0;358;52;35;1;16;0;285;;;91;194;;;;;;;;;;;;;;;
SMURSAMU;2013;370004467;370000481;1;1;0;0;0;370000481;0;1;672;672;336;4;4;1;0;2292;1037;22;153;322;;3804;837;286;11;76;464;2163;191;372;1734;429;165308;165308;;95222;;;276;228;48;554;1;0;18;2193;1
SMURSAMU;2013;380000034;380780049;1;1;0;0;0;;0;0;252;252;252;3;1;;;1408;297;138;;;;1705;343;162;139;42;;1510;;;;;;;;;;;;;;;;;;;
SMURSAMU;2013;380000067;380780080;1;1;0;0;0;;0;1;571;408;504;8;4;1;0;3338;1369;271;1045;430;0;6182;1236;353;17;248;509;3115;563;555;2188;927;408006;330058;303653;223228;131239;91999;456;202;202;980;1;1;23;1352;0
SMURSAMU;2013;380000174;380781435;1;1;0;0;0;;0;0;168;168;168;1;1;0;0;1045;42;0;0;0;0;1087;;143;5;41;;889;69;170;600;289;;;;;;;;;;;;;;;
SMURSAMU;2013;380000406;380784751;1;1;0;0;0;;0;0;336;1008;168;1;1;0;0;1048;108;11;0;0;0;1156;;118;33;140;;1048;64;242;474;574;;;;;;;;;;;;;;;
SMURSAMU;2013;390000040;390780146;1;1;0;0;0;;0;0;384;336;336;0;3;0;0;1592;226;0;0;0;0;1818;804;143;8;158;495;940;117;570;802;138;;;;;;;;;;;;;;;
SMURSAMU;2013;390000065;390780161;1;1;0;0;0;;0;0;168;168;168;;1;;;316;115;;0;0;0;431;79;31;14;34;0;254;;;214;40;;;;;;;;;;;;;;;
SMURSAMU;2013;390000214;390780591;1;1;0;0;0;;0;0;168;159;159;;1;;;458;85;;28;;;571;97;42;1;56;29;362;35;120;158;204;;;;;;;;;;;;;;;
SMURSAMU;2013;390000222;390780609;1;1;0;0;0;;0;0;220;220;220;1;2;;;1358;335;;;;;1693;692;78;3;114;497;587;156;344;432;155;;;;;;;;;;;;;;;
SMURSAMU;2013;390005742;390780146;1;1;0;0;1;;0;0;168;168;0;;1;;;334;14;;44;;;392;102;21;;50;102;274;34;28;49;225;;;;;;;;;;;;;;;
SMURSAMU;2013;400000105;400780193;1;1;0;0;0;;0;0;6552;3520;3520;3;1;;;1459;387;;;20;;1866;365;124;1;120;120;1100;20;18;929;171;;;;;;;;;;;;;;;
SMURSAMU;2013;400000139;400011177;1;1;0;0;0;400011177;0;1;168;168;168;2;1;0;0;1090;117;0;0;0;0;1207;307;109;6;108;83;788;117;184;769;19;332559;288068;285088;116888;93657;24963;248;168;80;1680;1;1;25;636;0
SMURSAMU;2013;400011383;400780193;1;1;1;0;1;400780193;1;0;1512;;;;1;;;156;;;;;;156;137;9;;56;72;143;12;8;41;102;;;;;;;;;;;;;;;
SMURSAMU;2013;400011391;400780193;1;1;1;0;1;;1;0;588;0;0;;;1;;;;;127;;;127;114;;82;32;;11;8;1;4;7;;;;;;;;;;;;;;;
SMURSAMU;2013;400012506;400011177;1;0;1;0;1;400011177;1;0;0;0;0;0;1;0;0;234;0;0;0;0;0;234;131;5;9;84;59;81;78;9;0;81;;;;;;;;;;;;;;;
SMURSAMU;2013;400012514;400011177;1;0;0;0;1;400011177;0;0;84;84;84;1;0;0;0;251;149;0;0;0;0;400;143;20;2;44;77;119;28;36;84;35;;;;;;;;;;;;;;;
SMURSAMU;2013;400012522;400011177;1;0;0;0;1;400011177;0;0;21;21;21;1;0;0;0;30;36;0;0;0;0;66;3;1;0;1;1;25;2;6;16;9;;;;;;;;;;;;;;;
SMURSAMU;2013;410000020;410000087;1;1;0;0;0;410000087;0;1;336;336;168;2;3;1;;2964;605;;151;384;;4104;;;;;;;;;;;;;;117749;83755;;168;;15;360;1;0;0;349;0
SMURSAMU;2013;410000038;410000095;1;1;0;0;0;;0;0;168;37;;;2;;;601;31;0;0;0;0;632;177;91;2;25;59;390;22;105;336;54;;;;;;;;;;;;;;;
SMURSAMU;2013;410000046;410000103;1;1;0;0;0;;0;0;168;168;168;0;1;0;0;595;3;0;0;0;0;598;297;90;1;84;122;357;;;271;86;;;;;;;;;;;;;;;
SMURSAMU;2013;420000010;420780033;1;1;0;0;0;420000010;0;1;144;336;336;1;2;0;0;1164;879;421;29;94;0;2166;289;130;3;85;71;853;76;191;729;124;67416;63686;63059;46682;46682;10970;78;78;52;287;1;0;0;32;0
SMURSAMU;2013;420000226;420013831;1;1;0;0;0;;0;0;168;168;0;;1;;;451;40;0;0;0;0;491;96;60;2;30;4;355;0;0;325;30;;;;;;;;;;;;;;;
SMURSAMU;2013;420000267;420013831;1;1;0;0;0;;0;0;320;357;0;0;2;0;0;374;69;51;;;;443;374;61;;15;0;298;36;63;209;89;;;;;;;;;;;;;;;
SMURSAMU;2013;420785354;420784878;1;1;0;0;0;;0;1;;;;4;5;1;0;2069;1199;;373;361;;4002;;;;;;;;;;;;;;;;;;;;;;;;;
SMURSAMU;2013;430000117;430000018;1;1;0;0;0;;0;1;238;287;0;1;3;;;1279;156;;;;;1435;317;137;2;70;108;862;108;286;812;50;98996;98996;;51704;24694;27010;168;168;;280;1;1;0;;0
SMURSAMU;2013;430000190;430000034;1;1;0;0;0;;0;0;168;168;0;0;1;0;0;285;154;4;0;0;0;439;45;34;0;10;1;392;30;38;190;202;;;;;;;;;;;;;;;
SMURSAMU;2013;440000016;440000057;1;1;0;0;0;;0;0;336;336;336;;3;;;1262;157;;;;;1419;417;110;4;34;269;1226;138;226;1089;137;;;;;;;;;;;;;;;
SMURSAMU;2013;440000271;440000289;1;1;0;0;0;;0;1;407;504;504;3;6;;;2591;1932;564;171;500;0;5194;877;206;8;104;549;3571;280;294;2615;956;458845;401817;376100;187278;187278;97002;600;252;348;940;1;0;0;;
SMURSAMU;2013;440000503;440000313;1;1;0;0;0;;0;0;8760;;;0;1;0;0;370;12;;0;0;0;382;124;57;;17;86;233;19;36;177;56;;;;;;;;;;;;;;;
SMURSAMU;2013;450000021;450000088;1;0;0;1;0;;0;0;50;220;50;;;;;5;90;88;0;3;0;98;0;0;0;0;0;5;5;0;5;0;;;;;;;;;;;;;;;
SMURSAMU;2013;450000047;450000096;1;1;0;0;0;;0;0;744;672;0;;2;;;750;;;;;;750;9;;;;;;;;;;;;;;;;;;;;;;;;
SMURSAMU;2013;450000062;450000104;1;1;0;0;0;450000104;0;0;168;168;168;;2;;;1074;7;0;;;;1081;543;121;7;53;362;877;49;173;816;61;;;;;;;;;;;;;;;
SMURSAMU;2013;450000070;450000112;1;1;0;0;0;;0;0;168;168;168;2;;;;637;15;;;;;652;349;67;5;28;220;562;63;138;244;318;;;;;;;;;;;;;;;
SMURSAMU;2013;450002613;450000088;1;1;0;0;0;;0;1;336;238;504;2;4;1;0;2945;439;0;282;483;0;4149;1518;283;27;324;907;1705;149;310;1468;237;244290;244290;232394;103502;103502;;384;336;48;465;1;0;13;1318;0
SMURSAMU;2013;460000045;460780083;1;1;0;0;0;460780083;0;0;35;35;35;0;1;0;0;212;26;26;0;0;0;238;127;29;;14;41;168;19;32;132;36;;;;;;;;;;;;;;;
SMURSAMU;2013;460000052;460780091;1;1;0;0;0;460780091;0;0;50;134;53;;2;;;311;22;;;;;333;147;40;0;42;65;231;19;44;133;98;;;;;;;;;;;;;;;
SMURSAMU;2013;460000102;460780208;1;1;0;0;0;;0;0;29;37;37;;1;;;234;;;;;;234;121;31;2;9;92;184;14;28;92;92;;;;;;;;;;;;;;;
SMURSAMU;2013;460000110;460780216;1;1;0;0;0;460780216;0;1;168;203;168;1;3;;;638;447;154;;;;1085;209;67;1;52;89;443;38;65;;;51014;51014;51014;32373;32373;0;168;168;;168;0;0;0;873;0
SMURSAMU;2013;470000423;470000316;1;1;0;0;0;;0;1;457;168;240;2;2;;;938;744;;;;;1682;210;115;5;26;59;728;63;229;391;337;156185;;;73158;;;168;;97;396;1;0;27;355;1
SMURSAMU;2013;470000431;470000324;1;1;0;0;0;;0;0;168;168;168;;1;;;785;42;;;;;827;194;106;2;46;40;472;;;401;71;;;;;;;;;;;;;;;
SMURSAMU;2013;470000480;470001660;1;1;0;0;0;470001660;0;0;168;504;336;2;2;;;495;21;;;;;516;122;103;;19;;373;;;327;46;;;;;;;;;;;;;;;
SMURSAMU;2013;480000017;480780097;1;1;0;0;0;;0;1;168;168;168;3;2;1;;708;179;;28;61;;976;289;43;3;96;149;771;82;156;681;90;204250;181449;50000;55618;21908;0;168;168;0;252;0;1;37;59;0
SMURSAMU;2013;490000049;490000031;1;1;0;0;0;490000031;0;1;336;206;206;3;3;0;0;2151;1087;184;0;0;0;3238;531;270;5;62;273;1620;182;272;1452;168;289866;226664;206666;122913;119489;54628;302;168;134;566;1;1;0;1290;0
SMURSAMU;2013;490000635;490000676;1;1;0;0;0;;0;0;168;168;0;;2;;;1026;38;;;;;1064;444;145;4;48;247;582;74;86;436;146;;;;;;;;;;;;;;;
SMURSAMU;2013;490001765;490528452;1;1;0;0;0;;0;0;168;168;168;1;2;;;659;28;;;;;687;278;129;3;51;95;499;39;97;318;181;;;;;;;;;;;;;;;
SMURSAMU;2013;500000021;500000054;1;1;0;0;0;;0;0;168;168;0;;2;;;431;17;;6;;;454;131;59;;10;62;306;35;100;271;35;;;;;;;;;;;;;;;
SMURSAMU;2013;500000187;500000013;1;1;0;0;0;500000187;0;0;168;168;168;;2;;;747;403;;16;3;;1169;222;113;9;16;84;601;58;148;552;49;;;;;;;;;;;;;;;
SMURSAMU;2013;500000260;500000054;1;1;0;0;0;500000054;0;0;168;168;36;2;1;;;364;659;;24;47;3;1097;141;78;3;9;46;220;11;62;142;78;;;;;;;;;;;;;;;
SMURSAMU;2013;500000427;500000096;1;1;0;0;0;;0;0;1582;1582;0;0;1;0;0;229;26;;;;;255;71;40;0;5;26;158;17;55;43;115;;;;;;;;;;;;;;;
SMURSAMU;2013;500000450;500000112;1;1;0;0;0;500000112;0;1;336;168;0;6;0;0;0;650;129;;10;4;0;793;266;120;17;9;89;381;20;129;263;118;97369;97369;;74201;74201;15221;173;168;52;454;1;0;54;1384;0
SMURSAMU;2013;500000468;500000013;1;1;0;0;1;500000187;0;0;168;168;;;2;;;533;42;;8;0;;583;218;98;3;22;95;405;41;134;361;44;;;;;;;;;;;;;;;
SMURSAMU;2013;500000591;500000393;1;1;0;0;0;500000393;0;0;168;168;0;;;;;517;28;;21;0;0;566;241;94;12;14;95;392;;;130;262;;;;;;;;;;;;;;;
SMURSAMU;2013;510000169;510000037;1;1;0;0;0;510000037;0;0;168;0;255;3;0;0;0;841;150;72;0;0;0;991;252;105;40;29;78;713;56;150;680;33;;;;;;;;;;;;;;;
SMURSAMU;2013;510000235;510000060;1;1;0;0;0;;0;0;168;168;168;1;1;;;678;17;;;;;695;57;;;;;;;;;;;;;;;;;;;;;;;;
SMURSAMU;2013;510000250;510000078;1;1;0;0;0;;0;0;168;168;0;;1;;;466;13;0;0;0;0;479;105;58;3;44;1;361;28;100;333;28;;;;;;;;;;;;;;;
SMURSAMU;2013;510004302;510000029;1;1;0;1;0;;0;1;504;504;420;3;2;0;0;1836;1092;0;46;262;0;3236;513;225;13;120;155;1522;37;311;1236;286;227973;200492;194209;92600;79873;24182;296;168;128;444;1;0;0;1834;0
SMURSAMU;2013;510023914;510000037;1;1;0;0;1;510000037;0;0;168;0;0;2;0;0;0;152;32;1;0;0;0;184;42;13;18;0;11;124;8;32;48;76;;;;;;;;;;;;;;;
SMURSAMU;2013;510023922;100006279;1;0;0;0;1;100006279;0;0;168;168;0;;1;;;375;30;;;;;405;217;44;4;28;144;171;27;107;14;157;;;;;;;;;;;;;;;
SMURSAMU;2013;520000027;520780032;1;1;0;0;0;520780032;0;1;44;262;238;;;;;;;;;;;;;;;;;;;;;;;;;;;;44;44;0;168;;;;1422;
SMURSAMU;2013;520000043;520780057;1;1;0;0;0;520780057;0;0;168;168;0;0;1;0;0;656;5;0;0;0;0;661;391;62;6;64;241;265;18;77;232;33;;;;;;;;;;;;;;;
SMURSAMU;2013;520000068;520780073;1;1;0;0;0;;0;0;168;168;168;;2;;;860;83;83;;;;943;423;96;7;61;259;437;42;91;380;57;;;;;;;;;;;;;;;
SMURSAMU;2013;530000017;530000025;1;1;0;0;0;;0;0;168;168;0;;1;;;612;26;;0;;;638;244;78;3;19;144;362;;;176;186;;;;;;;;;;;;;;;
SMURSAMU;2013;530000173;530000074;1;1;0;0;0;;0;0;168;;;0;0;0;0;617;22;;0;0;0;639;135;69;0;14;135;556;;;384;172;;;;;;;;;;;;;;;
SMURSAMU;2013;530000264;530000371;1;1;0;0;0;530000371;0;1;336;183;84;1;2;1;;1087;442;;1;33;;1563;571;143;7;85;336;583;53;124;553;30;117014;;;113778;66287;35377;169;;116;336;1;1;0;220;0
SMURSAMU;2013;540000015;540023264;1;0;0;1;1;;0;0;0;5;0;;;;;2;589;198;0;4;;595;;;;;;2;2;0;2;0;;;;;;;;;;;;;;;
SMURSAMU;2013;540000023;540000049;1;1;0;0;0;;0;0;168;168;0;0;1;0;0;509;26;;;;;535;;52;0;8;29;501;30;73;233;268;;;;;;;;;;;;;;;
SMURSAMU;2013;540000155;540000080;1;1;0;0;0;;0;0;168;168;168;0;1;0;0;608;44;;;;;652;118;65;;18;35;490;36;138;330;160;;;;;;;;;;;;;;;
SMURSAMU;2013;540000296;540000106;1;1;0;0;0;;0;0;;129;;1;;;;436;;;;;;436;;;;;;;;;;;;;;;;;;;;;;;;;
SMURSAMU;2013;540001070;540000767;1;1;0;0;0;;0;0;372;123;;2;;;;508;55;;12;3;;578;100;68;8;24;;406;23;102;260;146;;;;;;;;;;;;;;;
SMURSAMU;2013;540001096;570010181;1;1;0;0;0;;0;0;168;168;168;;;;;790;128;;;6;;924;103;95;;42;103;635;;;413;222;;;;;;;;;;;;;;;
SMURSAMU;2013;540001138;540002078;1;1;0;0;0;;0;1;441;565;533;1;3;1;;2717;2322;1274;141;375;0;5555;356;241;17;93;294;2799;98;528;2255;544;297642;236851;226760;135780;111109;24671;336;336;316;533;1;1;0;4942;0
SMURSAMU;2013;540002698;540002078;1;0;0;1;0;;0;0;0;0;0;;;;;0;90;;0;18;;108;0;0;;;;;;;;;;;;;;;;;;;;;;;
SMURSAMU;2013;550000012;550000020;1;1;0;0;0;;0;1;168;168;168;;2;;;839;98;54;12;28;;977;159;72;23;24;40;730;;;675;55;76316;76316;;36349;36349;6579;;168;20;336;1;1;26;2054;0
SMURSAMU;2013;550000434;550003354;1;1;0;0;0;;0;0;168;168;168;0;2;0;0;489;164;0;;;;653;81;36;12;7;26;408;31;98;321;87;;;;;;;;;;;;;;;
SMURSAMU;2013;560000127;560023210;1;1;0;0;0;560023210;0;1;336;252;336;2;2;0;0;1208;732;340;130;15;0;2085;566;170;4;37;293;712;;;675;37;303083;263234;226723;121436;107400;34159;241;168;73;551;1;1;0;1551;0
SMURSAMU;2013;560000135;560005746;1;1;0;0;0;560005746;0;0;168;168;168;2;;;;940;226;176;58;6;1;1231;144;133;2;9;;628;45;87;598;30;;;;;;;;;;;;;;;
SMURSAMU;2013;560000143;560014748;1;1;0;0;0;;0;0;252;252;252;1;2;0;0;736;75;0;9;10;0;830;116;91;4;8;13;633;;;507;126;;;;;;;;;;;;;;;
SMURSAMU;2013;560000192;560000044;1;1;0;0;0;;0;0;168;168;168;;1;;;388;15;;8;;;411;70;57;2;10;1;326;35;78;236;90;;;;;;;;;;;;;;;
SMURSAMU;2013;560000200;560023210;1;1;0;0;0;560023210;0;0;168;168;168;0;1;0;0;835;14;0;0;0;0;849;453;107;0;53;272;428;;;394;34;;;;;;;;;;;;;;;
SMURSAMU;2013;570000059;570025254;1;1;0;0;0;570025254;0;0;336;336;336;2;;;;1295;415;;;;;1710;473;193;14;71;195;785;;;401;384;;;;;;;;;;;;;;;
SMURSAMU;2013;570000117;570015099;1;1;0;0;0;;0;0;168;168;168;1;1;;;446;167;;;;;613;96;79;0;18;;350;21;63;259;91;;;;;;;;;;;;;;;
SMURSAMU;2013;570000349;570005165;1;1;0;0;0;570005165;0;0;336;336;336;;;;;1746;1039;;;;;2785;621;292;;142;187;1125;;;871;254;;;;;;;;;;;;;;;
SMURSAMU;2013;570000661;570000158;1;0;0;0;1;570000158;0;0;168;175;168;1;1;;;254;42;;;;;296;40;32;2;5;1;212;11;42;171;41;;;;;;;;;;;;;;;
SMURSAMU;2013;570000901;570000158;1;1;0;0;0;;0;0;168;175;175;;;;;548;116;;;;;664;107;77;1;28;1;441;32;96;370;71;;;;;;;;;;;;;;;
SMURSAMU;2013;570026682;570005165;1;1;0;0;0;570005165;0;1;336;357;336;;;;;2038;362;;;;;2400;359;232;;127;;1679;;;1173;506;754431;444377;;234053;192769;41284;554;276;110;950;1;1;0;11108;0
SMURSAMU;2013;580972669;580780070;1;1;0;0;0;;0;0;168;168;168;;1;;;450;13;;;;;463;231;63;3;29;108;243;13;51;138;105;;;;;;;;;;;;;;;
SMURSAMU;2013;580972677;580780088;1;1;0;0;0;580780088;0;0;168;420;0;;1;;;616;20;20;0;3;6;645;;103;3;80;0;449;48;147;288;161;;;;;;;;;;;;;;;
SMURSAMU;2013;580972685;580780096;1;1;0;0;0;;0;0;168;;;;;;;480;2;;;;;482;;63;3;28;124;354;18;128;273;81;;;;;;;;;;;;;;;
SMURSAMU;2013;580972693;580780039;1;1;0;0;0;;0;1;336;168;252;2;2;;;1566;640;;1;0;;2207;356;210;10;130;;1247;149;495;1195;52;80254;68610;65478;53028;38542;11784;168;;48;252;1;0;4;1390;0
SMURSAMU;2013;590000337;590781415;1;1;0;0;0;;0;0;52;38;38;;3;;;2854;152;;;;;3006;1172;241;30;191;710;1727;;;1601;126;;;;;;;;;;;;;;;
SMURSAMU;2013;590000428;590781605;1;1;0;0;0;590781605;0;0;168;168;168;;;;;1750;67;;;;;1817;1014;147;13;109;745;993;;;662;331;;;;;;;;;;;;;;;
SMURSAMU;2013;590000469;590781662;1;0;0;0;1;;0;0;168;168;168;0;1;0;0;640;15;14;;;;655;228;63;1;32;132;560;33;143;454;106;;;;;;;;;;;;;;;
SMURSAMU;2013;590000535;590781803;1;1;0;0;0;590781803;0;0;;;;1;2;;;2271;338;;;;;2609;581;141;308;20;112;1690;141;689;1366;324;;;;;;;;;;;;;;;
SMURSAMU;2013;590000618;590782215;1;1;0;0;0;;0;0;336;336;336;1;3;0;0;4488;834;;;;;5322;956;376;15;;;3616;;;2721;895;;;;;;;;;;;;;;;
SMURSAMU;2013;590000758;590782637;1;1;0;0;0;;0;0;168;168;168;0;2;0;0;1696;54;0;0;0;0;1750;540;109;10;44;365;1168;;;550;618;;;;;;;;;;;;;;;
SMURSAMU;2013;590001004;590783239;1;1;0;0;0;;0;0;168;;;2;;;;2326;84;;;;;2410;;214;13;5;490;1572;;;1290;282;;;;;;;;;;;;;;;
SMURSAMU;2013;590796975;590780193;1;0;0;1;0;;0;1;837;804;;8;8;1;0;7247;4858;;75;479;;12659;3395;646;123;421;2205;;845;1487;;;981811;926593;;376375;;;;573;198;1116;1;1;;5529;0
SMURSAMU;2013;590801106;590782421;1;1;0;0;0;;0;0;168;52;0;;;;;2458;109;;;;;2567;852;151;11;164;380;1714;204;436;1218;496;;;;;;;;;;;;;;;
SMURSAMU;2013;590804696;590781902;1;1;0;0;0;590781902;0;0;168;168;168;;2;;;2158;49;;;;;2207;1013;127;21;132;1013;1145;60;271;569;576;;;;;;;;;;;;;;;
SMURSAMU;2013;600000053;600101984;1;1;0;0;0;600101984;0;0;168;168;168;1;1;0;0;1195;252;;4;1;;1452;485;113;17;69;286;950;;;362;588;;;;;;;;;;;;;;;
SMURSAMU;2013;600000186;600100648;1;1;0;0;0;;0;0;168;168;168;1;1;0;0;957;133;0;3;1;0;1094;326;86;8;71;129;761;82;204;239;522;;;;;;;;;;;;;;;
SMURSAMU;2013;600000194;600100713;1;1;0;0;0;;0;1;602;432;420;4;2;0;0;2381;526;173;0;0;0;2907;562;234;24;85;219;2008;110;346;1615;393;377309;368559;357782;159654;135239;22100;416;336;80;672;1;0;14;12929;1
SMURSAMU;2013;600000285;600100721;1;1;0;0;0;;0;0;35;35;35;1;1;;;762;100;;;;;862;191;79;10;41;61;408;;;408;;;;;;;;;;;;;;;;
SMURSAMU;2013;600000467;600101984;1;1;0;0;0;600101984;0;0;168;175;168;2;1;0;0;1364;211;;;40;;1615;535;142;88;;305;1386;;;1217;169;;;;;;;;;;;;;;;
SMURSAMU;2013;600113476;600100721;1;1;0;0;0;600100721;0;0;353;315;0;3;2;;;1749;408;;;;;2157;796;102;8;123;563;861;;;775;86;;;;;;;;;;;;;;;
SMURSAMU;2013;610000044;610780074;1;1;0;0;0;;0;0;168;84;120;1;2;;;728;;;;;;728;328;77;4;53;183;397;19;112;344;53;;;;;;;;;;;;;;;
SMURSAMU;2013;610000051;610780082;1;1;0;0;0;610780082;0;1;336;168;336;2;3;1;0;1197;707;0;49;402;0;2355;307;128;7;92;112;952;86;250;853;99;305614;305614;;66589;66589;22371;275;168;107;468;1;0;13;1079;0
SMURSAMU;2013;610000069;610780090;1;1;0;0;0;610780090;0;0;168;168;168;3;2;;;713;135;;;11;;859;142;76;21;41;4;571;;;542;29;;;;;;;;;;;;;;;
SMURSAMU;2013;610000077;610780124;1;1;0;0;0;610000077;0;0;168;168;168;;1;;;451;1;;;;;452;166;26;5;10;125;260;14;73;223;37;;;;;;;;;;;;;;;
SMURSAMU;2013;610000119;610780165;1;1;0;0;1;610780165;0;0;168;168;168;1;0;;;684;;;;;;684;128;80;;;;;;;;;;;;;;;;;;;;;;;
SMURSAMU;2013;610780108;610790594;1;1;0;0;1;610790594;0;0;168;168;168;;2;;;302;6;0;3;1;0;312;127;30;0;11;86;264;24;91;31;233;;;;;;;;;;;;;;;
SMURSAMU;2013;610780116;610790594;1;1;0;0;0;;0;0;133;105;168;1;;;;378;24;0;3;6;0;411;104;49;0;11;44;321;15;90;202;119;;;;;;;;;;;;;;;
SMURSAMU;2013;620000034;620100057;1;1;0;0;0;;0;1;504;504;504;4;4;;;3662;3329;684;94;522;;7607;2134;341;49;957;787;2348;205;424;1457;891;768065;707000;;299948;180392;0;454;240;214;1134;0;1;0;4954;0
SMURSAMU;2013;620000224;620100651;1;1;0;0;0;;0;0;103;238;238;1;3;;;2564;64;;;;;2628;1042;1;15;476;550;2064;170;462;1385;679;;;;;;;;;;;;;;;
SMURSAMU;2013;620000257;620100685;1;1;0;0;0;;0;0;;563;361;2;3;0;0;3775;114;16;;;;3889;1087;387;20;567;1087;2002;;;1125;877;;;;;;;;;;;;;;;
SMURSAMU;2013;620000323;620101337;1;1;0;0;0;;0;0;;;0;;2;;;1525;306;;;;;1831;337;116;25;18;178;1188;140;278;1070;118;;;;;;;;;;;;;;;
SMURSAMU;2013;620000349;620101360;1;1;0;0;0;;0;0;420;756;;;;;;1330;15;;;;;1345;;;;;;;;;;;;;;;;;;;;;;;;;
SMURSAMU;2013;620000653;620103440;1;1;0;0;0;620000653;0;0;168;168;0;;2;;;1432;0;1;;;;1432;320;144;14;107;33;1148;;;969;179;;;;;;;;;;;;;;;
SMURSAMU;2013;620003202;620103432;1;1;0;0;0;;0;0;168;168;168;0;1;0;0;1231;72;0;0;0;0;1303;220;122;8;72;18;1099;121;343;887;212;;;;;;;;;;;;;;;
SMURSAMU;2013;630000404;630780989;1;1;0;0;0;630780989;0;1;411;336;540;3;2;0;0;4397;2421;73;187;127;;7132;750;237;2;363;148;5394;834;1051;4593;801;370000;;;116734;116726;45797;416;168;247;540;1;0;0;873;1
SMURSAMU;2013;630000412;630780997;1;1;0;0;0;;0;0;168;40;168;0;1;0;0;346;14;0;0;0;0;360;97;31;0;22;40;254;9;60;122;132;;;;;;;;;;;;;;;
SMURSAMU;2013;630000420;630781003;1;1;0;0;0;;0;0;336;331;168;0;1;0;0;754;32;19;0;0;0;786;427;62;88;;;540;;;327;213;;;;;;;;;;;;;;;
SMURSAMU;2013;630000438;630781011;1;1;0;0;0;;0;0;168;168;168;0;1;0;0;1906;42;0;4;0;0;1952;374;103;1;183;56;984;121;182;497;487;;;;;;;;;;;;;;;
SMURSAMU;2013;630000446;630781029;1;1;0;0;0;630781029;0;0;168;168;168;0;1;0;0;744;32;3;0;0;0;776;227;75;2;89;61;617;;;392;225;;;;;;;;;;;;;;;
SMURSAMU;2013;640000162;640780417;1;1;0;0;0;640780417;0;1;252;252;168;2;3;1;0;2253;747;23;196;327;3;3526;900;251;12;357;280;2906;312;648;1900;1006;192178;192178;;76700;67373;23443;236;168;68;392;1;0;0;193;0
SMURSAMU;2013;640000402;640780813;1;1;0;0;1;640780813;0;0;168;168;168;;1;;;455;25;0;0;0;0;480;144;54;5;30;55;317;18;138;177;140;;;;;;;;;;;;;;;
SMURSAMU;2013;640000410;640780821;1;1;0;0;0;;0;0;109;195;168;2;0;0;0;390;1;;51;5;0;447;116;40;0;18;53;378;34;97;242;136;;;;;;;;;;;;;;;
SMURSAMU;2013;640000600;640781290;1;1;0;0;0;;0;1;336;336;588;2;3;0;0;2802;497;0;210;193;0;3702;969;304;10;259;396;2132;238;674;1800;332;501866;474813;;104862;59771;32507;168;168;48;444;1;0;0;434;0
SMURSAMU;2013;650000045;650780158;1;1;0;0;0;;0;0;168;168;0;;;;;459;7;;;;;466;;;;;;;;;;;;;;;;;;;;;;;;;
SMURSAMU;2013;650000417;650783160;1;1;0;0;0;;0;1;406;168;672;3;3;;;2121;822;;445;12;;3400;825;212;8;136;351;1695;119;382;1205;490;107744;83190;78819;50401;46734;6417;188;168;20;360;1;0;0;1094;0
SMURSAMU;2013;650784218;650780174;1;1;0;0;0;;0;0;168;504;0;;1;;;453;;;;;;453;153;46;;36;;282;11;68;198;84;;;;;;;;;;;;;;;
SMURSAMU;2013;660000084;660780180;1;1;0;0;0;;0;0;672;440;336;1;7;1;0;3951;1399;0;686;326;0;6362;1456;455;175;487;384;3602;308;745;2633;969;;;;;;;;;;;;;;;
SMURSAMU;2013;660006990;340019363;1;1;0;0;1;660780180;0;0;168;0;168;0;1;0;0;368;41;;;;;409;179;18;3;54;98;189;29;50;109;77;;;;;;;;;;;;;;;
SMURSAMU;2013;660008947;660780180;0;1;0;0;0;;0;1;;;;;;;;;;;;;;;;;;;;;;;;;;;;;;;284;168;116;840;1;0;21;;1
SMURSAMU;2013;670000025;670780055;1;1;0;0;0;;0;1;784;667;667;4;5;0;0;8824;1338;;706;223;;11091;6022;598;70;1702;3652;4150;;;3784;366;;;;245697;150336;48278;336;336;132;756;1;1;0;6673;0
SMURSAMU;2013;670000157;670780337;1;1;0;0;0;670780337;0;0;168;168;168;1;1;;;1593;235;0;;;;1828;976;7;0;291;729;697;56;174;544;153;;;;;;;;;;;;;;;
SMURSAMU;2013;670000165;670780345;1;1;0;0;0;;0;0;168;168;168;1;1;;;1093;162;;;;;1255;370;88;7;81;194;723;;;514;209;;;;;;;;;;;;;;;
SMURSAMU;2013;670000272;670780543;1;1;0;0;0;;0;0;168;168;0;0;1;0;0;775;87;0;0;0;0;862;319;55;55;32;181;451;48;136;282;169;;;;;;;;;;;;;;;
SMURSAMU;2013;670000397;670780691;1;1;0;0;0;670780691;0;0;172;172;172;0;0;0;0;1198;208;0;0;0;0;1406;551;80;15;153;388;748;27;221;457;291;;;;;;;;;;;;;;;
SMURSAMU;2013;670783273;670780055;1;0;0;1;0;;0;0;113;96;;;;;;0;563;356;;21;;584;;;;;;;;;;;;;;;;;;;;;;;;;
SMURSAMU;2013;680000684;680000973;1;1;0;0;0;;0;0;336;336;;;;;;1914;1039;;;;;2953;675;182;;160;333;1613;;;1195;418;;;;;;;;;;;;;;;
SMURSAMU;2013;680004546;680000486;1;1;0;0;0;;0;1;396;504;0;;1;;;3470;812;;322;249;;4853;1811;453;33;202;1137;3135;260;635;1993;1142;277921;270211;263819;134054;119164;30759;272;208;64;588;1;0;0;2793;0
SMURSAMU;2013;690000575;690782222;1;1;0;0;0;;0;0;48;35;35;;;;;1452;24;;;;;1476;;148;39;;;1253;159;262;1058;195;;;;;;;;;;;;;;;
SMURSAMU;2013;690000625;690782271;1;1;0;0;0;690000625;0;0;34;67;0;;1;;;487;42;;;;;529;79;57;;22;;403;56;61;113;290;;;;;;;;;;;;;;;
SMURSAMU;2013;690783154;690781810;1;1;0;0;0;690781810;0;1;816;568;792;6;4;3;0;4804;2714;0;617;513;0;8648;2708;665;113;326;1604;2821;298;444;880;1941;444878;371789;337460;316433;261123;105338;681;336;345;1521;1;1;0;1042;0
SMURSAMU;2013;690784137;690781810;1;0;0;0;1;690781810;0;0;336;168;336;1;1;0;0;2913;1163;0;7;3;0;4086;1519;227;91;240;961;1405;139;265;468;937;;;;;;;;;;;;;;;
SMURSAMU;2013;690784152;690781810;1;0;0;0;1;690781810;0;0;84;84;84;0;1;0;0;1394;20;0;0;0;0;1414;733;185;49;51;448;664;76;137;149;515;;;;;;;;;;;;;;;
SMURSAMU;2013;700000011;700780026;1;1;0;0;0;;0;0;168;168;168;;1;;;536;163;0;5;1;;705;155;50;4;30;64;474;;;338;136;;;;;;;;;;;;;;;
SMURSAMU;2013;700000029;700004591;1;1;0;0;0;;0;0;252;168;84;1;2;;;1107;164;;11;;;1282;590;82;14;33;461;797;68;213;714;83;;;;;;;;;;;;;;;
SMURSAMU;2013;700780059;700004591;1;1;0;0;0;;0;0;70;70;0;;1;;;385;57;;21;;;463;52;34;6;12;73;278;21;87;55;223;;;;;;;;;;;;;;;
SMURSAMU;2013;700780208;700004591;1;1;0;0;0;700004591;0;0;168;168;0;;1;;;809;88;;16;;;913;123;69;12;42;218;522;61;144;63;459;;;;;;;;;;;;;;;
SMURSAMU;2013;710010067;710780644;1;1;0;0;0;710010067;0;0;168;168;243;;2;;;645;29;;;;;674;323;83;40;;173;426;;;371;55;;;;;;;;;;;;;;;
SMURSAMU;2013;710010786;710781451;1;1;0;0;0;;0;0;245;490;0;;1;;;448;;;;;;448;;;;;;;;;;;;;;;;;;;;;;;;;
SMURSAMU;2013;710978263;710780958;1;1;0;0;0;;0;1;376;376;376;3;3;0;0;1874;956;103;3;8;0;2841;;;;;;;;;;;218432;182508;179042;131681;96791;39300;289;181;108;552;1;0;21;1150;0
SMURSAMU;2013;710978289;710780263;1;1;0;0;0;;0;0;23;221;180;0;2;0;0;1455;49;;;;;1504;488;146;3;187;;1083;;;1068;15;;;;;;;;;;;;;;;
SMURSAMU;2013;710978313;710976705;1;1;0;0;0;;0;0;168;168;168;1;;;;549;12;;;;;561;81;69;81;;;468;32;147;385;83;;;;;;;;;;;;;;;
SMURSAMU;2013;710978347;710781204;1;1;0;0;0;;0;0;168;168;0;;1;;;581;24;;;;;605;284;55;1;49;181;470;27;144;420;50;;;;;;;;;;;;;;;
SMURSAMU;2013;720000033;720000025;1;1;0;0;0;720000025;0;1;336;336;336;3;2;;;2077;762;;;4;;2843;1129;396;27;69;637;948;;;758;190;294308;230948;;91170;69739;21431;168;168;56;434;1;0;18;684;0
SMURSAMU;2013;720000470;610780082;1;1;0;0;0;;0;0;168;168;504;;1;;;302;;;;;;302;101;59;3;8;39;202;10;56;99;103;;;;;;;;;;;;;;;
SMURSAMU;2013;720016179;720016724;1;1;0;0;0;;0;0;168;168;0;0;2;0;0;466;156;;;;;622;175;78;21;13;89;339;41;54;191;148;;;;;;;;;;;;;;;
SMURSAMU;2013;730000031;730000015;1;1;0;0;0;;0;1;336;336;336;3;3;0;0;1801;866;412;5;8;0;2680;312;113;1;143;55;1095;;;1009;86;165027;154253;142758;102247;90573;30135;290;177;113;300;1;0;42;888;0
SMURSAMU;2013;730000049;730002839;1;1;0;0;0;;0;0;168;203;0;;1;0;;334;10;;678;31;;1053;119;73;8;18;20;903;163;39;337;566;;;;;;;;;;;;;;;
SMURSAMU;2013;730000080;730780103;1;1;0;0;0;;0;0;672;504;0;;;;;403;6;0;474;24;0;907;;60;0;39;0;755;135;91;484;271;;;;;;;;;;;;;;;
SMURSAMU;2013;730000247;730780525;1;1;0;0;0;;0;0;168;168;0;;;;;174;5;;;;;179;27;21;0;3;3;156;18;14;133;23;;;;;;;;;;;;;;;
SMURSAMU;2013;730000262;730002839;1;1;0;0;0;;0;0;168;168;0;;1;;;481;5;;;;;486;162;90;5;41;26;320;24;64;267;53;;;;;;;;;;;;;;;
SMURSAMU;2013;730010477;730780103;1;0;0;0;1;;0;0;336;0;0;;;;;128;;;474;24;;626;;34;;16;;529;108;36;286;243;;;;;;;;;;;;;;;
SMURSAMU;2013;730010485;730000015;1;0;0;0;1;;0;0;;;;;;;;898;267;0;1;1;;1167;250;89;2;89;70;623;;;93;530;;;;;;;;;;;;;;;
SMURSAMU;2013;740000237;740781133;1;1;0;0;0;740781133;0;1;336;245;175;2;2;0;0;2827;459;5;224;43;0;3553;1070;265;1;506;298;1981;195;302;1862;119;286044;286044;286044;155644;155644;0;369;228;141;708;1;0;21;1444;1
SMURSAMU;2013;740000302;740781216;1;1;0;0;0;740781133;0;0;168;80;140;0;2;0;0;962;37;56;0;0;0;999;1008;106;6;68;324;458;;;213;245;;;;;;;;;;;;;;;
SMURSAMU;2013;740000328;740790381;1;1;0;0;0;;0;0;168;168;0;0;3;0;0;1209;40;;;;;1249;457;164;31;90;172;752;33;120;632;120;;;;;;;;;;;;;;;
SMURSAMU;2013;740781141;740790258;1;1;0;0;0;740790258;0;0;252;252;252;2;2;;;1753;227;;15;;;1995;804;169;;180;455;822;88;115;624;198;;;;;;;;;;;;;;;
SMURSAMU;2013;740781166;740001839;1;0;0;0;1;740001839;0;0;252;84;0;;1;;;191;5;;449;29;;674;65;36;;29;;575;;;495;80;;;;;;;;;;;;;;;
SMURSAMU;2013;740781224;740001839;1;1;0;0;0;;0;0;168;168;0;;;;;842;140;14;;;;982;173;98;75;;;669;;;481;188;;;;;;;;;;;;;;;
SMURSAMU;2013;750100018;750712184;1;1;0;0;1;750100208;0;0;168;168;168;1;;;;1608;216;;;;;1824;823;106;19;93;604;750;12;129;690;60;;;;;;;;;;;;;;;
SMURSAMU;2013;750100042;750712184;1;1;0;0;1;;0;0;168;420;168;1;;;;2203;90;;;;0;2293;1176;176;392;76;716;1484;100;484;828;656;;;;;;;;;;;;;;;
SMURSAMU;2013;750100125;750712184;1;1;0;0;0;;0;0;403;252;423;2;;;;2947;255;;;;;3202;2151;181;971;999;;1795;;;1657;138;;;;;;;;;;;;;;;
SMURSAMU;2013;750100208;750712184;1;1;0;1;0;750100208;0;1;712;762;762;6;4;0;0;5745;2887;626;5;42;0;8679;2989;;;;;2580;;;284;2296;817455;393413;253300;304380;153773;23540;600;554;46;910;1;0;0;94;0
SMURSAMU;2013;750803454;750712184;1;0;0;1;0;;0;0;245;171;176;2;0;0;0;495;811;0;0;4;0;1310;113;5;0;41;67;382;382;0;219;163;;;;;;;;;;;;;;;
SMURSAMU;2013;760000018;760780023;1;1;0;0;0;;0;0;168;177;175;1;;;;893;21;;2;2;;918;311;106;5;32;145;388;28;64;294;94;;;;;;;;;;;;;;;
SMURSAMU;2013;760000158;760780239;1;1;0;0;0;760780239;0;1;505;588;1008;4;4;0;0;3922;1788;0;33;42;0;5785;751;550;18;123;60;4999;817;2523;3456;1543;333658;330235;323649;164563;151069;60428;431;330;111;753;1;1;0;2527;0
SMURSAMU;2013;760000364;760780734;1;1;0;0;0;;0;0;40;175;171;;;;;982;;;;;;982;;78;91;;;;;;;;;;;;;;;;;;;;;;
SMURSAMU;2013;760000372;760780742;1;1;0;0;0;760780742;0;0;168;168;70;0;0;0;0;873;0;0;0;0;0;873;364;85;3;78;198;561;;;175;386;;;;;;;;;;;;;;;
SMURSAMU;2013;760000463;760024042;1;1;0;0;0;;0;0;4992;228;228;0;2;0;0;1178;125;0;0;0;0;1303;202;112;9;81;0;976;145;217;728;248;;;;;;;;;;;;;;;
SMURSAMU;2013;760026252;760780023;1;0;0;0;1;760780023;0;0;;;;1;;;;504;16;;0;0;;520;188;60;5;23;100;207;13;33;74;133;;;;;;;;;;;;;;;
SMURSAMU;2013;760805770;760780726;1;1;0;0;0;760780726;0;1;504;504;336;4;3;3;1;4571;991;;73;210;12;5857;1054;294;27;838;;2897;96;597;2329;568;264590;214752;195331;113178;113178;29132;225;168;57;336;1;1;0;343;0
SMURSAMU;2013;770000131;770110013;1;1;0;0;0;;0;0;168;168;168;;2;;;1043;;;;;;1043;;107;7;65;230;274;;;;274;;;;;;;;;;;;;;;
SMURSAMU;2013;770000149;770110021;1;1;0;0;0;770110021;0;0;168;168;;0;2;0;0;968;10;0;5;0;0;983;451;84;12;69;286;532;;;274;258;;;;;;;;;;;;;;;
SMURSAMU;2013;770000156;770110054;1;1;0;0;0;770110054;0;1;566;420;430;3;6;0;0;3662;1281;0;37;87;0;5067;1857;231;5;229;1102;1805;150;272;1078;727;332250;258006;205810;185914;175452;36503;;336;144;994;1;0;0;6480;0
SMURSAMU;2013;770000164;770110062;1;1;0;0;0;;0;0;;;;2;0;0;0;776;;;;;;776;;;;;;;;;;;;;;;;;;;;;;;;;
SMURSAMU;2013;770000172;770110070;1;1;0;0;0;;0;0;336;336;336;3;1;;;1008;280;;1;21;;1310;482;99;7;80;296;472;24;105;314;158;;;;;;;;;;;;;;;
SMURSAMU;2013;770000214;770130052;1;1;0;0;0;;0;0;1987;168;0;;1;;;724;;;;;;724;352;77;5;63;207;588;39;201;156;432;;;;;;;;;;;;;;;
SMURSAMU;2013;770000446;770700185;1;1;0;0;0;;0;0;336;720;299;2;3;0;0;2371;556;;;;;2927;1313;185;30;129;1277;;;;;;;;;;;;;;;;;;;;
SMURSAMU;2013;770019032;770170017;1;1;0;0;0;;0;0;387;387;387;3;4;0;0;3579;421;0;21;;;4021;1557;101;27;256;1173;1731;184;299;1167;564;;;;;;;;;;;;;;;
SMURSAMU;2013;780000287;780110011;1;1;0;0;1;;0;0;0;720;0;1;1;0;0;1387;;;;;;1387;;144;0;81;218;1136;0;0;685;451;;;;;;;;;;;;;;;
SMURSAMU;2013;780000311;780001236;1;1;0;0;0;780001236;0;0;336;252;336;2;2;0;0;2287;775;;;;;3062;862;185;;138;539;1964;;;1216;748;;;;;;;;;;;;;;;
SMURSAMU;2013;780000329;780110052;1;1;0;0;0;;0;0;168;168;0;0;0;0;0;829;1;0;0;4;0;834;180;71;3;31;75;644;21;47;381;263;;;;;;;;;;;;;;;
SMURSAMU;2013;780000337;780001236;1;1;0;0;0;;0;0;170;170;170;0;1;0;0;1562;2;;;;;1564;764;175;;126;463;1261;;;702;559;;;;;;;;;;;;;;;
SMURSAMU;2013;780800256;780110078;1;1;0;0;0;;0;1;742;417;732;4;5;0;0;4623;1088;0;9;7;0;5727;1930;351;17;621;966;2677;273;558;1530;1147;627654;580991;561658;197175;197175;0;757;;0;1109;0;0;0;874;0
SMURSAMU;2013;790000087;790000012;1;1;0;0;0;;0;1;336;252;420;3;2;0;0;2526;1319;;61;360;;4266;609;307;91;248;6;2090;240;415;1839;251;154803;144671;108260;115286;84244;28688;270;168;108;442;1;0;0;448;0
SMURSAMU;2013;790000095;790006654;1;1;0;0;0;790000012;0;0;168;168;168;0;1;0;0;535;141;0;0;0;0;676;287;97;10;51;129;378;62;70;252;126;;;;;;;;;;;;;;;
SMURSAMU;2013;790000103;790006654;1;1;0;0;0;790000012;0;0;168;168;168;0;1;0;0;439;130;0;0;0;0;569;152;60;9;18;65;352;39;92;188;164;;;;;;;;;;;;;;;
SMURSAMU;2013;790003537;790006654;1;1;0;0;0;790000012;0;0;168;168;168;0;1;0;0;519;63;0;0;0;0;582;254;100;5;54;95;361;48;93;265;96;;;;;;;;;;;;;;;
SMURSAMU;2013;800000143;800000028;1;1;0;0;0;800000028;0;0;336;336;336;2;3;0;0;1872;111;12;0;0;0;1983;775;158;16;164;381;1150;195;405;995;155;;;;;;;;;;;;;;;
SMURSAMU;2013;800000192;800000044;1;1;0;1;0;800000044;0;1;290;708;450;4;3;2;;3577;2531;1221;207;409;0;6724;630;266;64;178;242;3154;408;540;2660;494;448752;296793;286734;101242;97188;24295;185;185;100;600;1;0;64;3303;
SMURSAMU;2013;800000226;800000069;1;1;0;0;0;;0;0;168;168;168;1;1;0;0;633;2;0;0;0;0;635;304;59;2;38;205;316;34;74;72;244;;;;;;;;;;;;;;;
SMURSAMU;2013;800000390;800000085;1;1;0;0;0;;0;0;168;168;168;1;1;;;957;0;0;0;0;0;957;473;80;11;37;345;440;74;131;118;322;;;;;;;;;;;;;;;
SMURSAMU;2013;800000432;800000093;1;1;0;0;0;;0;0;168;175;175;1;1;;;843;;;;;;843;354;68;7;76;203;721;73;99;379;342;;;;;;;;;;;;;;;
SMURSAMU;2013;810000505;810000331;1;1;0;0;0;810000331;0;1;202;84;168;1;2;;;1998;546;;;;;2544;387;197;8;162;674;1018;34;248;478;540;141887;139163;130940;57252;51776;18318;180;;79;360;1;0;0;4348;0
SMURSAMU;2013;810000521;810000380;1;1;0;0;0;;0;0;654;336;336;1;3;0;0;1468;391;20;0;0;0;1859;453;106;8;68;249;1015;106;377;800;215;;;;;;;;;;;;;;;
SMURSAMU;2013;810000562;810000455;1;1;0;0;0;;0;0;168;168;0;;1;;;528;0;0;0;0;0;528;289;46;1;38;204;438;33;95;212;226;;;;;;;;;;;;;;;
SMURSAMU;2013;820000032;820000016;1;1;0;0;0;820000016;0;1;504;84;252;1;3;0;0;1246;378;0;0;0;0;1624;464;160;3;56;255;788;56;138;402;386;130038;106068;104013;51526;40990;0;168;168;0;336;1;1;0;2189;0
SMURSAMU;2013;820000883;820004950;1;1;0;0;0;;0;0;168;236;88;;2;;;455;33;0;0;0;0;488;201;70;3;27;114;256;20;48;64;192;;;;;;;;;;;;;;;
SMURSAMU;2013;830000279;830100517;1;1;0;1;0;;0;0;168;84;168;0;1;0;0;1314;0;;;;;1314;456;132;13;57;254;721;11;251;552;169;;;;;;;;;;;;;;;
SMURSAMU;2013;830000287;830100525;1;1;0;0;0;830000287;0;0;218;0;168;;2;;;898;554;;;;;1452;322;111;4;38;169;591;46;130;485;106;;;;;;;;;;;;;;;
SMURSAMU;2013;830000295;830100533;1;1;0;0;0;;0;0;168;168;168;;16;;;1272;55;;;;;1327;427;111;59;;257;481;68;373;;481;;;;;;;;;;;;;;;
SMURSAMU;2013;830000311;830100566;1;1;0;0;0;830100566;0;0;168;168;168;0;2;0;0;1311;0;0;0;0;0;1311;286;134;5;117;112;913;;;844;69;;;;;;;;;;;;;;;
SMURSAMU;2013;830000337;830100590;1;1;0;0;0;;0;0;168;168;0;0;2;0;0;729;0;0;0;0;0;729;186;84;3;51;20;563;21;22;398;165;;;;;;;;;;;;;;;
SMURSAMU;2013;830000345;830100616;1;1;0;1;0;830100616;0;1;724;486;504;6;6;;;3923;1815;;431;354;;6523;1678;348;40;220;1050;2899;;;1689;1210;308269;281258;235614;162738;36311;76456;;;;;1;0;0;2510;0
SMURSAMU;2013;840000343;840000012;1;1;0;0;1;840006597;0;0;264;364;0;1;1;;;398;;;;;;398;221;26;4;39;155;314;24;64;270;44;;;;;;;;;;;;;;;
SMURSAMU;2013;840000392;840000046;1;1;0;0;0;;0;0;168;168;168;0;2;0;0;1128;2;2;;;;1130;;;;;;;;;;;;;;;;;;;;;;;;;
SMURSAMU;2013;840000418;840004659;1;1;0;0;0;;0;0;168;168;168;1;2;;;1598;2;;;;;1600;;122;;233;;;;;;;;;;;;;;;;;;;;;
SMURSAMU;2013;840000483;840000087;1;1;0;0;1;840000087;0;0;168;168;168;1;2;;;1979;310;0;;;;2289;790;128;14;216;432;590;43;128;365;225;;;;;;;;;;;;;;;
SMURSAMU;2013;840000491;130041916;1;0;0;0;1;;0;0;15;133;0;;;;;834;6;0;0;0;;840;435;54;72;0;309;405;36;150;366;39;;;;;;;;;;;;;;;
SMURSAMU;2013;840000525;840000111;1;0;0;0;1;;0;0;0;168;0;;;;;0;;;;;;0;;;;;;;;;;;;;;;;;;;;;;;;;
SMURSAMU;2013;840001861;840006597;1;1;0;1;0;;0;1;672;252;420;4;3;1;;4203;1407;;24;173;;5807;;112;;1422;;;;;;;115089;115089;;67013;;;168;168;;504;;;;737;1
SMURSAMU;2013;850000142;850000019;1;1;0;0;0;;0;1;336;336;336;2;3;;;1611;831;40;63;38;;2543;604;147;6;76;375;1034;70;180;943;91;233064;216656;194851;170973;117279;55667;168;168;230;332;1;1;9;2428;0
SMURSAMU;2013;850000175;850009010;1;1;0;0;0;;0;0;168;168;168;0;2;0;0;1080;45;;2;0;0;1127;389;118;0;74;197;859;95;195;573;286;;;;;;;;;;;;;;;
SMURSAMU;2013;850000209;850000019;1;1;0;0;1;850000019;0;0;168;168;0;1;;;;456;30;;;;;486;124;65;1;22;36;372;40;96;218;154;;;;;;;;;;;;;;;
SMURSAMU;2013;850000225;850000019;1;1;0;0;1;850000019;0;0;168;168;0;1;;;;428;3;;;;;431;148;42;;19;87;286;31;61;213;73;;;;;;;;;;;;;;;
SMURSAMU;2013;850000241;850000084;1;1;0;0;0;;0;0;168;175;168;1;1;;;859;53;;;;;912;146;99;7;8;32;;;;;;;;;;;;;;;;;;;;
SMURSAMU;2013;850009630;850000035;1;1;0;0;0;850000035;0;0;168;175;168;1;;;;579;0;;0;0;0;579;99;63;1;35;0;517;32;117;355;162;;;;;;;;;;;;;;;
SMURSAMU;2013;860000025;860780063;1;1;0;0;0;;0;0;168;175;168;1;;;;687;;;;;;687;202;125;10;7;60;409;27;88;331;78;;;;;;;;;;;;;;;
SMURSAMU;2013;860000033;860780071;1;1;0;0;0;;0;0;168;168;0;;1;;;331;16;0;;;;347;97;55;;3;39;234;27;91;164;70;;;;;;;;;;;;;;;
SMURSAMU;2013;860000058;860780097;1;1;0;0;0;;0;0;168;168;0;;1;;;287;;;;;;287;56;34;11;11;;192;;;138;54;;;;;;;;;;;;;;;
SMURSAMU;2013;860000223;860013077;1;1;0;1;0;;0;1;547;488;456;4;1;1;;2507;832;;166;738;0;4243;607;282;7;201;117;2292;134;366;2120;172;254212;199266;;105127;72473;32654;386;168;129;504;1;0;0;936;0
SMURSAMU;2013;870000064;870000015;1;1;0;0;0;;0;1;336;336;336;3;3;1;0;2330;862;51;344;208;0;3744;569;214;2;107;246;2115;294;397;2029;86;138990;130440;112880;109958;56865;29031;292;168;124;425;1;0;0;600;0
SMURSAMU;2013;870000098;870000023;1;1;0;0;1;870000015;0;0;168;168;4;;1;;;408;38;32;;;;446;408;49;2;132;334;334;20;129;185;149;;;;;;;;;;;;;;;
SMURSAMU;2013;870000270;870000031;1;0;0;0;1;870000015;0;0;70;70;0;0;1;0;0;150;0;0;0;0;0;150;32;21;0;7;4;106;9;36;70;36;;;;;;;;;;;;;;;
SMURSAMU;2013;880000021;880007059;1;1;0;0;0;880007059;0;1;252;252;1488;;;;;1055;439;71;;;;1494;;132;16;53;;853;;;804;49;171532;171532;;109671;81611;28060;;740;356;1892;1;1;25;1867;1
SMURSAMU;2013;880000039;880780069;1;1;0;0;1;880780077;0;0;70;70;70;0;1;0;0;156;20;;;;;176;64;12;0;26;67;130;17;30;10;120;;;;;;;;;;;;;;;
SMURSAMU;2013;880000047;880780077;1;1;0;0;1;880780077;0;0;168;168;0;;1;;;570;132;;;22;;724;110;83;5;22;;461;;;379;82;;;;;;;;;;;;;;;
SMURSAMU;2013;880000054;880007299;1;1;0;0;0;880007299;0;0;252;416;168;;1;;;303;108;;0;0;0;411;78;17;1;30;29;225;22;74;202;23;;;;;;;;;;;;;;;
SMURSAMU;2013;880000062;880780093;1;1;0;0;0;;0;0;406;574;168;0;1;0;0;443;222;50;;;;665;93;60;;17;16;356;31;67;291;65;;;;;;;;;;;;;;;
SMURSAMU;2013;880000070;880007299;1;0;0;0;1;880000054;0;0;168;168;168;;1;;;327;80;;;;;407;59;48;1;10;1;280;38;65;196;84;;;;;;;;;;;;;;;
SMURSAMU;2013;890975527;890000037;1;1;0;0;0;;;1;336;504;416;;;;;1318;301;;193;304;;2116;487;143;9;99;236;1457;;;1414;43;162266;157838;157838;74642;61809;13603;168;;;;1;1;14;1893;0
SMURSAMU;2013;890975535;890000409;1;1;0;0;0;890975535;0;0;168;168;0;;;;;423;37;;;43;;503;203;44;11;25;123;377;;;243;134;;;;;;;;;;;;;;;
SMURSAMU;2013;890975543;890000417;1;1;0;0;0;890000417;0;0;277;277;277;0;0;0;0;875;271;;;;;1146;145;86;21;38;0;714;;;453;261;;;;;;;;;;;;;;;
SMURSAMU;2013;890975550;890970569;1;1;0;0;0;890970569;0;0;469;252;336;1;2;0;0;1178;241;;;;0;1419;211;135;3;59;;960;79;226;914;46;;;;;;;;;;;;;;;
SMURSAMU;2013;890975568;890000433;1;1;0;0;0;;0;0;168;168;168;;1;;;347;3;;;;;350;60;41;3;16;;290;;;212;78;;;;;;;;;;;;;;;
SMURSAMU;2013;900000167;900000365;1;1;0;0;0;900000365;0;1;168;168;336;0;2;;;1991;228;0;;;;2219;919;121;20;125;653;1072;;;1067;5;83122;83122;83122;34164;24801;9363;;112;48;317;1;1;10;104;0
SMURSAMU;2013;910000272;910110014;1;1;0;0;0;;0;0;168;35;168;;;;;1409;;;;;;1409;605;100;12;44;449;804;41;167;291;513;;;;;;;;;;;;;;;
SMURSAMU;2013;910000298;910110055;1;1;0;0;0;;0;0;168;168;168;;1;;;1758;;;;;;1758;729;167;13;119;412;1029;49;216;400;629;;;;;;;;;;;;;;;
SMURSAMU;2013;910000306;910110063;1;1;0;0;0;;0;0;168;35;168;;2;;;1184;;;2;;;1186;556;81;;53;411;1050;74;224;491;559;;;;;;;;;;;;;;;
SMURSAMU;2013;910000314;910002773;1;1;0;0;0;;0;1;429;312;504;4;4;0;0;3064;1522;0;30;130;0;4746;1398;228;13;108;870;1677;120;309;1131;546;311821;282824;265521;171947;110075;62908;628;336;229;803;1;0;0;2515;1
SMURSAMU;2013;910001973;910019447;1;1;0;0;0;;0;0;168;168;168;;;;;874;3;;;;;877;;;;;;;;;;;;;;;;;;;;;;;;;
SMURSAMU;2013;910018423;910019454;1;0;0;0;0;;0;0;190;122;168;;2;;;1878;;;;;;1878;631;152;14;74;391;1205;0;0;93;1112;;;;;;;;;;;;;;;
SMURSAMU;2013;920100021;750712184;1;0;0;1;0;;0;0;258;213;258;2;1;0;0;416;1236;0;0;6;0;1658;31;4;0;6;21;385;385;;81;304;;;;;;;;;;;;;;;
SMURSAMU;2013;920100039;750712184;1;1;0;0;0;;0;0;496;396;436;0;0;0;0;3449;750;0;0;3;0;4202;1047;198;200;;729;1536;154;299;292;1244;;;;;;;;;;;;;;;
SMURSAMU;2013;920100054;750712184;1;1;0;0;0;;0;1;554;575;588;5;2;1;0;3797;1556;;;;;5353;2193;311;19;173;1421;3627;209;681;100;3527;414135;405439;384004;308906;151562;107861;330;336;215;845;1;0;0;;0
SMURSAMU;2013;930000286;930021480;1;1;0;0;0;;0;0;183;183;183;3;;;;1797;54;;;;;1851;925;145;25;152;563;872;57;188;445;427;;;;;;;;;;;;;;;
SMURSAMU;2013;930000328;930110051;1;1;0;0;0;;0;0;208;208;208;3;;;;1936;418;0;0;0;0;2354;962;130;9;140;633;974;125;175;395;579;;;;;;;;;;;;;;;
SMURSAMU;2013;930000336;930110069;1;1;0;0;0;;0;0;468;2400;0;3;0;1;0;1043;656;;;2;6;1707;;;;;;;;;;;;;;;;;;;;;;;;;
SMURSAMU;2013;930100037;750712184;1;1;0;1;0;;0;1;620;620;620;5;1;;;4610;2553;0;0;0;0;7163;2317;313;14;357;1471;2274;535;454;627;1647;486757;479583;396364;363815;198176;73682;722;386;336;903;1;0;2;0;0
SMURSAMU;2013;940000599;940110042;1;0;0;0;0;;;0;168;168;168;1;;;;1499;319;0;0;0;0;1818;535;109;4;36;361;957;81;200;465;492;;;;;;;;;;;;;;;
SMURSAMU;2013;940100027;750712184;1;1;0;0;0;;0;1;599;584;840;5;1;1;0;5807;1401;0;0;45;0;7253;2439;448;27;306;1549;3509;289;598;1321;2188;406900;307431;248695;232276;132982;62883;441;313;222;857;1;0;22;0;0
SMURSAMU;2013;950000307;950110015;1;1;0;0;0;950110080;0;0;336;336;336;0;0;0;0;2785;403;0;5;1;0;3194;1307;191;247;12;857;2339;171;458;1618;721;;;;;;;;;;;;;;;
SMURSAMU;2013;950000315;950001370;1;1;0;0;0;950000315;0;0;188;188;35;1;0;0;0;1377;49;0;11;0;0;1437;561;113;14;61;373;771;0;0;426;345;;;;;;;;;;;;;;;
SMURSAMU;2013;950000323;950013870;1;1;0;0;0;950013870;0;0;336;336;336;2;2;;;3107;620;;0;2;16;3745;1763;224;24;205;1104;2903;187;819;1726;1177;;;;;;;;;;;;;;;
SMURSAMU;2013;950000331;950110049;1;1;0;0;0;;0;0;48;48;0;0;0;0;0;2343;202;0;0;0;0;2545;1159;136;29;262;732;1184;339;466;926;258;;;;;;;;;;;;;;;
SMURSAMU;2013;950000364;950110080;1;1;0;1;0;950110080;0;1;448;420;448;5;2;0;0;3387;890;0;29;35;0;4341;1237;161;18;149;926;2241;458;633;1407;834;801909;476160;390175;234684;170227;29604;442;336;106;737;1;0;0;2796;0
SMURSAMU;2013;970100392;970100178;1;1;0;0;0;970100178;0;0;168;168;168;;1;0;;671;137;;18;15;;841;72;40;2;30;;689;65;212;670;19;;;;;;;;;;;;;;;
SMURSAMU;2013;970100400;970100186;0;0;0;0;1;;0;0;;;;;;;;;;;;;;;;;;;;;;;;;;;;;;;;;;;;;;;
SMURSAMU;2013;970100442;970100228;1;1;0;0;0;;0;1;336;420;420;2;3;;;5271;448;;493;469;28;6709;;;;;;;;;;;108000;108000;;95276;69233;;318;198;120;504;1;1;3;746;0
SMURSAMU;2013;970211215;970211207;1;1;0;0;0;;0;1;336;228;396;2;3;0;0;4368;781;300;617;211;15;5992;2860;368;43;500;1949;2129;593;539;1983;146;;;;171780;130553;28140;168;168;82;585;1;0;0;1600;0
SMURSAMU;2013;970211223;970211207;1;1;0;0;0;;0;0;;;;;;;;;;;;;;;;;;;;;;;;;;;;;;;;;;;;;;;
SMURSAMU;2013;970300026;970302022;1;1;0;0;0;970300026;0;1;168;390;230;1;2;;0;1157;79;0;275;602;3;2116;330;134;0;46;150;1202;;;1192;10;541691;495734;;34456;28218;0;168;168;0;353;0;0;0;859;0
SMURSAMU;2013;970300083;970302121;1;1;0;0;0;;0;0;48;57;0;;;;;220;;;;;;220;;;;;;;;;;;;;;;;;;;;;;;;;
SMURSAMU;2013;970300265;750721334;1;1;0;0;0;;0;0;168;168;0;;;;;147;;;;;;147;30;17;10;;3;;;;;;;;;;;;;;;;;;;;
SMURSAMU;2013;970400024;970408589;1;1;0;1;0;970408589;0;1;343;548;;2;3;;;1805;549;164;137;92;0;2583;660;186;55;156;263;1444;110;102;1298;146;;;;313910;127377;39209;581;336;245;679;1;0;0;441;0
SMURSAMU;2013;970400057;970408589;1;1;0;0;1;970408589;0;0;252;252;0;0;5;0;0;2205;341;0;2;0;0;2548;0;134;7;75;343;1488;0;0;1417;71;;;;;;;;;;;;;;;
SMURSAMU;2013;970400065;970421038;1;1;0;0;0;;0;0;175;345;0;0;2;0;0;1042;418;313;;;;1460;;;;;;;;;;;;;;;;;;;;;;;;;
SMURSAMU;2013;970400073;970403606;1;1;0;0;0;;0;0;168;168;0;;3;;;865;433;0;0;0;0;1298;98;43;1;46;6;744;75;69;570;174;;;;;;;;;;;;;;;
SMURSAMU;2013;980500011;980500003;1;1;0;0;0;980500011;0;0;;;;1;1;;;;;;;;;;;;;;;;;;;;;;;;;;;;;;;;;;
