BOR;AN;FI;FI_EJ;URG;HMED;HIDE;SAO;ACC;PASSU;dt80;dt18;dtMCO;dtMCO80;dtMCO18;dtLS;dtLS80;dtLS18;dtEXT;dtEXT80;dtEXT18;dtHOSP;LIT_UHCD;JLI_UHCD;SEJ_UHCD;SEJ0_UHCD;JOU_UHCD;STAP;RMM
URGENCES2;2013;010000024;010780054;GEN;358;984;1;IAO;32375;4033;9311;8179;2633;1500;5;5;;65;3;12;;8;2920;2824;528;2360;0;1
URGENCES2;2013;010000032;010780062;GEN;168;168;0;;14643;1501;4077;3076;821;549;0;0;0;94;7;4;;2;730;418;96;383;1;0
URGENCES2;2013;010005239;010008407;GEN;504;336;0;;21134;1492;5239;4888;986;817;;;;;;;;8;2920;1536;481;2553;0;0
URGENCES2;2013;010780195;010000156;GEN;189;280;0;;19528;1670;3384;2781;683;118;;;;50;;;;4;1460;1062;481;586;1;
URGENCES2;2013;010780203;010006450;GEN;336;350;0;;20317;2542;5162;1821;668;38;;1241;;194;;;;6;2190;329;302;34;0;1
URGENCES2;2013;020000162;020000063;GEN;;991;1;IAO;32456;4628;84;7981;2376;5;8;755;2;16;5;0;;10;3650;4587;890;4646;0;
URGENCES2;2013;020000162;020000063;PED;321;233;0;;16612;;;;;;;;;;;;2484;0;0;0;0;0;;
URGENCES2;2013;020000394;020000253;GEN;420;588;1;IAO;28148;3032;6754;7117;1745;110;;;;479;;;;4;1460;1291;331;1095;1;0
URGENCES2;2013;020000394;020000253;PED;168;168;0;;11653;;;;;;;;;;;;1282;0;0;0;0;0;;
URGENCES2;2013;020000519;020000261;GEN;420;616;1;IAO;31323;4174;5343;7114;2925;180;14;26;;239;;;;4;1460;949;309;888;1;0
URGENCES2;2013;020000519;020000261;PED;168;105;;;9474;;;;;;;;;;;;1403;;;0;0;0;;
URGENCES2;2013;020000535;020000287;GEN;406;416;1;IAO;19302;;;7000;;;;7;;223;;;;6;2190;3361;2220;1175;1;0
URGENCES2;2013;020001061;020004404;GEN;266;399;1;IAO;26238;3012;3175;6981;2066;;;;;;;;;5;1825;4203;2974;1306;1;1
URGENCES2;2013;020001087;020004495;GEN;336;672;0;;12763;1264;3785;1490;;;0;262;;281;119;88;;4;1460;1157;697;509;0;0
URGENCES2;2013;020010047;020001632;GEN;168;168;1;IAO;13291;836;2618;1663;770;;;;;92;;;;5;1279;334;331;3;1;0
URGENCES2;2013;030000061;030780092;GEN;336;282;1;IAO;33807;3687;9809;9962;2693;1554;1;1;0;;;;;8;2920;2419;78;2479;1;1
URGENCES2;2013;030000079;030780100;GEN;219;361;1;IAO;36012;4199;14103;8939;2805;1733;9;197;0;770;172;34;;6;2190;2446;634;1903;1;0
URGENCES2;2013;030000087;030780118;GEN;336;672;1;IAO;33389;7179;;8940;;;;308;;;;;;10;3650;3993;779;3896;0;0
URGENCES2;2013;030781116;030000426;GEN;168;228;1;IAO;10573;1841;1125;3128;1078;55;;;;77;9;6;;4;1460;195;177;18;1;0
URGENCES2;2013;040000093;040780215;GEN;494;753;1;IAO;27730;2352;7270;6671;1606;765;;;;;;;;8;2920;3769;1778;2116;1;1
URGENCES2;2013;040000135;050002948;GEN;336;38;1;IAO;15104;1422;3576;2216;724;85;6;7;0;387;;;;4;1460;1041;262;801;0;1
URGENCES2;2013;040000911;040788879;GEN;11310;;;;18520;;;4458;;;;365;;368;;;;4;4;2102;917;1275;0;0
URGENCES2;2013;050000231;050000116;GEN;207;210;1;IAO;17488;1002;4228;3296;;;;;;114;;;;2;;606;362;245;0;1
URGENCES2;2013;050000256;050000124;GEN;168;168;1;IAO;9246;765;2653;;;0;;;0;;;;;2;;478;253;228;1;0
URGENCES2;2013;050000348;050002948;GEN;412;630;1;IAO;26516;3131;5333;8879;2134;983;0;0;0;;;;;9;3285;3096;1421;1732;0;1
URGENCES2;2013;060000478;060780897;GEN;;;1;IAO;44888;3921;17093;8502;2682;1385;43;1468;245;319;45;53;;8;2920;2241;1425;823;;
URGENCES2;2013;060000478;060780897;PED;;;;;7407;;;;;;;;;;;;;;;266;226;43;;
URGENCES2;2013;060000510;060780954;GEN;694;612;1;IAO;39557;6058;7587;10610;3588;725;37;442;6;559;120;49;;12;4380;3409;835;3570;1;
URGENCES2;2013;060000544;060780988;GEN;497;600;1;MAO;46412;5982;5865;;;;;;;;;;;10;3650;10328;6847;4419;0;1
URGENCES2;2013;060000544;060780988;PED;60;70;1;MAO;6573;;;;;;;;;;;;243;4;1460;243;240;3;;
URGENCES2;2013;060001450;060785011;GEN;660;1512;1;IAO;78711;;;18375;;;;93;;911;;;;10;3650;4078;2716;1368;1;1
URGENCES2;2013;060002102;060791761;GEN;336;238;0;;18260;2628;2986;2485;1399;53;17;28;0;707;198;54;;2;730;600;195;427;0;1
URGENCES2;2013;060019288;060017019;PED;;;1;IAO;28174;;;;;;;;;;;;2854;0;1267;1733;748;1001;;
URGENCES2;2013;060780491;060790797;GEN;210;252;0;;20464;1854;1741;2067;525;12;0;0;0;105;24;10;;0;0;0;0;0;1;0
URGENCES2;2013;060780517;060000239;GEN;33;45;1;IAO;31752;2896;2120;;;;;;;;;;;5;1760;930;897;33;1;1
URGENCES2;2013;060780715;060000361;GEN;280;298;1;IAO;27852;3776;2193;4062;1335;45;;;;177;21;18;;4;1098;0;0;0;1;1
URGENCES2;2013;060780723;060004959;GEN;168;168;0;;15737;1101;662;1539;119;;;;;;;;;8;2920;1664;119;1850;1;0
URGENCES2;2013;060780947;060800174;PED;347;924;1;IAO;27601;;;;;;;;;;;;2923;7;1288;1493;555;963;;
URGENCES2;2013;070000013;070002878;GEN;336;168;1;IAO;13979;1638;2786;2721;1028;76;;;;;;;;5;1825;930;160;1207;1;1
URGENCES2;2013;070000179;070780358;GEN;476;336;1;IAO;26613;3250;7783;5248;;;;;;;;;;10;3650;3840;567;3649;1;1
URGENCES2;2013;070000609;070005566;GEN;425;509;1;IAO;25667;3284;5567;;;;;;;;;;;5;1825;807;68;749;1;1
URGENCES2;2013;070780424;070000245;GEN;168;283;1;IAO;15497;;;2221;;;;;;15;;;;3;1095;318;76;246;1;1
URGENCES2;2013;080000110;080000037;GEN;218;455;1;IAO;20614;2805;5957;8164;1708;1092;4;4;0;148;8;6;;3;1095;3005;2012;1005;1;0
URGENCES2;2013;080000219;080001969;GEN;168;168;0;;11699;1238;3320;579;222;14;2;83;1;157;16;38;;4;1460;2259;1560;705;1;0
URGENCES2;2013;080000276;080001969;GEN;168;168;0;;6555;696;1542;283;152;1;5;7;0;36;1;11;;2;730;1166;826;361;1;0
URGENCES2;2013;080000425;080000615;GEN;417;1195;1;IAO;49316;4845;15689;9463;2564;2158;0;29;0;1287;168;29;;8;2920;7547;3980;3759;1;0
URGENCES2;2013;090000175;090781774;GEN;410;618;1;IAO;34280;3829;10019;7314;2056;1066;;1;;390;53;47;;6;2190;2408;760;1841;0;1
URGENCES2;2013;090000183;090781816;GEN;336;336;0;;9866;2071;1546;2679;;;;;;;;;;3;1095;1228;638;607;0;1
URGENCES2;2013;090001629;090780107;GEN;8760;8760;1;IAO;4815;510;1323;159;115;0;2;3;0;;;;;;;0;0;0;1;1
URGENCES2;2013;100000090;100000017;GEN;504;899;1;IAO;51202;5882;12262;15782;3871;2282;0;12;9;231;33;45;;15;5475;3772;647;3987;1;1
URGENCES2;2013;100000199;100006279;GEN;126;282;0;;16527;2423;3423;2157;908;31;5;34;0;671;;;;4;1460;720;191;647;1;0
URGENCES2;2013;110000023;110780061;GEN;238;700;1;IAO;29700;4844;6635;7483;2618;1196;;;;332;97;28;;9;3285;2686;974;2024;;
URGENCES2;2013;110000049;110780087;GEN;168;168;1;IAO;12378;3200;1101;;;;;;;;;;;2;730;492;195;314;0;1
URGENCES2;2013;110000056;110780137;GEN;217;503;1;IAO;40136;3888;11117;7976;2361;1734;;;;1102;;;;9;3285;3931;1867;2612;0;0
URGENCES2;2013;110780228;110000114;GEN;168;252;0;;16965;832;3938;1958;;;;;;;;;;4;1460;231;75;162;;
URGENCES2;2013;110780483;110000155;GEN;168;292;1;IAO;19578;1027;5474;1466;296;68;;;;;;;;2;;40;19;21;;
URGENCES2;2013;120000039;120780044;GEN;;;1;IAO;28521;4005;7260;7999;2581;1093;5;54;47;2069;908;77;;4;1460;1651;338;1397;;
URGENCES2;2013;120000054;120780069;GEN;186;186;1;MAO;13686;1841;2900;3880;1173;191;2;2;;;;;;2;730;584;313;277;1;0
URGENCES2;2013;120000070;120780085;GEN;336;208;1;IAO;11858;1736;2432;2142;702;43;8;11;0;274;108;37;;2;730;852;519;337;1;
URGENCES2;2013;120004569;120004528;GEN;168;177;0;IAO;16166;2400;3214;;;;;;;;;;;3;822;906;379;534;1;0
URGENCES2;2013;120004668;120004619;GEN;168;172;1;IAO;8703;1097;2065;1845;657;99;;;;267;54;60;;2;730;650;316;349;1;1
URGENCES2;2013;130000409;130041916;GEN;38584;64726;1;IAO;50219;6482;5047;14206;4546;337;26;31;;1063;79;18;;12;2859;7460;3482;4829;1;1
URGENCES2;2013;130000409;130041916;PED;168;168;0;;13090;;;;;;;;;;;;2272;2;730;139;117;22;;
URGENCES2;2013;130000565;130781446;GEN;260;516;1;IAO;27086;;;5649;;;;28;;;;;;8;2920;3638;1757;2091;0;1
URGENCES2;2013;130000565;130781446;PED;;;;;10061;;;;;;;;;;;;1184;1;365;108;106;2;;
URGENCES2;2013;130001225;130782634;GEN;380;671;1;IAO;38816;;;9098;;;;;;;;;;6;2190;1881;378;1643;1;0
URGENCES2;2013;130002215;130785512;GEN;257;297;0;;24321;2556;5247;3132;1429;108;0;0;0;532;74;116;;4;1460;1199;390;863;0;1
URGENCES2;2013;130002827;130789274;GEN;183;18;1;IAO;33521;1793;446;4962;1728;195;13;511;25;559;52;246;;3;1095;1984;1227;767;1;1
URGENCES2;2013;130002835;130789316;GEN;268;590;1;IAO;40738;3360;13019;8264;1992;1837;1;39;0;311;40;51;;10;3650;7002;3939;338;1;0
URGENCES2;2013;130002835;130789316;PED;;;;;;;;;;;;;;;;;;;;413;411;2;;
URGENCES2;2013;130043664;130002157;GEN;168;238;1;IAO;7834;379;899;836;152;13;;;;;;;;6;732;932;592;348;1;0
URGENCES2;2013;130780521;130786049;GEN;600;2311;;;51233;3772;2440;9101;2235;212;0;0;0;;;;;24;8755;5320;1076;7018;;
URGENCES2;2013;130780521;130786049;PED;600;2311;;;30805;;;;;;;;;;;;2735;2;730;1044;758;295;;
URGENCES2;2013;130781479;130000599;GEN;228;336;1;IAO;14110;1722;1908;3707;259;13;10;17;;28;10;2;;2;730;186;144;42;1;1
URGENCES2;2013;130782071;130002454;GEN;168;252;0;;14985;442;3791;1341;289;62;;;;41;6;11;;6;2190;411;327;86;0;1
URGENCES2;2013;130782147;130000979;GEN;336;420;1;IAO;32926;2905;5827;4179;1217;114;;;;378;59;112;;6;2190;912;332;581;1;1
URGENCES2;2013;130783236;130786049;GEN;;;;;66058;4872;2158;7030;1986;115;0;0;0;;;;;18;6570;5718;2063;5708;0;0
URGENCES2;2013;130783293;130786049;GEN;;;1;IAO;12534;1959;103;3797;1103;9;0;0;0;;;;;6;2190;4301;1869;2856;0;1
URGENCES2;2013;130784713;130038847;GEN;168;252;1;IAO;13286;1218;1106;2031;548;5;1;3;0;10;8;2;;4;1460;54;0;54;1;1
URGENCES2;2013;130785355;130002157;GEN;168;238;0;;8869;657;596;1113;280;6;;;;;;;;6;1458;532;374;159;1;0
URGENCES2;2013;130785363;130042930;GEN;168;235;0;;9163;362;597;932;115;28;;;;;;;;4;848;576;405;172;1;0
URGENCES2;2013;130785652;130014228;GEN;430;566;1;IAO;24291;3484;2215;7987;2399;1118;0;0;0;0;0;0;;5;1825;638;637;1;0;0
URGENCES2;2013;130785652;130014228;PED;420;415;1;IAO;25404;;;;;;;;;;;;1817;6;1916;8254;6182;2153;;
URGENCES2;2013;130786361;130002447;GEN;168;266;0;;14728;;;2477;;;;;;;;;;3;1095;649;548;102;0;0
URGENCES2;2013;130786742;750821092;GEN;352;415;1;IAO;14283;2582;468;5234;988;169;4;20;1;61;0;0;;9;3285;3632;2321;1346;1;1
URGENCES2;2013;130804297;130786049;PED;;;;;34835;;;;;;;;;;;;4470;2;730;749;598;155;;
URGENCES2;2013;140000027;140000035;GEN;268;552;1;IAO;24199;3924;4180;8195;2614;117;;1;;;;;;9;3285;2552;584;2284;1;1
URGENCES2;2013;140000076;140000084;GEN;168;168;0;;7203;705;2315;988;485;5;1;1;0;255;40;43;;2;730;384;106;332;0;0
URGENCES2;2013;140000209;140000100;GEN;472;1578;1;IAO;51788;7513;1161;16361;4294;128;13;432;20;1621;510;19;;14;5110;9725;3442;7394;1;1
URGENCES2;2013;140000209;140000100;PED;227;504;1;IAO;23980;;;;;;;;;;;;2840;3;1095;1281;642;639;;
URGENCES2;2013;140000233;140000118;GEN;238;154;1;IAO;17692;2040;7005;4753;1492;999;;;;;;;;2;184;91;24;67;1;0
URGENCES2;2013;140000373;140000159;GEN;;;0;;9900;1830;1898;3389;1421;24;5;150;2;523;74;138;;2;730;1024;175;952;1;1
URGENCES2;2013;140002452;140025800;GEN;168;267;1;IAO;13792;765;2248;759;;;0;0;0;;;;;3;1095;486;390;96;1;1
URGENCES2;2013;140016759;140003146;GEN;168;301;1;IAO;19327;1377;5103;1102;;;;;;;;;;6;6;853;600;253;1;0
URGENCES2;2013;140017237;140003278;GEN;223;347;1;IAO;28192;1646;7925;2338;493;104;;;;;;;;5;1825;1028;740;298;1;0
URGENCES2;2013;140024886;140000092;GEN;;1008;1;IAO;19832;2409;5332;5627;1567;764;1;31;;460;94;50;;4;1460;1408;324;1215;1;0
URGENCES2;2013;140026410;140026279;GEN;336;392;1;IAO;15331;859;2664;3121;;;;;;763;;;;5;1825;1631;305;1468;0;0
URGENCES2;2013;150000032;150780088;GEN;66;168;0;;12244;2234;2705;2838;;;;90;;280;;;;0;0;0;0;0;1;1
URGENCES2;2013;150000040;150780096;GEN;242;525;1;IAO;24318;3145;395;7614;1384;58;5;21;0;161;10;2;;6;2190;1615;374;1355;1;1
URGENCES2;2013;150000164;150780468;GEN;;;0;;7273;1350;1459;1357;508;69;1;1;0;76;19;23;;3;1095;1603;344;1321;0;0
URGENCES2;2013;160000253;160000451;GEN;428;1120;1;IAO;38886;5898;5317;12080;3472;353;34;38;0;421;87;23;;10;3650;5236;2691;2643;1;1
URGENCES2;2013;160000253;160000451;PED;168;320;0;;9824;;;;;;;;;;;;1439;4;1460;838;240;612;;
URGENCES2;2013;160000303;160006037;GEN;168;252;0;;8342;1888;1627;2170;;;;;;;;;;2;730;644;167;557;1;1
URGENCES2;2013;160000311;160000485;GEN;84;160;1;IAO;9099;1168;2148;920;566;0;14;17;0;401;55;57;;2;730;711;211;592;1;0
URGENCES2;2013;160000337;160000493;GEN;168;210;0;;9790;1500;2222;1852;871;49;8;16;0;337;0;0;;3;1095;1436;847;749;1;0
URGENCES2;2013;160015368;160014411;GEN;168;168;1;IAO;16032;2390;3248;4579;1713;96;2;5;;1036;293;43;;7;1951;2759;1383;1467;1;0
URGENCES2;2013;170000038;170780050;GEN;167;174;0;;13567;1942;2765;3253;1071;96;1;3;0;271;46;39;;4;1460;1181;518;683;1;0
URGENCES2;2013;170000087;170023279;GEN;419;963;1;IAO;45719;7306;6529;15546;4595;483;50;703;35;148;19;6;;9;3285;4257;1443;3234;1;1
URGENCES2;2013;170000095;170780167;GEN;109;191;0;;11443;2028;1921;2810;1325;70;10;15;0;439;69;81;;3;1095;989;429;581;1;1
URGENCES2;2013;170000103;170780175;GEN;168;777;1;IAO;23440;3640;3197;6956;2544;196;2;96;3;209;27;11;;8;2920;2369;434;2712;1;
URGENCES2;2013;170000103;170780175;PED;168;221;0;;8497;;;;;;;;;;;;1988;2;730;414;269;146;;
URGENCES2;2013;170000152;170780225;GEN;521;480;1;IAO;29121;2865;5409;6150;1890;590;21;25;;214;23;;;8;2920;3464;459;3281;1;0
URGENCES2;2013;170022065;170022057;GEN;336;504;1;IAO;19528;3905;2703;;;;;;;4504;2226;51;;0;0;0;0;0;0;0
URGENCES2;2013;170022818;170022057;GEN;84;84;1;IAO;4085;499;890;;;;;;;317;86;16;;0;;0;0;0;1;0
URGENCES2;2013;170022826;170022057;GEN;84;136;1;IAO;10067;1056;1867;;;;;;;1824;437;89;;0;;0;0;0;1;0
URGENCES2;2013;180000010;180000028;GEN;511;;1;IAO;47136;1998;1998;12230;947;506;0;1;0;;;;;17;6205;3792;406;4931;0;1
URGENCES2;2013;180000200;180000051;GEN;74;308;1;IAO;19663;2108;4497;4525;1352;711;;;;290;25;4;;4;1460;2189;494;1989;1;1
URGENCES2;2013;180000283;180000069;GEN;168;284;1;IAO;12994;1934;2715;1733;870;2;34;71;;;;;;5;1825;2143;1257;1006;0;1
URGENCES2;2013;190000018;190000042;GEN;145;742;0;;30801;4565;6751;9585;3305;1003;;;;;;;;9;3285;2529;384;2329;1;1
URGENCES2;2013;190000026;190000059;GEN;203;;1;IAO;18400;2622;3662;4079;346;1649;26;552;32;224;34;30;;6;2190;1427;258;1292;1;
URGENCES2;2013;190000091;190000075;GEN;;;;;11388;1938;2477;3024;1336;102;;175;;;;;;1;365;228;95;133;1;0
URGENCES2;2013;210780136;210000030;GEN;168;394;1;IAO;12475;1638;1762;772;258;21;2;13;;832;305;56;;4;1460;2546;1856;703;1;1
URGENCES2;2013;210987558;210780581;GEN;611;1260;1;MAO;41623;8363;41;17496;;;;;;;;;;15;5475;5748;2888;2909;1;0
URGENCES2;2013;210987558;210780581;PED;104;462;0;;21418;;;;;;;;;;;;;4;1460;2491;1527;981;;
URGENCES2;2013;210987657;210780714;GEN;376;756;1;MAO;22676;2653;5472;5905;1882;734;2;4;0;554;73;38;;6;2190;2715;946;2035;0;0
URGENCES2;2013;210987665;210010070;GEN;168;336;0;;10880;;;653;;;;;;108;;;;2;730;1546;1412;136;0;0
URGENCES2;2013;210987673;210010070;GEN;168;245;0;;7122;;;273;;;;1;;172;;;;2;730;1063;906;158;0;0
URGENCES2;2013;210987699;210780706;GEN;336;487;1;IAO;19619;2151;5454;3961;1088;438;17;400;11;469;198;31;;4;1460;1267;548;751;1;0
URGENCES2;2013;220000012;220000020;GEN;980;1047;1;IAO;63326;7558;19740;20715;5500;3742;;;;432;53;17;;12;4380;3889;953;3359;0;1
URGENCES2;2013;220000012;220000020;PED;;;;;;;;;;;;;;;;;;;;738;518;244;;
URGENCES2;2013;220000095;220000046;GEN;1988;315;1;IAO;26836;4046;7513;7217;1088;2021;1;8;0;2;0;0;;;;0;0;0;1;1
URGENCES2;2013;220000343;220000079;GEN;336;350;0;;20781;3063;4234;6392;2319;136;;;;;;;;6;2190;1760;549;1329;1;1
URGENCES2;2013;220000368;220000103;GEN;368;574;1;IAO;23185;2936;;;;;;;;410;;;;6;2190;2182;1110;1102;0;0
URGENCES2;2013;220000541;220000152;GEN;336;252;0;;14106;1999;3453;3694;1311;457;10;18;;614;98;53;;4;1460;577;450;127;0;0
URGENCES2;2013;230000820;230780041;GEN;456;420;1;IAO;18360;4408;3391;6468;;;;;;543;;;;6;1460;1613;759;890;1;0
URGENCES2;2013;230004657;230780058;GEN;168;168;0;;2975;650;596;207;;;;;;433;;;;2;730;312;178;162;1;0
URGENCES2;2013;230780199;230000887;GEN;168;168;0;;1805;373;267;;;;;;;;;;;2;302;372;194;217;;
URGENCES2;2013;240000190;240000596;GEN;168;274;0;IAO;10699;;;2061;;;;;;159;;;;2;;407;381;26;;
URGENCES2;2013;240000372;240000059;GEN;336;441;1;IAO;28346;3907;7024;7416;2481;991;;;;;;;;4;4160;3104;730;2576;1;1
URGENCES2;2013;240000489;240000117;GEN;420;840;1;IAO;34513;6216;3765;;;;;;;;;;;14;5110;5854;1478;5763;0;
URGENCES2;2013;240000489;240000117;PED;168;119;1;IAO;9497;;;;;;;;;;;;1813;3;1095;338;326;16;;
URGENCES2;2013;240000687;240000448;GEN;168;754;1;IAO;13952;1827;3115;3289;1172;98;11;136;4;346;50;95;;4;1460;724;202;593;1;0
URGENCES2;2013;250000114;900000365;GEN;380;952;1;IAO;36580;4465;4955;9145;;;;;;;;;;9;3285;3004;475;2927;;1
URGENCES2;2013;250000700;250000452;GEN;191;268;1;IAO;25285;2250;6595;6007;1317;1265;3;126;0;2568;1287;91;;6;2190;1543;422;1260;1;0
URGENCES2;2013;250006954;250000015;GEN;434;1043;1;IAO;27142;4882;634;11212;3328;156;1;6;1;;;;;3;1095;1153;476;1193;1;1
URGENCES2;2013;250006954;250000015;PED;170;359;1;IAO;16904;;;;;;;;;;;;3266;4;1460;997;229;890;;
URGENCES2;2013;260000013;260000021;GEN;336;504;1;IAO;56229;;;10958;;;;13;;;;;;15;5475;4199;796;4356;0;1
URGENCES2;2013;260000120;260016910;GEN;238;420;1;MAO;24716;3094;6483;5967;;;;82;;497;;;;6;2190;1508;122;2288;1;0
URGENCES2;2013;260000138;260000047;GEN;360;593;1;IAO;40099;3640;9389;8548;2153;1478;;;;;;;;10;3650;4563;1172;4252;0;0
URGENCES2;2013;260000146;260000054;GEN;168;177;1;IAO;8565;511;2389;939;;;;;;85;;;;2;730;361;158;213;0;
URGENCES2;2013;260000203;260016910;GEN;236;336;1;MAO;9884;1845;2229;1540;;;;53;;219;;;;2;730;552;176;376;0;0
URGENCES2;2013;260000286;260000104;GEN;168;168;1;IAO;7384;;;1069;;;;;;;;;;2;730;300;178;176;0;0
URGENCES2;2013;270000045;270000060;GEN;202;248;0;;18988;2221;3909;3748;1253;164;3;4;;;;;;4;1460;1563;333;1371;0;0
URGENCES2;2013;270000326;270000680;GEN;168;424;1;IAO;17271;1021;4691;1698;737;785;;;;124;83;38;;4;1460;25;3;152;1;1
URGENCES2;2013;270000359;270023724;GEN;476;556;1;IAO;37574;3942;3964;7244;2094;233;0;0;0;;;;;10;3650;2993;1366;1914;0;0
URGENCES2;2013;270000359;270023724;PED;;252;1;IAO;14367;;;;;;;;;;;;1519;0;0;0;0;0;;
URGENCES2;2013;270000367;270000086;GEN;168;168;0;;18097;;;2834;;;;3;;213;;;;2;730;694;185;553;;
URGENCES2;2013;270000391;760024042;GEN;5491;233;1;IAO;13474;1049;3879;936;;;;8;;40;;;;;;0;0;0;0;0
URGENCES2;2013;270000425;270000102;GEN;168;337;0;;17856;;;1036;;;;;;846;;;;3;1095;1772;931;962;0;0
URGENCES2;2013;270000441;270000110;GEN;168;168;0;;14165;1284;5386;1436;;;;121;;456;;;;4;1460;1023;258;946;1;0
URGENCES2;2013;270000458;270023724;GEN;238;420;1;IAO;21840;2218;4630;4348;1355;138;8;10;0;;;;;6;2190;1687;514;1290;1;1
URGENCES2;2013;280000084;280000183;GEN;672;1029;1;IAO;53540;3899;20201;10080;2426;1717;6;201;11;;;;;11;4015;2750;749;2305;0;0
URGENCES2;2013;280000662;280500075;GEN;406;490;1;IAO;16025;2370;3569;4803;1500;25;0;0;;370;9;;;5;1825;1211;263;1023;0;1
URGENCES2;2013;280502998;280000589;GEN;168;168;0;;14697;;;3091;;;;;;901;;;;;;0;0;0;0;0
URGENCES2;2013;280504267;280000134;GEN;576;798;1;MAO;54819;5243;16898;12865;3400;2336;0;0;0;283;67;8;;16;5840;6160;2463;4346;1;1
URGENCES2;2013;280505777;280001199;GEN;168;240;0;;16942;;;;;;;;;;;;;8;2920;731;90;646;1;
URGENCES2;2013;290000025;290020700;GEN;336;879;1;IAO;40501;15260;5760;12068;3279;497;20;25;0;796;66;13;;12;4380;2397;787;1689;1;1
URGENCES2;2013;290000025;290020700;PED;168;289;0;;7937;;;;;;;;;;;;2225;2;730;592;541;51;;
URGENCES2;2013;290000033;290021542;GEN;273;525;1;IAO;31038;4422;7182;9956;3124;1211;53;1527;64;88;8;2;;10;2530;2188;780;1459;1;1
URGENCES2;2013;290000058;290000017;PED;223;634;1;IAO;24238;;;;;;;;;;;;3525;0;0;0;0;0;;
URGENCES2;2013;290000066;290020700;GEN;70;147;1;IAO;6792;1053;1449;1132;563;46;5;5;0;35;8;1;;0;0;0;0;0;1;1
URGENCES2;2013;290000173;290000041;GEN;195;63;0;;15791;1988;3797;3121;1326;86;17;351;6;87;23;5;;4;1464;991;190;880;0;0
URGENCES2;2013;290000181;290000074;GEN;168;270;1;IAO;13095;2211;2386;3826;1536;46;1;282;0;242;19;71;;2;730;953;565;390;1;1
URGENCES2;2013;290000256;290000017;GEN;336;175;0;;12042;2981;1782;3532;1837;74;;;;;;;;4;1460;982;147;943;1;0
URGENCES2;2013;290000728;750821092;GEN;228;346;1;IAO;18862;1954;625;4513;1335;46;;;;;;;;4;1460;1839;443;1445;1;1
URGENCES2;2013;290000785;220020739;GEN;336;420;1;IAO;15715;2719;3384;3423;1599;79;14;29;0;0;0;0;;2;732;286;139;147;1;0
URGENCES2;2013;290000934;290000306;GEN;191;420;1;IAO;19736;2303;4227;3766;1660;17;60;362;4;224;62;4;;6;2190;1491;442;1051;0;0
URGENCES2;2013;290004324;290000017;GEN;504;1158;1;IAO;40527;9227;;17600;6151;;;;;;;;;16;5840;5202;633;5301;1;1
URGENCES2;2013;290019777;290022508;GEN;244;493;1;IAO;30995;1687;9238;2694;522;232;;;;493;84;70;;6;2190;2854;2456;406;1;0
URGENCES2;2013;2A0000022;2A0000014;GEN;240;324;1;IAO;33525;3787;6657;11259;3416;1129;1;1;0;;;;;4;1460;1900;750;1557;1;0
URGENCES2;2013;2A0000154;2A0000204;GEN;168;186;0;;17941;566;4481;1992;;;;;;209;;;;4;;346;207;141;1;1
URGENCES2;2013;2B0000012;2B0000020;GEN;406;532;1;IAO;28481;3087;5811;;;;;;;;;;;4;1460;1132;306;926;1;0
URGENCES2;2013;2B0005359;2B0005342;GEN;168;168;1;IAO;11273;;;1276;;;;;;;;;;2;;805;360;473;0;0
URGENCES2;2013;300000023;300780046;GEN;336;574;1;IAO;37713;5499;8055;9489;2878;1146;15;579;7;766;292;41;;8;2920;3200;825;2529;1;1
URGENCES2;2013;300000031;300780053;GEN;208;176;1;IAO;25149;2663;6616;6347;1581;892;;;;;;;;6;2190;1771;686;1190;0;1
URGENCES2;2013;300780137;920028396;GEN;168;168;;;9678;540;2334;0;;;;0;;0;;;;2;730;98;48;50;0;0
URGENCES2;2013;300782117;300780038;GEN;6790;1066;1;IAO;54013;6884;7282;12772;;;;456;;439;;;;10;3650;3528;570;3448;1;1
URGENCES2;2013;300782117;300780038;PED;946;0;1;IAO;10642;;;;;;;;;;;;1937;;;0;0;0;;
URGENCES2;2013;300788502;300788486;GEN;228;256;1;IAO;22541;990;6478;2082;276;198;0;0;0;0;0;0;;6;2190;257;145;113;1;1
URGENCES2;2013;310000310;310780671;GEN;336;420;1;IAO;20214;3211;4440;5711;2181;284;2;2;0;1304;;;;8;2920;1988;637;1383;1;
URGENCES2;2013;310016977;310781406;PED;375;1096;1;IAO;41853;;;;;;;;;;;;9337;13;4745;7608;5182;2450;;
URGENCES2;2013;310780101;310000039;GEN;168;252;0;;14222;1436;2655;2521;618;94;;;;;;;;3;1095;145;110;36;1;1
URGENCES2;2013;310780283;310000112;GEN;261;690;1;IAO;27249;;;6286;;;;;;;;;;15;5475;2416;136;3123;1;
URGENCES2;2013;310780382;310000179;GEN;168;168;0;;9099;1103;1700;1435;174;268;;;;55;6;10;;2;;21;9;12;1;1
URGENCES2;2013;310781000;310788880;GEN;8736;1689;1;IAO;15974;1725;1800;4356;1126;52;10;71;1;;;;;2;730;849;271;650;0;1
URGENCES2;2013;310781067;310788898;GEN;168;168;0;;15138;825;465;2025;425;10;;;;103;9;6;;5;1825;1408;527;952;1;1
URGENCES2;2013;310781505;310000492;GEN;252;385;0;;24078;;;3587;;;;;;;;;;6;2190;1099;535;566;0;0
URGENCES2;2013;310783048;310781406;GEN;1021;3070;1;IAO;61060;6157;2982;11370;3348;294;21;385;16;2634;311;87;;17;6205;3258;715;3671;1;1
URGENCES2;2013;310783055;310781406;GEN;644;1512;1;IAO;37335;6240;1044;8340;2392;131;52;80;1;1170;627;5;;14;3650;2475;1180;1710;1;1
URGENCES2;2013;320000086;320780117;GEN;168;252;1;IAO;18943;2544;3283;6923;2116;803;105;114;0;;;;;4;914;1055;222;854;1;1
URGENCES2;2013;320000102;320780133;GEN;168;168;0;;6604;892;1387;268;172;0;3;4;0;676;176;83;;2;730;419;169;290;1;0
URGENCES2;2013;330000555;330781204;GEN;386;783;1;IAO;28789;4178;6842;6486;2288;733;;15;;;;;;6;2190;1563;358;1293;1;1
URGENCES2;2013;330000571;330781220;GEN;1008;2688;1;IAO;17314;2349;4164;5154;1623;320;14;37;0;759;207;91;;3;12410;2302;1539;834;1;1
URGENCES2;2013;330000589;330027509;GEN;168;229;1;IAO;22015;3222;4512;19;8;0;;;;1151;331;101;;5;1825;1465;956;511;1;1
URGENCES2;2013;330000597;330027509;GEN;84;84;0;;4289;378;1262;2;1;0;;;;61;17;7;;;;0;0;0;0;0
URGENCES2;2013;330000605;330781253;GEN;492;969;1;IAO;65890;8506;17778;15634;4766;2050;30;259;47;1130;;;;12;4380;6021;2188;4604;0;0
URGENCES2;2013;330780263;330000134;GEN;168;408;1;IAO;23132;1235;6084;1627;313;103;0;0;0;849;156;44;;6;2190;5453;3895;1560;1;0
URGENCES2;2013;330780479;330000274;GEN;252;420;1;IAO;27472;2755;5327;2505;;;0;0;;1294;;;;5;5;5882;4387;1678;1;1
URGENCES2;2013;330780495;330796392;GEN;168;168;0;;17577;2011;4306;2994;903;165;0;0;0;797;174;39;;4;1460;2247;1261;997;1;1
URGENCES2;2013;330780529;330796392;GEN;218;307;0;;12128;1557;1307;3004;822;92;0;0;0;198;94;1;;3;1095;1248;717;555;0;0
URGENCES2;2013;330780537;330000324;GEN;168;168;0;;16947;2522;3667;4798;1597;204;0;0;0;781;174;69;;4;1460;1774;1367;407;0;0
URGENCES2;2013;330781303;750821092;GEN;276;520;1;IAO;27236;2874;1837;3140;1019;43;5;31;0;496;157;7;;4;1460;4111;2590;1592;0;1
URGENCES2;2013;330781352;330781196;GEN;258;1123;1;IAO;20432;4313;492;12497;3832;233;0;0;0;106;2;7;;15;5475;4715;2616;2100;;
URGENCES2;2013;330781360;330781196;GEN;678;1739;1;IAO;52730;6469;3326;28024;5609;1247;;;;;;;;20;7300;11339;8935;2405;1;1
URGENCES2;2013;330781360;330781196;PED;168;168;1;IAO;36306;;;;;;;;;;;;7549;8;2920;953;794;159;;
URGENCES2;2013;340000033;340780055;GEN;490;672;1;MAO;56138;6155;20359;11190;3524;2436;;2746;;;;;;6;2190;3859;1987;1983;1;1
URGENCES2;2013;340000223;340011295;GEN;380;892;1;MAO;32904;4129;7167;7670;2224;1138;6;246;4;;;;;9;3178;3240;745;3355;0;1
URGENCES2;2013;340015502;340000512;GEN;256;420;1;IAO;22456;;;;;;;;;;;;;6;;1240;896;355;1;0
URGENCES2;2013;340015965;340000074;GEN;235;368;1;IAO;20347;1903;4255;3288;903;140;;;;383;208;3;;;;0;0;0;1;0
URGENCES2;2013;340780147;340000108;GEN;168;168;1;IAO;13660;3872;982;1549;83;492;;;;;;;;2;730;125;125;125;;
URGENCES2;2013;340780154;340000116;GEN;168;189;1;IAO;11270;1008;2877;1851;419;188;0;0;0;263;46;161;;2;730;113;113;113;1;1
URGENCES2;2013;340780634;340000272;GEN;168;270;1;IAO;18485;792;8151;1724;393;407;;0;;0;;;;2;730;44;30;14;1;1
URGENCES2;2013;340780642;340785856;GEN;168;168;0;;9792;1342;567;;466;24;;;;;;;;4;450;176;66;117;1;1
URGENCES2;2013;340780667;340000280;GEN;196;238;1;IAO;13572;2859;1819;2649;969;21;0;0;0;0;0;0;;6;2190;223;73;178;1;1
URGENCES2;2013;340780683;340000306;GEN;168;420;1;IAO;10806;361;1514;529;19;76;;;;;;;;5;1825;267;174;93;1;1
URGENCES2;2013;340780717;340008150;GEN;168;168;0;;14043;1777;3137;1484;599;55;;;;254;55;28;;1;365;492;308;184;0;1
URGENCES2;2013;340780725;340000330;GEN;196;287;1;IAO;18449;1393;5548;;;;;;;;;;;4;;290;125;178;1;0
URGENCES2;2013;340785161;340780477;GEN;776;1596;1;IAO;74021;9968;;20222;;;;;;810;;;;21;7664;7546;3117;5185;1;1
URGENCES2;2013;340785161;340780477;PED;420;420;0;;28772;;;;;;;;;;;;4563;6;2190;1655;588;1128;;
URGENCES2;2013;350000121;350000303;GEN;275;609;1;IAO;26556;;;4913;;;;;;;;;;5;1825;1280;0;281;;
URGENCES2;2013;350000147;350000022;GEN;;;1;IAO;36489;6098;7125;12893;4309;1305;13;322;112;460;190;34;;10;3650;3058;188;3830;1;1
URGENCES2;2013;350000154;350000030;GEN;453;545;1;IAO;26534;3727;7241;5277;2240;842;2;4;0;437;54;87;;8;2920;1925;259;2134;1;0
URGENCES2;2013;350000162;350000048;GEN;281;168;1;IAO;20992;2755;4872;3935;1739;642;201;346;0;757;302;29;;4;1460;3805;1780;2408;1;1
URGENCES2;2013;350000188;350000055;GEN;336;336;0;;19396;2338;5277;4314;1606;425;;9;;256;;;;4;1460;1037;231;896;1;1
URGENCES2;2013;350000741;350005179;GEN;576;1449;1;IAO;50219;7845;1495;10435;3250;112;22;31;;3083;1103;36;;19;6935;4058;2140;1949;1;1
URGENCES2;2013;350005146;350000733;GEN;210;324;1;IAO;20628;;;;;;;;;;;;;4;1460;585;402;184;1;0
URGENCES2;2013;350007084;350005179;PED;317;942;1;IAO;29210;;;;;;;;;;;;5045;8;2488;2469;566;2332;;
URGENCES2;2013;360000038;360000046;GEN;168;168;0;;9773;1009;2673;1655;652;48;5;7;0;82;3;29;;6;2190;701;539;165;0;1
URGENCES2;2013;360000137;360000053;GEN;525;952;1;MAO;42755;6597;9407;13168;4530;955;1;171;11;84;37;2;;10;;4080;994;3378;;1
URGENCES2;2013;360000160;360000079;GEN;;;0;;9831;1509;2313;2317;978;56;25;38;0;0;0;0;;3;1095;526;144;473;0;0
URGENCES2;2013;370000093;370000192;GEN;252;371;0;;23303;1657;4527;2885;203;563;;;;324;24;68;;8;2920;2025;1021;1055;1;1
URGENCES2;2013;370000499;370000481;PED;;;1;IAO;29879;;;;;;;;;;;;4140;8;2680;1511;316;1245;;
URGENCES2;2013;370000531;370000606;GEN;168;168;1;IAO;15594;2585;3158;3708;1584;2;8;304;5;475;118;71;;6;2190;2151;511;1770;1;0
URGENCES2;2013;370000879;370000564;GEN;242;398;1;IAO;18275;;;2566;1381;26;5;50;6;180;31;;;4;1460;1349;601;763;0;0
URGENCES2;2013;370000903;370000614;GEN;218;241;0;;13671;2640;3260;1656;1023;23;8;8;0;546;99;41;;4;1460;600;44;648;1;0
URGENCES2;2013;370004467;370000481;GEN;;;1;IAO;45053;7425;1774;17831;4900;301;1;5;0;;;;;9;3285;12040;4087;9484;1;1
URGENCES2;2013;370007569;370007528;GEN;224;268;1;IAO;18637;;;;;;;;;;;;;3;1077;1402;1402;0;0;0
URGENCES2;2013;380000026;380780031;GEN;186;186;;;7230;828;1968;928;464;10;28;47;0;507;93;92;;;;0;0;0;0;0
URGENCES2;2013;380000034;380780049;GEN;592;924;1;IAO;39083;;10795;9071;;;;;;;;;;20;6568;1217;584;638;;
URGENCES2;2013;380000042;380780056;GEN;207;320;0;;15147;1263;4334;1579;670;14;1;1;0;348;59;74;;2;730;554;159;421;1;1
URGENCES2;2013;380000067;380780080;GEN;806;1617;1;IAO;53027;8277;2576;13457;4776;296;1;76;2;1606;163;64;;20;7300;17871;7647;12611;1;1
URGENCES2;2013;380000067;380780080;PED;330;756;1;IAO;26327;;;;;;;;;;;;6025;12;4380;5638;2197;3709;;
URGENCES2;2013;380000174;380781435;GEN;456;672;1;IAO;35547;3345;13112;8969;2589;1424;3;132;4;444;54;76;;8;2920;3011;546;2939;1;1
URGENCES2;2013;380000406;380784751;GEN;336;1008;1;IAO;31712;3272;17260;4985;;;;0;;1430;;;;5;1825;2694;381;2485;;1
URGENCES2;2013;380012658;380012609;GEN;386;582;1;IAO;25940;2498;4464;5935;1448;205;112;153;0;262;64;24;;10;3650;5879;4284;1641;1;0
URGENCES2;2013;380781450;380798140;GEN;168;238;1;IAO;16997;880;5177;1389;310;132;;0;;;;;;2;;375;360;16;;
URGENCES2;2013;380782722;380780080;GEN;212;196;0;;12877;640;3744;1241;;;;;;12;;;;0;0;0;0;0;1;0
URGENCES2;2013;380785956;380795211;GEN;252;455;1;IAO;21390;1321;3421;1836;632;208;;;;;;;;12;4380;1661;839;842;1;1
URGENCES2;2013;390000040;390780146;GEN;177;672;1;IAO;26397;5884;5566;6677;;;;2399;;452;;;;13;3075;3396;573;4314;1;1
URGENCES2;2013;390000065;390780161;GEN;168;168;0;;11998;1345;3148;3235;863;443;;;;180;;;;4;1460;1411;403;1227;1;1
URGENCES2;2013;390000214;390780591;GEN;168;176;0;;7624;;;1055;;;;6;;;;;;3;1095;319;84;294;1;0
URGENCES2;2013;390000222;390780609;GEN;284;452;1;MAO;27112;3467;7197;7731;2388;1140;;;;96;;;;4;1460;1650;552;1125;1;0
URGENCES2;2013;400000105;400780193;GEN;16016;23296;1;MAO;39950;5074;10118;7888;2736;1296;18;129;0;775;93;19;;10;3650;4506;1408;4028;1;1
URGENCES2;2013;400000139;400011177;GEN;504;504;1;IAO;29077;3757;6681;42;2594;957;6;42;3;268;55;12;;10;3650;2979;292;3224;1;1
URGENCES2;2013;400782769;400001764;GEN;148;105;0;;8556;1371;1433;1695;911;60;;12;;;;;;4;1179;1582;1164;418;1;1
URGENCES2;2013;410000020;410000087;GEN;48;112;1;IAO;38137;4924;5028;6564;2443;194;7;131;0;4;1;0;;11;4015;1957;114;3014;1;0
URGENCES2;2013;410000038;410000095;GEN;;;1;IAO;17747;2755;4013;3268;1484;12;4;97;1;953;198;191;;6;2190;1874;252;2176;1;0
URGENCES2;2013;410000046;410000103;GEN;336;504;1;IAO;20950;2557;6489;3554;1461;717;18;445;0;598;;;;4;1460;1891;686;1308;1;0
URGENCES2;2013;420000010;420780033;GEN;803;872;0;;42666;6128;10994;9353;;;;245;;205;;;;12;4380;3783;887;3222;1;0
URGENCES2;2013;420000226;420013831;GEN;;1512;1;IAO;23806;;;5262;;;;;;314;;;;6;2190;2150;369;2454;1;1
URGENCES2;2013;420000234;420780652;GEN;284;615;1;IAO;29078;3052;8958;7969;2367;1460;0;0;0;0;0;0;;6;2190;6480;3401;3188;0;1
URGENCES2;2013;420000267;420013831;GEN;;;1;IAO;17418;2156;4021;3490;600;60;;;5;;;10;;6;1578;1545;319;1458;1;1
URGENCES2;2013;420010050;420787061;GEN;71;159;0;;7882;;;;;;;;;;;;;0;0;1;1;0;1;0
URGENCES2;2013;420011413;420011405;GEN;238;252;1;IAO;21322;2309;3029;3412;;;;;;;;;;6;2190;1166;812;359;1;1
URGENCES2;2013;420780504;420000135;GEN;168;168;1;IAO;13742;563;2707;1565;235;151;;;;;;;;5;1825;610;501;109;1;1
URGENCES2;2013;420780637;420002495;GEN;213;672;1;IAO;24609;3725;5098;5078;;;;;;;;;;6;2190;2336;561;1943;0;1
URGENCES2;2013;420782310;420000853;GEN;168;300;1;IAO;16330;;;1663;;;;;;;;;;2;730;271;189;83;1;0
URGENCES2;2013;420785354;420784878;GEN;;;1;IAO;54421;5589;2654;;;;;;;;;;;15;5475;9375;3627;6682;1;1
URGENCES2;2013;420785354;420784878;PED;;;0;;28628;;;;;;;;;;;;9813;2;730;4699;3479;1225;;
URGENCES2;2013;430000117;430000018;GEN;215;496;1;IAO;34252;4599;6786;11703;3199;1342;9;15;;152;20;9;;8;2920;378;243;138;0;0
URGENCES2;2013;430000190;430000034;GEN;48;41;0;;11449;;;2363;;;0;0;0;248;;;;4;1460;1294;511;865;0;0
URGENCES2;2013;440000016;440000057;GEN;842;1484;1;IAO;67667;7052;15850;12926;3109;2268;2;2;0;312;127;3;;10;3650;3500;342;3373;1;1
URGENCES2;2013;440000271;440000289;GEN;908;2350;1;IAO;75228;8514;3309;22188;5637;528;34;1437;70;512;77;16;;20;7300;5009;505;6962;1;1
URGENCES2;2013;440000271;440000289;PED;315;525;1;IAO;31560;;;;;;;;;;;;7151;8;2920;2208;327;2303;;
URGENCES2;2013;440000396;440000297;GEN;262;300;1;IAO;16706;1775;4815;3421;1251;192;;;;331;112;11;;4;;1668;192;1936;0;
URGENCES2;2013;440000503;440000313;GEN;;9;1;IAO;16442;2339;4480;4885;1757;572;7;31;0;1492;90;26;;4;1460;2115;872;1322;1;1
URGENCES2;2013;440000511;440000461;GEN;;;0;;9335;180;1290;575;44;24;;;;;;;;24;8760;5095;5085;11;0;1
URGENCES2;2013;440041580;440041572;GEN;420;705;1;IAO;26669;4170;2720;5888;1935;139;0;0;0;1037;338;27;;8;2920;2413;411;2451;1;0
URGENCES2;2013;450000021;450000088;GEN;224;168;1;IAO;14162;34;68;2860;5;14;;;;;;;;;;0;0;0;1;1
URGENCES2;2013;450000021;450000088;PED;336;578;1;IAO;33452;;;;;;;;;;;;5013;6;2190;544;66;567;;
URGENCES2;2013;450000047;450000096;GEN;708;1008;1;IAO;26770;;;5615;;;;15;;0;;;;10;3650;2848;597;2833;0;0
URGENCES2;2013;450000062;450000104;GEN;422;637;1;IAO;36444;4347;6552;7997;2583;447;19;332;18;332;52;18;;6;2190;2595;1154;1542;1;0
URGENCES2;2013;450000062;450000104;PED;168;84;1;IAO;8220;;;;;;;;;;;;714;2;730;34;30;5;;
URGENCES2;2013;450000070;450000112;GEN;;182;1;IAO;16119;1537;4724;2195;;;;44;;727;;;;4;1460;1117;263;955;0;1
URGENCES2;2013;450000294;450000591;GEN;252;693;1;IAO;7443;551;1116;1103;191;15;;;;1144;121;91;;8;2920;216;7;226;1;0
URGENCES2;2013;450002613;450000088;GEN;506;1117;1;MAO;46514;7631;962;15706;5111;111;;;;;;;;20;7300;2496;478;2222;;
URGENCES2;2013;460000045;460780083;GEN;35;35;0;;12489;1730;2645;2723;1030;99;;;;;;;;2;730;550;285;275;1;1
URGENCES2;2013;460000052;460780091;GEN;118;300;0;;9106;1356;2065;1674;770;30;3;5;0;264;55;54;;4;;1153;413;895;0;0
URGENCES2;2013;460000102;460780208;GEN;168;252;0;;7473;1279;1571;1126;;9;;;;200;;;;3;732;575;161;593;0;0
URGENCES2;2013;460000110;460780216;GEN;168;609;1;IAO;20210;2857;4171;5850;1797;653;0;0;0;0;0;0;;6;2190;2028;683;1483;0;1
URGENCES2;2013;470000027;470014069;GEN;336;455;1;IAO;24676;2795;4486;5555;1745;151;;;;;;;;6;2190;3344;2726;618;1;1
URGENCES2;2013;470000423;470000316;GEN;314;588;1;IAO;30546;3855;7738;4882;;;;24;;;;;;8;1918;2197;529;1771;1;0
URGENCES2;2013;470000431;470000324;GEN;238;252;1;IAO;23200;4381;5402;3125;;;;;;;;;;5;2555;2508;1270;1271;1;1
URGENCES2;2013;470000480;470001660;GEN;1512;336;1;IAO;22442;3730;5152;6204;2396;830;319;384;0;974;420;27;;3;1095;2288;893;1445;0;1
URGENCES2;2013;480000017;480780097;GEN;168;336;0;;18404;1945;5285;4546;1142;664;137;40;;;;;;4;1460;1493;551;976;0;1
URGENCES2;2013;490000049;490000031;GEN;548;1134;1;IAO;58197;9300;2494;22223;2557;2102;;;;;;;;14;5109;10634;4219;6899;1;1
URGENCES2;2013;490000049;490000031;PED;168;466;0;;22993;;;;;;;;;;;;3083;8;2920;636;103;550;;
URGENCES2;2013;490000635;490000676;GEN;478;1009;1;IAO;51850;5808;16370;12904;3653;2732;22;658;11;;;;;8;2920;2649;596;2180;0;1
URGENCES2;2013;490001765;490528452;GEN;238;492;1;MAO;23729;3411;6422;6923;2272;719;;99;;674;;;;5;1825;3142;1158;2209;1;1
URGENCES2;2013;490014909;490008109;GEN;252;475;1;IAO;24549;2077;6818;4311;1015;537;;;;;;;;3;1095;557;218;354;1;0
URGENCES2;2013;500000021;500000054;GEN;168;504;1;IAO;18736;2871;3166;5770;1809;174;;437;22;312;75;15;;4;1460;2051;445;1866;;0
URGENCES2;2013;500000187;500000013;GEN;325;672;1;IAO;36343;4885;5902;10326;3186;255;3;3;0;369;27;19;;12;4380;2576;898;2000;0;0
URGENCES2;2013;500000260;500000054;GEN;168;336;0;;15232;2219;3024;4467;1464;186;4;8;;105;35;13;;4;1460;2050;1153;931;1;0
URGENCES2;2013;500000427;500000096;GEN;170;170;0;IAO;8934;1543;2025;1564;;;;;;;;;;2;2;635;322;326;1;0
URGENCES2;2013;500000450;500000112;GEN;26;42;1;IAO;39265;4205;12315;8913;2575;1346;3;5;0;;;;;7;2555;1696;334;1633;1;0
URGENCES2;2013;500000468;500000013;GEN;168;192;1;IAO;13228;2063;2903;2534;1131;59;13;16;0;44;3;7;;2;730;366;320;47;0;0
URGENCES2;2013;500000591;500000393;GEN;168;420;1;IAO;15108;2578;3060;3508;1836;14;4;5;0;433;160;2;;5;1825;926;189;791;0;0
URGENCES2;2013;510000169;510000037;GEN;227;632;1;IAO;26888;2607;7002;7104;1611;1541;23;31;0;162;;;;8;2920;1780;334;2033;1;0
URGENCES2;2013;510000185;510000532;GEN;168;210;0;;15290;1266;2392;;;;;;;;;;;8;;1254;691;619;;
URGENCES2;2013;510000193;510000557;GEN;168;252;0;;13589;993;1912;;;;;;;;;;;8;2920;2279;1025;1315;1;1
URGENCES2;2013;510000235;510000060;GEN;193;406;1;IAO;20178;3585;4585;5059;1671;590;0;0;;244;;;;4;1442;855;357;517;1;1
URGENCES2;2013;510000250;510000078;GEN;168;252;1;IAO;13799;1949;3507;3459;1069;568;0;0;0;0;0;0;;4;1450;1005;279;1033;1;1
URGENCES2;2013;510002470;510000029;PED;168;468;1;IAO;23929;;;;;;;;;;;;3060;8;2920;2334;398;1670;;
URGENCES2;2013;510004302;510000029;GEN;436;1064;1;IAO;45608;6050;1999;11229;3481;188;19;277;10;95;6;2;;12;4378;2850;492;3124;0;1
URGENCES2;2013;520000027;520780032;GEN;44;392;1;IAO;19567;1874;;6388;;;;;;;;;;4;1460;1644;395;1343;;
URGENCES2;2013;520000043;520780057;GEN;168;168;0;;13102;1852;2880;3007;1164;295;6;10;0;348;83;27;;4;1460;647;197;555;1;1
URGENCES2;2013;520000068;520780073;GEN;304;504;1;IAO;25650;3812;6327;5949;2219;831;;;;215;70;6;;8;2920;1867;395;1779;1;1
URGENCES2;2013;530000017;530000025;GEN;168;322;0;;15384;;3571;4141;;;;161;;399;;;;1;365;685;383;307;0;
URGENCES2;2013;530000173;530000074;GEN;385;;1;IAO;18824;3124;3832;3392;1681;85;14;183;1;388;79;117;;6;2097;1865;343;1666;1;1
URGENCES2;2013;530000264;530000371;GEN;420;;1;IAO;40176;4583;13187;7025;2079;1077;3;8;3;323;83;30;;11;4015;3690;1407;2804;;
URGENCES2;2013;530031962;530000975;GEN;168;245;0;;3147;311;688;938;192;43;;;;;;;;0;;207;52;213;0;0
URGENCES2;2013;540000023;540000049;GEN;336;168;0;;17015;4659;4117;2803;;;;;;;;;;4;;1198;309;953;1;0
URGENCES2;2013;540000155;540000080;GEN;168;252;0;;16753;2686;4528;4618;1260;537;1;1;;546;83;78;;4;1460;1489;559;991;1;0
URGENCES2;2013;540000296;540000106;GEN;48;35;0;;9899;1593;1761;1869;836;15;;6;;824;;;;3;1095;1649;722;1043;1;0
URGENCES2;2013;540000486;540000932;GEN;168;420;0;;16859;1057;342;2081;;;7;12;;;;;;8;2920;3401;1907;2428;0;0
URGENCES2;2013;540001070;540000767;GEN;336;274;1;IAO;31136;2728;10206;5405;1560;1035;2;112;2;458;65;13;;4;1460;1086;427;693;0;1
URGENCES2;2013;540001096;570010181;GEN;168;252;1;IAO;20205;3074;4893;4783;;;;142;;387;;;;7;2555;2593;909;2366;1;0
URGENCES2;2013;540001138;540002078;GEN;476;1200;1;IAO;41640;6306;981;10585;3262;73;;21;0;1974;1071;49;;8;2904;5825;927;5829;1;1
URGENCES2;2013;540002698;540002078;PED;137;585;1;IAO;24632;;;;;;;;;;;;5575;2;730;326;253;73;;
URGENCES2;2013;550000012;550000020;GEN;336;756;1;IAO;27871;4364;5512;7092;;;;598;;218;;;;6;;1752;730;1048;1;0
URGENCES2;2013;550000434;550003354;GEN;40;35;1;IAO;18044;2408;4358;4123;1191;763;29;42;0;;;;;4;1460;1346;468;928;1;0
URGENCES2;2013;560000127;560023210;GEN;453;1108;1;IAO;58724;8056;8590;16243;5055;307;4;5;0;714;186;3;;16;5840;7791;540;8898;1;0
URGENCES2;2013;560000127;560023210;PED;168;222;1;IAO;11253;;;;;;;;;;;;1843;0;0;0;0;0;;
URGENCES2;2013;560000135;560005746;GEN;538;708;1;IAO;40143;5706;5654;8118;2797;241;7;17;;1166;100;9;;16;5208;7944;4186;3852;0;1
URGENCES2;2013;560000135;560005746;PED;168;252;1;IAO;10045;;;;;;;;;;;;2565;;;0;0;0;;
URGENCES2;2013;560000143;560014748;GEN;420;756;1;IAO;26937;4796;5876;9182;3189;1375;0;6;0;705;106;152;;12;4380;2762;505;3035;0;1
URGENCES2;2013;560000192;560000044;GEN;168;364;1;IAO;17849;3162;3345;5549;2164;134;1;1;;547;161;102;;6;2190;1668;312;1414;0;0
URGENCES2;2013;560000200;560023210;GEN;;;1;IAO;1341;168;292;187;85;11;0;0;0;3;2;0;;0;0;0;0;0;0;0
URGENCES2;2013;570000059;570025254;GEN;168;349;1;IAO;43102;2992;16924;7834;1448;2148;;;;1027;223;17;;6;2190;1845;467;1561;1;1
URGENCES2;2013;570000117;570015099;GEN;336;420;0;IAO;21903;2142;5665;4927;1424;471;;;;325;17;30;;4;360;392;272;120;1;0
URGENCES2;2013;570000216;570010173;GEN;353;728;1;IAO;22999;;;;;;;;;;;;;4;1460;2055;672;1501;0;0
URGENCES2;2013;570000349;570005165;GEN;336;893;1;IAO;38986;5768;1176;9814;3068;94;43;511;10;1114;411;5;;10;3650;3123;214;3513;1;1
URGENCES2;2013;570000349;570005165;PED;88;336;1;IAO;16322;;;;;;;;;;;;2152;5;1825;1108;304;853;;
URGENCES2;2013;570000596;750821092;GEN;250;710;1;IAO;21569;1382;1689;2654;548;42;1;24;1;461;206;1;;6;2190;1099;190;949;1;1
URGENCES2;2013;570000646;570001115;GEN;168;336;0;;17072;950;5483;2930;;;;;;143;;;;5;900;1268;1012;256;1;0
URGENCES2;2013;570000901;570000158;GEN;280;542;1;IAO;37969;3504;12121;8366;2250;1504;;;;;;;;5;1825;1642;669;1041;1;1
URGENCES2;2013;570026682;570005165;GEN;413;893;1;IAO;42214;5826;4620;11512;3230;248;;1;;1544;253;36;;15;5091;5741;917;6188;1;1
URGENCES2;2013;570026682;570005165;PED;112;336;0;;10619;;;;;;;;;;;;2063;5;1825;1160;234;1085;;
URGENCES2;2013;580972669;580780070;GEN;168;168;0;;10963;1323;2394;1672;645;16;;;;323;52;72;;2;730;604;374;239;0;0
URGENCES2;2013;580972677;580780088;GEN;168;420;1;IAO;13995;1912;2891;;525;18;;;;;;;;2;;912;353;605;1;0
URGENCES2;2013;580972685;580780096;GEN;168;;0;;10248;1875;1843;2731;1164;57;8;11;0;158;;;;2;730;684;228;525;1;1
URGENCES2;2013;580972693;580780039;GEN;406;590;1;IAO;35887;4210;8592;9163;;1533;;11;;538;;;;10;3650;3004;539;2784;1;1
URGENCES2;2013;590000121;590780227;GEN;314;704;1;IAO;41120;2931;12800;10256;2070;1625;75;107;;;;;;8;2920;3272;1432;2118;0;0
URGENCES2;2013;590000337;590781415;GEN;54;38;1;IAO;53410;7000;18300;11071;;;;;;;;;;9;;5607;2381;3608;1;0
URGENCES2;2013;590000428;590781605;GEN;238;168;1;IAO;27764;;;10559;;;;;;;;;;10;3650;7543;3313;4504;0;0
URGENCES2;2013;590000428;590781605;PED;;;0;;2563;;;;;;;;;;;;;2;;191;183;9;;
URGENCES2;2013;590000436;590781621;GEN;343;239;1;IAO;12318;1156;3446;2646;721;85;1;5;;;;;;5;1825;2276;1081;1289;0;0
URGENCES2;2013;590000469;590781662;GEN;;;0;;14624;1357;4658;3585;;;;289;;270;;;;12;1284;1170;589;735;1;1
URGENCES2;2013;590000535;590781803;GEN;;;1;IAO;53385;3918;16194;11925;2864;1920;5;591;21;2673;1006;43;;12;4380;5694;2755;3227;0;1
URGENCES2;2013;590000592;590782165;GEN;336;588;1;IAO;27278;2648;6715;3580;568;294;207;285;4;354;21;163;;6;2190;2808;884;2091;1;1
URGENCES2;2013;590000618;590782215;GEN;566;1325;1;MAO;53354;8553;467;7744;2373;30;;;;1915;;;;17;6205;14607;7652;7471;1;1
URGENCES2;2013;590000618;590782215;PED;;;1;IAO;22549;;;;;;;;;;;;5058;3;1095;0;0;0;;
URGENCES2;2013;590000758;590782637;GEN;223;;1;IAO;32037;2922;11702;10617;2064;2360;;;;;;;;10;3650;8343;5613;3009;1;1
URGENCES2;2013;590000774;590782652;GEN;168;227;1;IAO;15336;1666;3511;3147;1049;122;0;0;0;665;279;20;;2;730;1701;1066;1710;0;0
URGENCES2;2013;590001004;590783239;GEN;505;;;;45431;5917;646;13703;3750;84;2;281;;489;;;;11;4015;4919;866;4610;;
URGENCES2;2013;590001004;590783239;PED;168;;;;19556;;;;;;;;;;;;2977;;;0;0;0;;
URGENCES2;2013;590001749;590788956;GEN;168;315;1;IAO;14623;817;4179;2038;;;;;;;;;;2;730;314;219;314;0;0
URGENCES2;2013;590008041;590008033;GEN;168;455;;;14878;;;;;;;;;;;;;10;;563;88;513;;
URGENCES2;2013;590780284;590051801;GEN;;;1;IAO;21380;3689;2496;6816;2434;152;5;5;;;;;;7;2555;3365;1585;1963;;
URGENCES2;2013;590796975;590780193;GEN;1460;3078;1;IAO;93836;5643;2583;15732;3430;384;;565;15;954;275;8;;13;3172;18616;11258;7540;0;1
URGENCES2;2013;590796975;590780193;PED;211;476;0;;24286;;;;;;;;;;;;4953;10;2510;4854;2473;2404;;
URGENCES2;2013;590797353;590051801;GEN;;;1;IAO;39806;2046;2943;8305;1360;314;;;;;;;;7;255;3290;839;3050;0;0
URGENCES2;2013;590797353;590051801;PED;;;0;;19832;;;;;;;;;;;;2835;5;1825;1195;293;924;;
URGENCES2;2013;590801106;590782421;GEN;956;1155;1;IAO;57210;;;8811;;;;12;;1850;;;;20;7259;17503;11672;6035;0;1
URGENCES2;2013;590801106;590782421;PED;168;367;1;IAO;25032;;;;;;;;;;;;4026;0;0;0;0;0;;
URGENCES2;2013;590804696;590781902;GEN;413;924;1;IAO;47202;3838;14785;8974;2198;1777;10;13;0;1012;119;77;;8;2920;3564;1811;1772;1;1
URGENCES2;2013;590816310;590000048;GEN;168;217;1;IAO;12255;456;3917;894;97;77;;;;117;12;13;;3;1095;57;24;34;1;1
URGENCES2;2013;600000053;600101984;GEN;391;588;1;IAO;27791;2062;3360;5856;1222;75;11;13;;299;69;13;;6;2190;1477;219;1607;0;0
URGENCES2;2013;600000053;600101984;PED;168;175;0;;8621;;;;;;;;;;;;1405;;;0;0;0;;
URGENCES2;2013;600000186;600100648;GEN;168;252;0;;22787;1587;6095;2022;603;51;2;2;0;513;;;;0;0;0;0;0;1;0
URGENCES2;2013;600000194;600100713;GEN;616;606;1;IAO;41121;5987;5635;11387;3810;185;;;;476;;;;11;4015;5384;1931;4152;1;1
URGENCES2;2013;600000194;600100713;PED;;;1;IAO;18090;;;;;;;;;;;;2603;4;368;319;87;243;;
URGENCES2;2013;600000285;600100721;GEN;106;527;1;IAO;16392;274;0;2359;;0;;1;0;59;13;0;;3;1095;921;292;655;0;1
URGENCES2;2013;600000467;600101984;GEN;544;910;1;MAO;42264;3416;4358;9680;1836;144;;;;496;154;19;;12;4380;3406;285;4271;1;1
URGENCES2;2013;600000467;600101984;PED;133;188;0;;16626;;;;;;;;;;;;2687;;;0;0;0;;
URGENCES2;2013;600100754;600000228;GEN;189;292;1;IAO;16659;442;3776;;;;;;;;;;;5;1825;300;260;40;1;1
URGENCES2;2013;600113476;600100721;GEN;35;35;1;IAO;41423;;;;;;;;;;;;;12;;3468;350;3896;0;1
URGENCES2;2013;600113476;600100721;PED;38;0;1;IAO;14001;;;;;;;;;;;;2295;;;0;0;0;;
URGENCES2;2013;610000044;610780074;GEN;168;252;0;;15093;1952;3949;3474;1354;170;;;;;;;;4;1460;1729;637;1211;1;0
URGENCES2;2013;610000051;610780082;GEN;168;865;1;IAO;33580;4500;7078;6847;2216;693;10;17;0;683;177;21;;8;2920;1813;332;2307;0;1
URGENCES2;2013;610000069;610780090;GEN;168;228;0;;18617;2686;4270;5632;1877;562;;;;106;17;1;;5;1825;5345;3435;2039;1;1
URGENCES2;2013;610000077;610780124;GEN;168;168;1;IAO;7988;1190;1743;1646;696;4;3;10;0;340;60;64;;2;730;680;145;561;1;0
URGENCES2;2013;610000119;610780165;GEN;386;624;1;IAO;26934;3096;3144;5981;;;;290;;311;;;;6;2190;3109;1062;2327;1;1
URGENCES2;2013;610780116;610790594;GEN;133;316;0;;9609;1536;2214;2458;1088;34;22;32;0;370;86;68;;3;1095;793;173;679;0;0
URGENCES2;2013;620000034;620100057;GEN;386;770;1;IAO;37945;4322;4397;10810;2914;291;275;629;12;1172;491;18;;10;3650;8628;5729;3006;1;1
URGENCES2;2013;620000034;620100057;PED;168;140;1;IAO;8535;;;;;;;;;;;;2274;2;730;307;280;29;;
URGENCES2;2013;620000224;620100651;GEN;241;1260;1;IAO;40990;4645;11421;8413;2050;1964;14;17;;1155;270;58;;6;2190;14;12;2;1;0
URGENCES2;2013;620000257;620100685;GEN;918;1275;1;IAO;55796;5241;21173;15378;2644;3902;446;1084;19;641;144;37;;16;5840;6069;770;6529;1;0
URGENCES2;2013;620000323;620101337;GEN;524;1097;1;IAO;39450;2964;11805;11201;2292;2037;1;170;9;0;0;0;;12;4380;5578;1648;4320;1;0
URGENCES2;2013;620000349;620101360;GEN;168;168;;;30942;3329;8848;10339;;;;1;;206;;;;7;2555;4736;1167;3877;;
URGENCES2;2013;620000653;620103440;GEN;313;1057;1;IAO;39793;;;;;;;;;;;;;10;3650;8160;5300;3240;1;0
URGENCES2;2013;620000653;620103440;PED;313;1057;1;IAO;6900;;;;;;;;;;;;;2;730;447;432;15;;
URGENCES2;2013;620003202;620103432;GEN;336;481;1;IAO;28247;3018;8099;9098;2338;1626;26;267;2;;;;;6;3120;3066;533;2849;1;0
URGENCES2;2013;620003350;620001834;GEN;395;613;1;IAO;22724;2555;4792;6022;;;;2;;311;;;;2;184;730;492;255;1;1
URGENCES2;2013;620003376;620001834;GEN;523;;1;IAO;26566;;;7295;;;;;;1394;;;;5;;5265;1739;3727;0;0
URGENCES2;2013;620025346;620001834;GEN;336;560;1;IAO;20292;2480;5537;;;;;;;;;;;7;2555;2134;725;1627;0;0
URGENCES2;2013;620100735;620000265;GEN;168;168;0;;11157;;;1032;;;;;;;;;;2;;627;;627;0;0
URGENCES2;2013;620106088;620000976;GEN;168;168;0;;3396;;;442;;;;;;;;;;1;0;69;69;69;0;0
URGENCES2;2013;630000404;630780989;GEN;436;;1;IAO;45297;5386;1540;14647;3908;218;;;;;;;;14;5110;7591;1575;8017;0;0
URGENCES2;2013;630000412;630780997;GEN;168;280;0;;9714;956;2342;1508;537;36;;0;;263;;;;4;1460;626;142;715;0;1
URGENCES2;2013;630000420;630781003;GEN;;;1;IAO;15234;;;;;;;;;;;;;2;730;889;248;684;0;0
URGENCES2;2013;630000438;630781011;GEN;168;259;0;;16614;2588;2422;3519;1426;16;1;1;0;;;;;4;1460;1311;247;1321;0;0
URGENCES2;2013;630000446;630781029;GEN;168;168;0;;13688;;;3308;;;;;;;;;;4;1460;1087;408;731;;
URGENCES2;2013;630780211;630000107;GEN;188;296;0;;16782;684;2721;1324;224;43;;;;2;2;;;2;730;3;2;1;1;1
URGENCES2;2013;630781268;630780989;PED;;;;;26889;;;;;;;;;;;;3462;4;1460;1355;486;1042;;
URGENCES2;2013;640000162;640780417;GEN;574;994;1;IAO;41213;4773;1724;13224;3445;571;20;562;38;;;;;8;2920;2585;458;2321;;
URGENCES2;2013;640000162;640780417;PED;172;;1;IAO;11421;;;;;;;;;;;;2693;5;1825;1048;1012;37;;
URGENCES2;2013;640000402;640780813;GEN;168;336;0;;13368;2237;3485;2248;;;;9;;657;;;;4;1460;1068;487;598;0;1
URGENCES2;2013;640000410;640780821;GEN;273;224;1;IAO;13352;1921;2623;3425;1245;145;0;0;0;22;17;1;;2;732;558;216;349;0;0
URGENCES2;2013;640000600;640781290;GEN;420;912;1;IAO;39942;5606;1450;6148;;;;392;0;1025;;;;8;3737;3663;522;3374;0;0
URGENCES2;2013;640000600;640781290;PED;138;341;0;;20014;;;;;;;;;;;;1941;1;365;219;218;1;;
URGENCES2;2013;640017646;640017638;GEN;168;168;1;IAO;6073;774;1628;1673;502;47;;;;158;;;;2;730;354;222;148;0;0
URGENCES2;2013;640780433;640012209;GEN;168;224;0;;9422;1265;2214;2174;571;79;;;;;;;;6;;562;475;87;;
URGENCES2;2013;640780490;640000212;GEN;168;179;0;;15145;1910;2402;3375;842;57;;;;146;69;30;;4;1460;1406;1107;299;1;1
URGENCES2;2013;640780748;640000360;GEN;;;;;3346;277;871;3346;277;871;;;;;;;;9;;3618;2908;731;;
URGENCES2;2013;640780938;640000451;GEN;168;168;0;;10708;;;2016;;;;0;;0;;;;2;730;690;684;6;1;0
URGENCES2;2013;650000045;650780158;GEN;336;504;1;IAO;18323;2298;3420;3156;1047;97;2;2;0;419;56;49;;6;2190;1907;834;1094;1;1
URGENCES2;2013;650000052;650780166;GEN;168;168;0;;5858;456;1534;470;345;2;1;1;0;460;88;49;;2;730;112;106;6;0;0
URGENCES2;2013;650000417;650783160;GEN;1204;;;;33453;4307;10365;10302;2708;1750;17;26;0;276;58;6;;8;2920;3516;1156;2621;;
URGENCES2;2013;650780679;650000243;GEN;;;0;;8838;912;1471;8838;912;1471;;;;;;;;;;255;166;89;1;0
URGENCES2;2013;650784218;650780174;GEN;168;504;0;;12090;1348;2592;2229;682;96;12;69;2;349;66;50;;2;730;1164;659;508;1;1
URGENCES2;2013;660000084;660780180;GEN;606;1907;1;IAO;52873;10241;5464;13700;6333;312;;;;;;;;22;8030;7120;1984;7540;1;0
URGENCES2;2013;660000084;660780180;PED;175;355;1;IAO;20686;;;;;;;;;;;;2715;5;1825;1226;549;701;;
URGENCES2;2013;660780628;660000282;GEN;168;168;1;IAO;6037;741;1252;1213;451;58;;;;67;8;6;;2;368;296;296;0;1;1
URGENCES2;2013;660780776;660000399;GEN;168;168;0;;8856;1274;2087;2036;765;107;;;;;;;;2;730;554;0;554;0;1
URGENCES2;2013;660780784;660000407;GEN;399;413;1;IAO;27888;2254;5640;3886;170;879;;;;1389;406;107;;2;730;556;476;80;1;1
URGENCES2;2013;660790387;660790379;GEN;252;413;1;IAO;37850;;;4382;;;;;;;;;;10;3650;519;361;158;1;0
URGENCES2;2013;670000025;670780055;GEN;538;1330;1;MAO;31655;4693;769;9289;2926;51;9;129;3;1101;294;4;;18;6570;15342;7032;10470;1;1
URGENCES2;2013;670000157;670780337;GEN;473;868;1;IAO;33382;4080;4447;9464;2910;116;4;5;0;886;;;;10;3650;5032;936;4748;1;0
URGENCES2;2013;670000157;670780337;PED;496;270;0;;10059;;;;;;;;;;;;1038;;;0;0;0;;
URGENCES2;2013;670000165;670780345;GEN;236;770;1;IAO;19563;2984;2012;5123;1990;4;91;133;;869;364;1;;4;1460;1469;302;1295;;
URGENCES2;2013;670000165;670780345;PED;;;;;8173;;;;;;;;;;;;1099;1;365;305;153;166;;
URGENCES2;2013;670000272;670780543;GEN;224;175;1;IAO;12545;1500;2868;2676;984;78;3;12;0;241;17;58;;2;730;230;116;114;1;1
URGENCES2;2013;670000397;670780691;GEN;296;635;1;IAO;29699;2914;8496;5128;1698;963;;;;649;243;35;;4;1460;1819;750;1086;1;1
URGENCES2;2013;670016237;670016211;GEN;168;368;1;IAO;26025;781;6534;682;144;54;2;2;0;687;48;117;;5;1825;1452;1003;453;1;1
URGENCES2;2013;670780212;670014604;GEN;;;1;IAO;14624;1023;3528;2291;543;37;;;;12;;;;5;1825;2291;1347;953;0;0
URGENCES2;2013;670783273;670780055;GEN;504;1505;1;IAO;34986;4655;446;6765;1834;39;21;118;0;720;356;0;;12;4532;12647;6467;7752;1;1
URGENCES2;2013;670783273;670780055;PED;196;753;1;IAO;36805;;;;;;;;;;;;4148;8;2920;4148;2332;1977;;
URGENCES2;2013;680000197;680000049;GEN;168;168;1;IAO;16367;1758;3240;1810;690;71;;;;216;;;;;;0;0;0;1;0
URGENCES2;2013;680000320;680000643;GEN;168;408;1;IAO;29887;2593;5550;5475;1419;60;0;0;0;891;126;90;;4;;1975;1480;515;1;0
URGENCES2;2013;680000544;680000395;GEN;218;262;1;IAO;15711;1408;3413;2161;687;134;0;2;0;0;0;0;;2;730;537;265;312;1;0
URGENCES2;2013;680000601;680000437;GEN;238;280;0;;15407;1727;3841;1688;792;48;;0;;584;90;96;;2;730;535;238;305;1;0
URGENCES2;2013;680000627;680000486;PED;193;250;0;;13658;;;;;;;;;;;;2251;2;730;497;297;211;;
URGENCES2;2013;680000684;680000973;GEN;640;1243;1;IAO;46870;4873;3449;11940;2658;209;;;;;;;;10;3650;3943;1006;3112;0;0
URGENCES2;2013;680000700;680001005;GEN;168;295;;;21644;1535;3187;1322;;;;;;;;;;3;1095;686;363;325;;
URGENCES2;2013;680001245;680000973;PED;376;266;0;;17246;;;;;;;;;;;;2791;4;1460;45;27;18;;
URGENCES2;2013;680004546;680000486;GEN;929;1208;1;IAO;59015;6591;7264;10875;485;3157;;;;1282;109;67;;15;5475;4372;960;4149;0;0
URGENCES2;2013;690000013;690780036;GEN;336;294;0;;17818;1317;2561;1590;538;16;;;;92;16;2;;3;1095;754;282;483;1;1
URGENCES2;2013;690000575;690782222;GEN;925;1848;1;IAO;58281;5117;25777;11305;;;;;;;;;;16;5840;5238;850;4779;;
URGENCES2;2013;690000625;690782271;GEN;269;269;0;;16817;1614;4061;2265;873;7;2;2;0;24;6;6;;4;1460;1182;269;953;0;
URGENCES2;2013;690007539;690781810;PED;476;924;1;IAO;94615;;;;;;;;;;;;6760;19;4601;4498;923;3690;;
URGENCES2;2013;690023411;690000252;GEN;168;252;1;IAO;15354;2153;2605;2948;415;13;;;;290;180;3;;4;1460;1550;747;882;1;0
URGENCES2;2013;690780093;750821092;GEN;252;420;1;IAO;23933;2880;108;3528;764;0;;;;255;212;0;;4;1460;1006;192;854;1;1
URGENCES2;2013;690780382;690000211;GEN;168;252;0;;16424;639;4259;320;55;18;;0;;;;;;3;1095;226;139;97;1;1
URGENCES2;2013;690780390;690000229;GEN;189;252;1;IAO;18942;1444;3862;2213;672;81;;;;113;17;25;;5;1825;760;366;423;1;
URGENCES2;2013;690780416;690031190;GEN;274;490;1;IAO;27163;2900;5052;1706;;;;;;600;;;;8;2920;2407;652;1969;1;0
URGENCES2;2013;690780648;690036900;GEN;252;402;1;IAO;16613;1479;1073;2327;;;;;;172;;;;6;2190;1018;221;1100;1;0
URGENCES2;2013;690780655;690000377;GEN;213;420;1;IAO;28448;2051;;826;;;;;;528;;;;6;178;277;99;178;0;1
URGENCES2;2013;690782834;690000724;GEN;204;560;1;IAO;22055;1994;;1251;;;;;;46;;;;4;1402;731;50;1243;1;1
URGENCES2;2013;690783154;690781810;GEN;1216;1661;1;IAO;109670;5924;2186;12437;3570;153;;;;2028;268;73;;19;10625;8300;1249;9461;1;0
URGENCES2;2013;690784137;690781810;GEN;504;840;1;IAO;33436;4072;;4346;1304;;1488;5116;;453;95;;;13;7064;4502;699;5586;1;1
URGENCES2;2013;690784152;690781810;GEN;414;875;1;IAO;25925;2731;;4390;1678;;0;0;;117;39;;;9;3672;3749;644;3153;1;1
URGENCES2;2013;690805361;690805353;GEN;482;1400;1;IAO;36673;4687;1077;7761;2933;48;;;;642;179;19;;13;4745;4629;114;6766;1;0
URGENCES2;2013;690807367;690003447;GEN;190;280;1;IAO;15525;;;;;;;;;;;;;2;;65;59;6;;
URGENCES2;2013;700000011;700780026;GEN;168;168;1;IAO;10543;1611;2053;1617;;;;0;;903;;;;2;730;544;201;355;1;0
URGENCES2;2013;700000029;700004591;GEN;576;596;1;MAO;29253;3521;6466;11355;2605;1197;;400;;586;;;;10;3650;4273;1151;3516;1;1
URGENCES2;2013;710010067;710780644;GEN;218;392;1;IAO;20683;3157;5168;;;;;;;;;;;5;1825;1694;463;1391;1;0
URGENCES2;2013;710010786;710781451;GEN;245;490;0;;13959;;;2389;;;;;;;;;;2;;647;196;496;;
URGENCES2;2013;710978263;710780958;GEN;396;496;1;IAO;46487;4793;14788;10698;3146;1514;1;1;0;;;;;8;2920;3443;386;4120;1;0
URGENCES2;2013;710978289;710780263;GEN;;;1;IAO;46118;5205;26777;9871;3259;1340;42;404;0;;66;;;10;3650;3514;427;3256;1;1
URGENCES2;2013;710978313;710976705;GEN;168;168;0;;18784;4101;3596;5271;;;;;;673;;;;;;0;0;0;1;0
URGENCES2;2013;710978347;710781204;GEN;252;588;1;IAO;27266;3344;9307;4144;1455;280;2;5;0;583;640;269;;2;730;563;553;10;1;0
URGENCES2;2013;720000033;720000025;GEN;500;1064;1;IAO;52107;9403;152;15297;5869;45;26;33;0;1304;104;3;;22;8030;12236;5518;7141;1;1
URGENCES2;2013;720000033;720000025;PED;350;765;1;IAO;27722;;;;;;;;;;;;5177;7;2555;2623;1205;1431;;
URGENCES2;2013;720000124;720000066;GEN;168;168;1;IAO;8590;1316;2013;1131;621;10;4;10;0;318;56;55;;3;;192;85;113;0;0
URGENCES2;2013;720000470;610780082;GEN;168;333;0;;7658;1312;1752;2278;896;69;4;5;0;134;18;19;;3;1095;1483;1086;425;0;1
URGENCES2;2013;720000520;720000140;GEN;168;175;0;;7629;999;1554;;583;5;1;;0;;37;43;;3;;594;188;488;1;0
URGENCES2;2013;720001437;720006022;GEN;168;168;0;;13877;2127;3080;3122;1378;66;0;0;0;249;20;87;;3;1095;1181;363;886;1;0
URGENCES2;2013;720016179;720016724;GEN;168;508;1;IAO;23731;3170;6077;6683;2104;927;11;18;0;395;35;55;;4;1460;1630;535;1148;1;0
URGENCES2;2013;720017748;720000561;GEN;252;525;1;IAO;29456;1861;4860;3976;;;;47;;;;;;7;2555;1613;321;1365;1;1
URGENCES2;2013;730000031;730000015;GEN;163;238;1;IAO;53714;5942;15161;11776;;;;;;;;;;14;4552;3665;789;3116;;
URGENCES2;2013;730000049;730002839;GEN;168;165;1;IAO;12025;780;2284;2733;394;162;1;1;0;285;30;19;;0;;0;0;0;1;1
URGENCES2;2013;730000080;730780103;GEN;336;504;1;IAO;14214;1407;3201;3127;;;;0;;371;;;;2;;658;287;377;1;1
URGENCES2;2013;730000098;730780111;GEN;168;270;1;;15455;3698;2534;1549;832;0;;;;;;;;3;1095;1002;245;801;0;0
URGENCES2;2013;730000247;730780525;GEN;168;168;1;IAO;13426;601;3455;2521;311;265;;;;399;29;86;;6;1345;1299;459;882;0;1
URGENCES2;2013;730000262;730002839;GEN;168;256;0;;21221;1870;5917;5561;1186;1199;1;3;0;476;49;45;;8;2920;1605;248;1460;1;1
URGENCES2;2013;730004298;730010048;GEN;188;350;1;IAO;24715;1014;7238;1641;242;169;;;;;;;;6;2190;358;117;257;1;0
URGENCES2;2013;740000237;740781133;GEN;524;1505;1;IAO;63024;6522;18791;13244;3387;447;28;620;2;507;159;21;;16;4724;4834;1210;4267;0;1
URGENCES2;2013;740000294;740781208;GEN;63;63;0;;5529;;;95;;;;0;;0;;;;;;0;0;0;0;0
URGENCES2;2013;740000302;740781216;GEN;406;160;1;IAO;23233;2277;5682;6076;1575;813;0;569;0;421;0;0;;6;2190;1957;442;1597;1;1
URGENCES2;2013;740000328;740790381;GEN;48;35;1;IAO;40001;;;;;;;;;;;;;10;;2357;163;3104;1;1
URGENCES2;2013;740014345;740000617;GEN;168;326;1;IAO;25842;524;7581;;;;;;;;;;;6;520;228;86;153;1;1
URGENCES2;2013;740780424;740000120;GEN;12;19;1;IAO;4;;;3;;;;;;;;;;;;0;0;0;1;
URGENCES2;2013;740781141;740790258;GEN;490;924;1;IAO;50212;5301;12403;10823;2828;1842;;;;899;;;;9;3285;2033;212;1858;1;1
URGENCES2;2013;740781224;740001839;GEN;252;560;1;IAO;35167;2905;8556;8453;1757;1782;;;;467;48;27;;10;3650;2260;156;2871;1;1
URGENCES2;2013;750000481;750110025;GEN;408;287;1;IAO;45574;2155;2754;1634;236;44;;;;;;;;;;0;0;0;1;0
URGENCES2;2013;750000523;750150120;GEN;358;712;1;IAO;38232;5945;711;12920;3449;73;;;;70;22;0;;6;2190;2438;502;1950;0;0
URGENCES2;2013;750000549;750150229;GEN;168;218;1;IAO;27824;1134;4437;520;72;72;;;;;;;;3;1095;47;46;1;0;0
URGENCES2;2013;750100018;750712184;GEN;434;654;1;IAO;63652;2799;1654;3341;;;;;;1828;;1;;12;4380;1940;616;1762;1;1
URGENCES2;2013;750100042;750712184;GEN;760;1915;1;IAO;62205;4084;2425;7196;1294;81;10;16;0;2625;522;73;;13;4745;6002;1943;5443;1;1
URGENCES2;2013;750100075;750712184;GEN;350;672;1;IAO;34810;1587;772;34810;1587;772;;;;;;;;7;2555;2345;610;2316;1;1
URGENCES2;2013;750100091;750712184;GEN;612;1799;1;IAO;51925;5330;1019;10703;3172;90;0;117;0;1466;205;20;;11;6854;4487;954;3966;1;1
URGENCES2;2013;750100109;750712184;PED;;;1;IAO;46998;;;;;;;;;;;;7050;6;3096;5338;2476;3135;;
URGENCES2;2013;750100125;750712184;GEN;647;1522;1;IAO;57366;4302;5347;9543;;;;44;;110;;;;20;7300;6974;2053;5582;1;1
URGENCES2;2013;750100166;750712184;GEN;630;1302;1;IAO;44464;6382;253;9315;;;;;;;;;;19;6935;8946;4679;4751;1;1
URGENCES2;2013;750100208;750712184;PED;638;1288;1;IAO;65930;;;;;;;;;;;;4223;12;4566;4565;2718;1896;;
URGENCES2;2013;750100232;750712184;GEN;55;37;;;76199;5624;2133;13351;3441;104;2;27;0;1302;156;80;;24;8312;10076;3312;8538;;
URGENCES2;2013;750100273;750712184;GEN;455;1204;1;IAO;45617;4032;1015;8292;2073;68;0;0;0;1356;203;39;;14;5936;7101;2304;5255;1;1
URGENCES2;2013;750150237;750006728;GEN;258;438;1;IAO;18319;1983;354;1447;;;;;;391;;;;2;730;503;98;428;1;0
URGENCES2;2013;750803447;750712184;GEN;561;1434;1;IAO;50335;;;11276;;;;;;1161;;;;15;5475;5117;2196;3546;1;1
URGENCES2;2013;750803454;750712184;PED;1092;1548;1;IAO;81053;;;;;;;;;;;;6935;15;4175;3667;1781;1919;;
URGENCES2;2013;760000018;760780023;GEN;373;647;1;IAO;33903;3841;8960;8700;2331;1572;30;682;26;;;;;2;730;984;58;1171;0;
URGENCES2;2013;760000042;760780056;GEN;168;168;0;;16459;1006;5465;327;;;;;;962;;;;;;0;0;0;0;
URGENCES2;2013;760000141;760780239;GEN;168;353;1;IAO;21938;2336;4415;3785;1440;50;;;;;;;;5;;3800;2721;1085;0;1
URGENCES2;2013;760000158;760780239;GEN;930;2045;1;MAO;84061;10930;2436;52504;7012;528;;;;;;;;16;5840;26217;16228;10208;0;1
URGENCES2;2013;760000158;760780239;PED;396;636;1;IAO;36627;;;;;;;;;;;;6455;;;0;0;0;;
URGENCES2;2013;760000364;760780734;GEN;80;330;1;IAO;20932;3110;5756;4251;;;;;;637;;;;4;;1548;359;1390;1;
URGENCES2;2013;760000372;760780742;GEN;336;385;0;;19339;1640;5532;2510;774;29;119;119;0;1604;;169;;4;1095;1718;692;1062;0;0
URGENCES2;2013;760000463;760024042;GEN;7488;924;1;IAO;41433;5898;6786;8891;;;;524;;444;;;;8;2920;2135;313;2333;;
URGENCES2;2013;760021329;760000448;GEN;230;454;1;IAO;35181;;;3182;;;;;;;;;;6;2190;2211;1971;241;1;1
URGENCES2;2013;760780510;760000257;GEN;186;253;1;IAO;13853;667;3443;1662;;;;;;;;;;4;;235;105;131;0;1
URGENCES2;2013;760780791;760000414;GEN;209;410;1;IAO;25097;1046;4274;2151;;;;0;;0;;;;4;1460;790;570;221;;
URGENCES2;2013;760805770;760780726;GEN;504;1216;1;IAO;38464;5473;1115;13665;3982;70;;28;2;187;16;1;;8;2920;4216;1391;2928;1;1
URGENCES2;2013;760805770;760780726;PED;284;577;1;IAO;31008;;;;;;;;;;;;5210;2;730;836;764;74;;
URGENCES2;2013;760921809;760000273;GEN;282;360;0;;27607;2064;11593;1886;231;102;;;;;;;;6;2190;755;115;708;1;1
URGENCES2;2013;770000131;770110013;GEN;238;420;1;IAO;30187;3238;9505;6146;;;;;;;;;;2;730;546;128;448;0;0
URGENCES2;2013;770000131;770110013;PED;;;;;6147;;;;;;;;;;;;;;;0;0;0;;
URGENCES2;2013;770000149;770110021;GEN;208;588;1;IAO;23061;2439;3093;3636;1343;152;9;11;;614;58;34;;4;1460;1182;383;834;1;1
URGENCES2;2013;770000149;770110021;PED;50;168;1;IAO;13727;;;;;;;;;;;;1359;2;730;438;430;9;;
URGENCES2;2013;770000156;770110054;GEN;428;588;1;IAO;42212;4360;5727;9504;2882;246;;360;;;;;;12;4380;6666;2521;4408;1;1
URGENCES2;2013;770000156;770110054;PED;168;672;1;IAO;14871;;;;;;;;;;;;2412;2;730;602;490;124;;
URGENCES2;2013;770000164;770110062;GEN;;;1;IAO;36876;;;4304;;;;5;;269;;;;4;1460;1154;739;422;;
URGENCES2;2013;770000172;770110070;GEN;208;336;0;;23002;2235;3695;4939;1387;139;3;125;0;279;39;14;;5;1825;2215;1337;891;1;0
URGENCES2;2013;770000172;770110070;PED;168;21;0;;8196;;;;;;;;;;;;1063;1;59;7;6;1;;
URGENCES2;2013;770000214;770130052;GEN;168;336;0;;17577;1118;3280;2183;828;24;14;488;32;;;;;3;1095;835;159;798;0;0
URGENCES2;2013;770000446;770700185;GEN;480;781;1;IAO;50842;3649;8834;9797;1879;2755;12;571;12;;;;;10;3650;1667;135;2107;1;0
URGENCES2;2013;770000446;770700185;PED;132;208;1;IAO;12650;;;;;;;;;;;;;2;730;262;194;68;;
URGENCES2;2013;770019032;770170017;GEN;861;1092;1;IAO;59688;3254;7932;6593;1670;222;61;1060;28;861;118;112;;12;3967;2839;1157;1779;1;1
URGENCES2;2013;770019032;770170017;PED;168;168;1;IAO;12198;;;;;;;;;;;;1521;;;0;0;0;;
URGENCES2;2013;770300135;770000289;GEN;252;227;0;;19428;940;5667;840;;;;;;;;;;3;;162;150;12;1;1
URGENCES2;2013;770790707;770000719;GEN;228;420;0;;13954;471;3982;1487;;;;;;;;;;5;1825;389;131;282;1;0
URGENCES2;2013;780000287;780110011;GEN;476;926;1;IAO;43748;2800;4245;7549;1933;119;24;388;2;180;21;2;;8;2920;2653;851;2074;1;1
URGENCES2;2013;780000287;780110011;PED;;;0;;18388;;;;;;;;;;;;2175;;;0;0;0;;
URGENCES2;2013;780000295;780002697;GEN;40;35;1;IAO;27319;1699;3485;1024;200;20;3;6;0;138;16;20;;9;3285;1965;380;1812;1;1
URGENCES2;2013;780000311;780001236;GEN;802;980;1;IAO;45673;;;15059;;;;;;;;;;9;3285;4687;1252;4317;0;1
URGENCES2;2013;780000311;780001236;PED;506;504;1;IAO;22318;;;;;;;;;;;;3317;6;2190;1508;463;1100;;
URGENCES2;2013;780000329;780110052;GEN;426;1347;1;IAO;27837;2772;4680;7076;1860;223;;;;427;90;9;;11;4015;5188;2122;3661;1;1
URGENCES2;2013;780000329;780110052;PED;168;84;1;IAO;8916;;;;;;;;;;;;1063;0;0;0;0;0;;
URGENCES2;2013;780000436;780150041;GEN;470;480;1;IAO;16196;1613;3627;1413;;;;;;154;;;;2;730;495;310;195;0;1
URGENCES2;2013;780300323;780003679;GEN;168;336;1;IAO;24184;1829;5399;1428;;;;;;158;;;;4;1460;725;344;408;1;0
URGENCES2;2013;780300406;780018032;GEN;175;228;1;IAO;15689;1898;3699;1257;;;;;;109;;;;4;1460;201;47;163;1;0
URGENCES2;2013;780300414;780000675;GEN;168;336;1;IAO;13398;2409;3690;2619;282;71;;;;;;;;4;4;1384;1172;212;1;1
URGENCES2;2013;780300422;780002259;GEN;357;660;1;IAO;50879;;;5373;581;323;;;;;;;;8;;2044;1043;1109;1;
URGENCES2;2013;780300455;780000717;GEN;168;168;0;;19905;994;4531;2477;;;;;;101;;;;4;1460;275;275;0;1;0
URGENCES2;2013;780800256;780110078;GEN;;240;1;MAO;70704;7027;23687;14064;2623;2714;42;1383;50;3842;2022;438;;13;4745;11571;5413;6746;0;1
URGENCES2;2013;780800256;780110078;PED;;;0;;;;;;;;;;;;;;;4;1460;1199;300;1015;;
URGENCES2;2013;790000087;790000012;GEN;342;1328;1;IAO;39907;6618;4281;10849;3475;1968;115;1293;40;618;254;65;;12;4380;6867;1821;6123;1;1
URGENCES2;2013;790000087;790000012;PED;63;168;0;;10308;;;;;;;;;;;;550;2;730;534;457;77;;
URGENCES2;2013;790000095;790006654;GEN;168;282;1;IAO;15737;1668;4189;2764;949;141;0;46;1;473;8;155;;4;1460;936;170;961;1;1
URGENCES2;2013;790000103;790006654;GEN;168;168;1;IAO;12789;1474;3394;2166;925;47;11;18;0;502;71;156;;4;1460;1047;179;1070;1;1
URGENCES2;2013;790003537;790006654;GEN;168;225;1;IAO;13937;2075;3103;2993;1249;64;6;243;4;226;26;52;;4;1460;1004;235;942;1;1
URGENCES2;2013;790009948;790001242;GEN;168;322;1;MAO;15940;;;1951;;;;;;;;;;4;1460;274;74;235;1;1
URGENCES2;2013;800000143;800000028;GEN;268;819;1;IAO;32018;5271;5048;10097;3611;291;;443;;232;;;;8;2928;2684;597;2244;1;0
URGENCES2;2013;800000192;800000044;GEN;430;896;1;IAO;51525;4186;2645;13522;2306;214;;;;;;;;5;1825;3283;1015;2353;;
URGENCES2;2013;800000192;800000044;PED;135;556;1;IAO;22363;;;;;;;;;;;;3851;1;365;156;128;29;;
URGENCES2;2013;800000226;800000069;GEN;234;336;0;;12520;1758;3163;1916;705;16;8;10;0;;;;;4;1460;889;332;588;1;0
URGENCES2;2013;800000390;800000085;GEN;;;0;;14229;676;2578;2520;77;2;;;;693;;;;3;897;900;232;712;0;0
URGENCES2;2013;800000432;800000093;GEN;168;175;0;;13962;1735;2831;2223;812;52;102;169;0;451;118;0;;;;0;0;0;0;0
URGENCES2;2013;800006124;800000044;GEN;67;354;1;IAO;12978;3834;108;6571;2740;22;;;;;;;;0;;54;50;4;0;1
URGENCES2;2013;800015729;800015679;GEN;240;439;1;IAO;29039;;;2697;;;;;;3817;;;;6;2190;1588;840;769;;0
URGENCES2;2013;810000224;810000471;GEN;35;35;0;;14355;1935;3455;3889;524;936;;;;;;;;5;1825;777;348;431;1;1
URGENCES2;2013;810000505;810000331;GEN;336;771;1;IAO;30720;4444;8289;5841;2243;855;;;;650;126;45;;8;2920;6367;5049;1327;;
URGENCES2;2013;810000521;810000380;GEN;446;957;1;IAO;38735;5415;9969;10801;3668;1505;14;313;4;497;42;22;;6;2178;2390;721;1740;1;1
URGENCES2;2013;810000562;810000455;GEN;168;168;0;;17630;1926;5333;2215;974;78;;118;;476;86;106;;4;1460;1220;466;806;0;0
URGENCES2;2013;810101444;810000992;GEN;182;252;1;IAO;14264;2663;2232;14264;2663;2232;;;;;;;;5;1825;449;142;309;1;1
URGENCES2;2013;820000032;820000016;GEN;252;504;1;IAO;31383;3101;8980;8753;2187;1511;56;803;42;0;0;0;;9;3285;2989;1117;2039;1;1
URGENCES2;2013;820000057;820000131;GEN;168;406;1;IAO;16988;2220;3101;4387;1294;175;;;;1702;43;69;;6;2190;1362;279;1185;1;1
URGENCES2;2013;820000883;820004950;GEN;168;403;1;IAO;15245;1844;4035;87;63;0;274;337;0;1618;708;72;;4;1460;1204;363;943;1;1
URGENCES2;2013;830000279;830100517;GEN;324;420;1;IAO;29772;2715;7458;3116;1226;122;12;12;0;1653;202;296;;10;10;2101;788;1345;1;0
URGENCES2;2013;830000287;830100525;GEN;376;637;1;IAO;37579;3600;11029;7980;1730;1211;1;439;4;997;231;97;;12;4380;3010;534;3139;1;1
URGENCES2;2013;830000295;830100533;GEN;410;;1;IAO;34552;4704;8567;9404;2790;1715;0;0;0;560;238;7;;10;10;4626;2348;2308;1;0
URGENCES2;2013;830000311;830100566;GEN;386;779;1;IAO;40448;5043;9170;10016;3087;1295;9;310;0;362;55;101;;4;1460;807;213;604;0;1
URGENCES2;2013;830000311;830100566;PED;54;58;0;;4243;;;;;;;;;;;;1160;1;365;138;138;0;;
URGENCES2;2013;830000337;830100590;GEN;168;336;1;IAO;24141;2382;5833;2873;841;50;0;0;0;830;143;208;;4;1460;2006;909;1107;1;1
URGENCES2;2013;830000345;830100616;GEN;546;1344;1;IAO;50010;6752;5517;10569;3783;376;17;362;6;513;103;24;;12;4380;4659;2161;2680;1;1
URGENCES2;2013;830000345;830100616;PED;386;204;0;;15097;;;;;;;;;;;;2286;4;2040;1629;750;940;;
URGENCES2;2013;830100574;750821092;GEN;420;756;1;IAO;27500;5794;1500;7671;2854;136;;;;712;312;42;;11;;4307;1425;3006;1;1
URGENCES2;2013;830100608;830100616;GEN;238;565;1;IAO;25059;3354;4324;3357;1520;107;1;79;;212;;2;;3;1095;1937;816;1170;1;1
URGENCES2;2013;830200523;830210084;GEN;168;224;0;;16759;844;4344;1212;219;64;;;;243;22;45;;;;0;0;0;1;0
URGENCES2;2013;840000343;840000012;GEN;264;364;1;IAO;11899;1268;2757;2621;1004;84;;8;;137;;;;3;;1415;872;559;1;1
URGENCES2;2013;840000392;840000046;GEN;168;336;1;IAO;24431;;;3254;;;;;;;;;;6;2190;2653;1032;1651;1;0
URGENCES2;2013;840000418;840004659;GEN;300;441;1;IAO;22655;1744;;5164;;;;;;;;;;5;1825;1538;510;1186;1;0
URGENCES2;2013;840000483;840000087;GEN;336;336;1;IAO;26542;3014;5525;5737;;;;2;;;;;;10;3650;2740;760;2732;1;1
URGENCES2;2013;840000491;130041916;GEN;336;280;0;;14060;1316;3471;2214;728;81;13;13;0;66;7;5;;4;1460;1740;977;883;0;0
URGENCES2;2013;840000525;840000111;GEN;;168;0;;8637;1329;2062;1286;;;;1;;545;;;;3;1095;524;291;238;0;0
URGENCES2;2013;840000533;840000129;GEN;;;;;9652;;;;;;;;;;;;;6;2190;921;440;532;0;
URGENCES2;2013;840001861;840006597;GEN;837;756;1;IAO;64458;6018;2517;16001;3725;213;4;9;0;2005;160;67;;2;730;365;334;31;;
URGENCES2;2013;840001861;840006597;PED;354;588;1;IAO;28973;;;;;;;;;;;;5693;4;1460;845;383;472;;
URGENCES2;2013;850000118;850013244;GEN;168;336;1;IAO;15607;799;3792;1925;386;160;;;;;;;;6;2190;859;243;694;1;0
URGENCES2;2013;850000142;850000019;GEN;370;927;1;IAO;44040;4330;14616;12150;2665;3167;7;12;0;591;70;30;;7;2555;848;142;713;1;1
URGENCES2;2013;850000175;850009010;GEN;263;542;1;IAO;24934;3955;4686;6946;2509;220;16;237;2;192;17;44;;3;1095;974;80;1002;1;1
URGENCES2;2013;850000209;850000019;GEN;168;280;0;;13176;2096;2992;2308;1156;95;47;57;0;194;14;6;;4;1460;892;466;440;1;0
URGENCES2;2013;850000225;850000019;GEN;168;205;0;;10261;1228;2685;1534;753;92;2;6;;183;18;19;;2;730;446;36;439;1;0
URGENCES2;2013;850000241;850000084;GEN;336;630;1;IAO;24832;3698;5727;6068;2081;550;;;;;;;;8;2920;3898;495;4720;0;1
URGENCES2;2013;850009630;850000035;GEN;168;317;1;IAO;18470;2586;4433;4175;1399;691;9;220;4;1336;320;120;;4;1460;1678;50;1778;1;0
URGENCES2;2013;860000025;860780063;GEN;336;615;1;IAO;20172;3152;4376;3462;2220;109;0;1;0;679;80;150;;6;2190;3423;760;3269;1;0
URGENCES2;2013;860000033;860780071;GEN;168;168;0;;7549;1975;1159;1193;681;1;0;0;0;214;53;20;;2;730;439;129;347;1;0
URGENCES2;2013;860000058;860780097;GEN;168;168;0;IAO;8616;2140;1593;2641;1433;78;11;11;;262;53;55;;;;0;0;0;1;1
URGENCES2;2013;860000223;860013077;GEN;466;1150;1;IAO;44440;7396;1830;20092;5734;364;16;27;0;0;0;0;;;;0;0;0;0;1
URGENCES2;2013;860000223;860013077;PED;218;441;1;IAO;17685;;;;;;;;;;;;3158;;;0;0;0;;
URGENCES2;2013;860010321;860010313;GEN;168;381;1;IAO;14735;1604;2615;2786;711;159;;;;;;;;4;1460;132;35;107;0;0
URGENCES2;2013;870000064;870000015;GEN;417;1109;1;IAO;41275;7279;1077;13962;4312;144;286;372;0;1403;360;3;;11;4015;4243;630;4634;1;1
URGENCES2;2013;870000098;870000023;GEN;84;306;1;IAO;13326;2220;2760;3697;1535;111;36;42;;378;;;;3;1095;1309;378;1012;1;0
URGENCES2;2013;870000270;870000031;GEN;168;168;0;;8224;2395;1266;2245;;;;3;;371;;;;2;730;450;78;418;1;0
URGENCES2;2013;870000288;870017415;GEN;240;595;1;IAO;26520;1650;2861;4576;1092;75;;;;378;;;;3;1095;348;48;321;1;1
URGENCES2;2013;870014859;870000015;PED;245;490;1;IAO;23118;;;;;;;;;;;;3360;4;1460;1309;520;802;;
URGENCES2;2013;880000021;880007059;GEN;504;504;1;IAO;32040;3710;10518;6722;2228;1217;;;;1360;;;;6;2190;4475;778;4451;1;1
URGENCES2;2013;880000047;880780077;GEN;336;590;1;IAO;22511;4323;4309;6648;2685;2820;;6;;642;;;;6;2190;1684;652;1081;1;0
URGENCES2;2013;880000054;880007299;GEN;252;416;0;;16023;2271;3679;5460;1583;699;0;0;0;285;26;33;;2;730;831;497;383;1;1
URGENCES2;2013;880000062;880780093;GEN;406;574;1;IAO;23143;2537;6500;6032;1585;1318;;;;753;140;39;;4;1460;1110;337;929;1;0
URGENCES2;2013;880000070;880007299;GEN;168;252;0;;8648;937;1937;1637;543;16;3;6;0;486;69;114;;2;730;623;396;230;1;0
URGENCES2;2013;890002389;890000730;GEN;168;168;0;;12258;;;960;;;;2;;;;;;4;1460;524;0;0;;
URGENCES2;2013;890975527;890000037;GEN;830;728;1;IAO;35893;;;9865;;;;1;;464;;;;11;3828;3529;1480;3471;0;0
URGENCES2;2013;890975527;890000037;PED;168;205;1;IAO;11629;;;;;;;;;;;;1503;0;0;0;0;0;;
URGENCES2;2013;890975535;890000409;GEN;168;221;0;;10352;1568;;875;;;;;;587;;;;2;730;709;435;323;1;0
URGENCES2;2013;890975543;890000417;GEN;168;336;0;;16858;1920;3969;2595;1111;28;;;;668;110;118;;3;1095;1151;483;694;1;1
URGENCES2;2013;890975550;890970569;GEN;469;498;1;IAO;31991;3493;3937;5988;1897;40;9;10;0;4;2;0;;5;1825;1588;651;1012;1;0
URGENCES2;2013;890975550;890970569;PED;168;168;0;;10137;;;;;;;;;;;;906;0;0;0;0;0;;
URGENCES2;2013;890975568;890000433;GEN;;;0;;9956;1245;2115;1227;;;;;;484;;;;2;730;383;123;367;1;1
URGENCES2;2013;900000167;900000365;GEN;380;965;1;IAO;36821;4296;5507;8680;;;;;;;;;;9;3285;2415;403;2360;;1
URGENCES2;2013;910000272;910110014;GEN;436;287;1;IAO;20954;2012;3922;3977;1113;175;5;5;0;375;141;8;;4;1460;2074;1636;443;0;1
URGENCES2;2013;910000272;910110014;PED;168;168;1;IAO;5098;;;;;;;;;;;;1105;;;0;0;0;;
URGENCES2;2013;910000280;910019447;GEN;;424;;;21742;;;3226;;;;;;142;;;;4;1460;1177;211;1029;1;1
URGENCES2;2013;910000298;910110055;GEN;364;924;;;33296;3710;1468;7620;2164;181;10;21;;3700;;;;10;3650;3378;596;3187;;
URGENCES2;2013;910000298;910110055;PED;;406;;;23637;;;;;;;;;;;;1451;4;;126;35;105;;
URGENCES2;2013;910000306;910110063;GEN;270;830;1;IAO;25131;;1159;3044;;;;503;;793;;;;8;2920;2288;431;2120;0;0
URGENCES2;2013;910000306;910110063;PED;174;279;0;;16500;;;;;;;;;;;;1570;3;1095;101;46;72;;
URGENCES2;2013;910001973;910019447;GEN;399;588;;;24845;;;4058;;;;;;258;;;;5;1825;1733;429;1433;1;1
URGENCES2;2013;910018423;910019454;GEN;218;420;1;IAO;26647;1846;5510;1517;936;29;9;9;0;1038;78;165;;2;730;748;366;394;1;1
URGENCES2;2013;910020254;910002773;GEN;;;1;IAO;64546;4460;8402;;;;;;;;;;;19;6916;6272;928;7630;0;1
URGENCES2;2013;910020254;910002773;PED;;;;;23704;;;;;;;;;;;;2699;6;1878;1520;454;1155;;
URGENCES2;2013;910300144;910000447;GEN;168;203;1;IAO;16935;1015;2708;;;;;;;;;;;5;1810;942;766;188;1;1
URGENCES2;2013;910300219;910003888;GEN;3912;504;1;IAO;27177;1782;;3032;;;;;;;;;;6;2190;1308;546;820;0;1
URGENCES2;2013;910300300;910000538;GEN;;35;1;IAO;10612;;;;;;;;;;;;;2;365;146;45;102;1;0
URGENCES2;2013;910803543;910017615;GEN;238;532;0;;27901;2645;7955;2972;;;;;;;;;;5;1825;1284;834;484;0;1
URGENCES2;2013;920000577;920110020;GEN;;;;;37874;;;4706;;;;322;;;;;;4;1460;1182;262;1083;;
URGENCES2;2013;920000585;920026374;GEN;;578;1;IAO;26523;1889;0;5387;1845;0;0;0;0;721;140;0;;5;1825;2367;551;2085;1;1
URGENCES2;2013;920000585;920026374;PED;;168;1;IAO;12802;;;;;;;;;;;;1015;0;0;0;0;0;;
URGENCES2;2013;920000619;920009909;GEN;7;;0;;13948;1464;1789;1479;633;40;;;;253;;;;6;;714;106;736;0;0
URGENCES2;2013;920000627;920009909;GEN;;;0;;11579;820;1336;1064;367;14;;;;182;;;;2;;207;53;156;;
URGENCES2;2013;920000643;920150034;GEN;;;1;IAO;40432;2806;6244;6247;1461;46;0;0;0;288;34;0;;7;2555;1875;186;2354;;
URGENCES2;2013;920000643;920150034;PED;;;1;IAO;15411;;;;;;;;;;;;2446;;;0;0;0;;
URGENCES2;2013;920000650;920150059;GEN;498;1099;1;IAO;47098;4381;3668;9470;2748;82;9;28;2;540;122;51;;5;1825;6404;1291;5974;1;1
URGENCES2;2013;920100013;750712184;GEN;;924;1;IAO;34591;5172;;5389;;;;;;2494;;;;18;6570;4907;782;4441;1;1
URGENCES2;2013;920100013;750712184;PED;;354;1;IAO;19815;;;;;;;;;;;;380;4;1460;2267;1570;700;;
URGENCES2;2013;920100021;750712184;GEN;377;756;1;IAO;31010;4352;2071;7030;2904;127;0;1;0;951;94;25;;11;4015;5017;2350;2870;1;1
URGENCES2;2013;920100021;750712184;PED;397;357;1;IAO;22131;;;;;;;;;;;;2677;6;;408;291;124;;
URGENCES2;2013;920100039;750712184;GEN;;;1;IAO;28676;2550;1119;4881;1228;37;0;0;0;1187;228;60;;10;3650;3805;1321;2962;1;1
URGENCES2;2013;920100047;750712184;GEN;737;1965;1;IAO;25734;1833;1199;1370;243;46;5;240;8;716;85;23;;10;3650;2394;612;2641;;
URGENCES2;2013;920100047;750712184;PED;1092;490;1;IAO;29521;;;;;;;;;;;;3715;9;3285;3117;1647;1488;;
URGENCES2;2013;920120011;750821092;GEN;357;403;1;IAO;19167;2593;751;1906;482;28;3;152;0;;;;;5;1825;1675;328;1491;1;1
URGENCES2;2013;920300043;920001526;GEN;420;840;1;IAO;54709;5342;13365;4355;1387;134;;;;;;;;11;4015;3308;1585;1839;1;1
URGENCES2;2013;920300597;920000940;GEN;168;168;1;IAO;11207;640;2644;714;234;35;;;;19;4;4;;3;1095;0;0;0;1;1
URGENCES2;2013;930000286;930021480;GEN;448;980;1;IAO;37467;3935;17155;7025;2361;1709;0;0;0;694;88;108;;10;3650;854;172;748;1;0
URGENCES2;2013;930000286;930021480;PED;91;105;1;IAO;11484;;;;;;;;;;;;1530;0;;0;0;0;;
URGENCES2;2013;930000302;930110036;GEN;440;840;1;IAO;43398;3523;6141;4950;1664;73;;;;2234;707;63;;7;2555;2326;257;2488;0;1
URGENCES2;2013;930000302;930110036;PED;176;168;1;IAO;16080;;;;;;;;;;;;1068;3;1095;78;33;46;;
URGENCES2;2013;930000328;930110051;GEN;40;;1;IAO;48158;2367;1823;5899;1315;177;5;12;0;1150;290;3;;8;2920;156;87;71;1;0
URGENCES2;2013;930000328;930110051;PED;40;;1;IAO;28263;;;;;;;;;;;;3866;4;1460;922;481;445;;
URGENCES2;2013;930000336;930110069;GEN;484;1008;1;IAO;64056;2868;25333;11154;1721;3178;2;336;7;457;50;57;;11;;3626;726;4219;1;1
URGENCES2;2013;930000336;930110069;PED;48;48;1;IAO;23218;;;;;;;;;;;;332;;;0;0;0;;
URGENCES2;2013;930100037;750712184;GEN;588;642;1;IAO;39519;5256;248;7505;4715;222;;;;1548;540;26;;12;4380;3385;605;3642;;
URGENCES2;2013;930100045;750712184;GEN;684;672;1;IAO;28367;1731;;2819;275;;;;;903;395;;;10;3650;2135;441;2626;0;1
URGENCES2;2013;930100045;750712184;PED;193;957;1;IAO;29402;;;;;;;;;;;;2208;6;2190;1182;290;1046;;
URGENCES2;2013;930300025;930000393;GEN;504;672;1;IAO;34591;496;4571;71;49;0;;;;;;;;5;;241;104;138;1;1
URGENCES2;2013;930300066;930000401;GEN;266;336;1;IAO;20379;1981;2181;2212;;;;;;209;;;;4;1460;278;172;108;1;1
URGENCES2;2013;930300082;930000419;GEN;224;252;1;IAO;18330;1195;4155;2545;445;77;;;;213;17;54;;;;0;0;0;1;1
URGENCES2;2013;930300116;930000427;GEN;252;252;1;IAO;23364;;;2045;;;;;;;;;;3;1095;41;12;31;;
URGENCES2;2013;930300553;930000633;GEN;245;220;1;IAO;31522;978;8685;2275;71;108;;;;;;;;7;2555;564;312;290;1;1
URGENCES2;2013;930300595;930000658;GEN;240;340;1;IAO;27038;1080;5948;2635;;;;;;;;;;4;392;365;113;269;0;0
URGENCES2;2013;940000573;940110018;GEN;340;360;1;IAO;54351;3479;36666;6316;1588;4251;;;;;;;;;;0;0;0;1;1
URGENCES2;2013;940000573;940110018;PED;272;324;1;IAO;35594;;;;;;;;;;;;5362;;;0;0;0;;
URGENCES2;2013;940000599;940110042;GEN;850;1092;1;IAO;55919;3755;10947;8365;2244;1005;0;53;1;619;146;17;;13;459;3876;495;4780;1;1
URGENCES2;2013;940000599;940110042;PED;168;346;1;IAO;15929;;;;;;;;;;;;2333;0;0;9;8;1;;
URGENCES2;2013;940000649;940150014;GEN;543;1023;1;IAO;39293;4312;1646;9782;2849;248;;;;;;;;12;4380;7515;1474;6595;0;1
URGENCES2;2013;940000649;940150014;PED;351;551;1;IAO;28571;;;;;;;;;;;;3264;6;2190;1478;618;864;;
URGENCES2;2013;940100027;750712184;GEN;672;3360;1;IAO;46051;5423;875;11715;3197;77;65;413;0;1306;362;24;;16;5840;7577;1513;6663;1;1
URGENCES2;2013;940100043;750712184;GEN;704;1242;1;IAO;48341;4862;2051;7078;1731;164;0;0;0;2540;903;38;;21;7665;6318;922;8123;1;1
URGENCES2;2013;940100043;750712184;PED;704;846;1;IAO;34074;;;;;;;;;;;;3238;6;2190;2018;552;1566;;
URGENCES2;2013;940120017;750821092;GEN;41;41;1;IAO;22088;3202;474;7581;2302;126;;;;;;;;6;2190;4302;2768;1623;1;1
URGENCES2;2013;940300031;940000706;GEN;168;168;0;;11127;;;1283;;;;;;60;;;;4;1460;353;280;73;1;0
URGENCES2;2013;940300270;940000771;GEN;168;168;1;IAO;17479;;;;;;;0;;;;;;4;1460;1072;502;728;;1
URGENCES2;2013;940300445;940000854;GEN;168;252;1;IAO;11115;850;2140;3;;;;;;;;;;3;1500;3;0;3;;
URGENCES2;2013;940300569;940000912;GEN;231;385;0;;26501;440;8102;1229;30;370;;;;;;;;4;1460;1306;1165;142;1;0
URGENCES2;2013;950000307;950110015;GEN;;1543;1;IAO;61732;;;;;;;;;;;;;16;5840;6087;1428;6190;;
URGENCES2;2013;950000307;950110015;PED;;1543;1;IAO;18042;;;;;;;;;;;;1777;0;0;0;0;0;;
URGENCES2;2013;950000315;950001370;GEN;383;560;1;IAO;31374;2185;11623;5185;1160;1267;3;348;3;520;;;;6;2190;1903;705;1254;0;0
URGENCES2;2013;950000315;950001370;PED;;;;;;;;;;;;;;;;;;;;123;32;97;;
URGENCES2;2013;950000323;950013870;GEN;742;1092;1;IAO;49549;9190;5333;8235;;;;835;;970;;;;22;8030;4610;539;6284;1;1
URGENCES2;2013;950000331;950110049;GEN;48;;1;IAO;48476;4649;8471;8243;;;;736;;268;;;;10;3630;1296;285;1068;1;0
URGENCES2;2013;950000331;950110049;PED;48;;1;IAO;24343;;;;;;;;;;;;3812;4;1460;1128;649;484;;
URGENCES2;2013;950000349;950015289;GEN;168;168;0;;10431;422;3792;899;138;1;1;2;0;204;17;57;;2;730;485;310;191;1;0
URGENCES2;2013;950000356;950013870;PED;168;336;1;IAO;17505;;;;;;;;;;;;2036;;;0;0;0;;
URGENCES2;2013;950000364;950110080;GEN;726;952;1;IAO;59156;4246;10161;9605;2267;461;3;92;1;387;130;17;;19;;5258;1616;5425;0;
URGENCES2;2013;950000364;950110080;PED;168;168;1;IAO;22972;;;;;;;;;;;;3408;5;1825;1414;539;942;;
URGENCES2;2013;950300244;950000539;GEN;230;404;;;31172;1659;6761;2639;;;;;;120;;;;4;;723;317;414;1;1
URGENCES2;2013;950300277;950000547;GEN;222;268;1;IAO;24780;;;542;;;;0;;167;;;;8;2920;891;534;417;1;0
URGENCES2;2013;950807982;950001636;GEN;504;252;0;;19600;674;5162;1270;194;101;;;;;;;;4;;36;21;15;1;1
URGENCES2;2013;970100392;970100178;GEN;238;2203;1;IAO;24790;2700;6000;5466;1500;800;;;;271;15;10;;8;2920;2509;218;3096;1;0
URGENCES2;2013;970100400;970100186;GEN;48;39;1;IAO;18472;280;5223;3429;132;335;;;;0;;;;2;2;651;133;923;0;0
URGENCES2;2013;970100426;970100202;GEN;672;672;1;IAO;5055;458;84;1103;370;84;88;154;0;355;79;18;;2;649;844;603;253;1;0
URGENCES2;2013;970100442;970100228;GEN;672;1008;1;IAO;70094;;;15952;;;;;;;;;;12;4380;2091;272;3273;0;0
URGENCES2;2013;970100442;970100228;PED;168;;1;IAO;19114;;;;;;;;;;;;3126;2;566;778;298;498;;
URGENCES2;2013;970107249;970100731;GEN;252;252;;;24621;2307;4370;2640;1675;965;;;;;;;;7;2555;2540;1883;680;1;0
URGENCES2;2013;970211215;970211207;GEN;14;68;1;IAO;45480;;;14145;;;;;;;;;;19;6935;3178;483;3854;;
URGENCES2;2013;970211223;970211207;GEN;280;658;1;IAO;25016;;;3222;;;;;;;;;;5;1825;430;43;515;0;1
URGENCES2;2013;970211223;970211207;PED;;;1;IAO;6747;;;;;;;;;;;;877;2;730;69;56;14;;
URGENCES2;2013;970211231;970211207;GEN;;;1;IAO;2079;;;459;;;;;;;;;;10;900;240;17;584;;
URGENCES2;2013;970211256;970211207;PED;;;1;IAO;25220;;;;;;;;;;;;2362;3;1095;1364;1024;370;;
URGENCES2;2013;970300026;970302022;GEN;665;1134;1;IAO;51936;1518;14952;6921;382;;;;;77;330;;;12;4380;1807;126;4100;1;1
URGENCES2;2013;970300026;970302022;PED;25;340;1;IAO;14952;;;;;;;;;;;;;;;0;0;0;;
URGENCES2;2013;970300083;970302121;GEN;275;594;1;IAO;22189;597;8355;4534;84;1068;;;;137;;;;;;0;0;0;1;0
URGENCES2;2013;970300265;750721334;GEN;301;508;1;IAO;19368;204;7413;;;;;;;;;;;5;1825;1146;336;928;0;0
URGENCES2;2013;970400024;970408589;GEN;410;714;1;IAO;33433;2440;3864;10660;1683;301;;1;;390;11;13;;14;5110;6735;2527;4460;1;1
URGENCES2;2013;970400024;970408589;PED;189;240;1;IAO;9925;;;;;;;;;;;;2403;6;1937;1636;463;1332;;
URGENCES2;2013;970400057;970408589;GEN;480;1008;1;IAO;44477;3838;5147;14775;2319;457;6;1248;21;;;;;19;6935;5850;1480;4900;1;1
URGENCES2;2013;970400057;970408589;PED;168;259;0;;13330;;;;;;;;;;;;3404;4;;1250;354;929;;
URGENCES2;2013;970400065;970421038;GEN;450;533;1;IAO;26933;;;7560;;;;;;;;;;6;2190;2534;465;2160;1;1
URGENCES2;2013;970400065;970421038;PED;;208;1;IAO;13678;;;;;;;;;;;;2101;;;0;0;0;;
URGENCES2;2013;970400073;970403606;GEN;504;420;1;IAO;24490;2204;3673;5546;;;;0;;807;;;;6;2190;2302;425;2214;1;1
URGENCES2;2013;980500011;980500003;GEN;;;1;IAO;44465;527;20276;5583;;;;;;;;;;16;5840;3370;149;5853;0;1
